t_lo,t_hi,delta,pair_Q_lowerbound,threshold_L2d2_over_8,certified_margin
1737.0,1737.15625,0.15625,2.503910e+00,4.238859e-02,2.461522e+00
1737.15625,1737.3125,0.15625,2.503910e+00,4.238859e-02,2.461522e+00
1737.3125,1737.46875,0.15625,2.519251e+00,4.238859e-02,2.476862e+00
1737.46875,1737.625,0.15625,2.620138e+00,4.238859e-02,2.577750e+00
1737.625,1737.78125,0.15625,2.778839e+00,4.238859e-02,2.736451e+00
1737.78125,1737.9375,0.15625,2.962330e+00,4.238859e-02,2.919941e+00
1737.9375,1738.09375,0.15625,3.138020e+00,4.238859e-02,3.095631e+00
1738.09375,1738.25,0.15625,3.278547e+00,4.238859e-02,3.236158e+00
1738.25,1738.40625,0.15625,3.364906e+00,4.238859e-02,3.322518e+00
1738.40625,1738.5625,0.15625,3.347981e+00,4.238859e-02,3.305592e+00
1738.5625,1738.71875,0.15625,3.254789e+00,4.238859e-02,3.212401e+00
1738.71875,1738.875,0.15625,3.124947e+00,4.238859e-02,3.082559e+00
1738.875,1739.03125,0.15625,2.979447e+00,4.238859e-02,2.937058e+00
1739.03125,1739.1875,0.15625,2.839662e+00,4.238859e-02,2.797274e+00
1739.1875,1739.34375,0.15625,2.722779e+00,4.238859e-02,2.680390e+00
1739.34375,1739.5,0.15625,2.637730e+00,4.238859e-02,2.595341e+00
1739.5,1739.65625,0.15625,2.583144e+00,4.238859e-02,2.540755e+00
1739.65625,1739.8125,0.15625,2.548434e+00,4.238859e-02,2.506045e+00
1739.8125,1739.96875,0.15625,2.518134e+00,4.238859e-02,2.475746e+00
1739.96875,1740.125,0.15625,2.478295e+00,4.238859e-02,2.435906e+00
1740.125,1740.28125,0.15625,2.422751e+00,4.238859e-02,2.380362e+00
1740.28125,1740.4375,0.15625,2.356945e+00,4.238859e-02,2.314556e+00
1740.4375,1740.59375,0.15625,2.297757e+00,4.238859e-02,2.255368e+00
1740.59375,1740.75,0.15625,2.269220e+00,4.238859e-02,2.226831e+00
1740.75,1740.90625,0.15625,2.269220e+00,4.238859e-02,2.226831e+00
1740.90625,1741.0625,0.15625,2.295478e+00,4.238859e-02,2.253089e+00
1741.0625,1741.21875,0.15625,2.393294e+00,4.238859e-02,2.350905e+00
1741.21875,1741.375,0.15625,2.566494e+00,4.238859e-02,2.524105e+00
1741.375,1741.53125,0.15625,2.804006e+00,4.238859e-02,2.761617e+00
1741.53125,1741.6875,0.15625,3.081908e+00,4.238859e-02,3.039519e+00
1741.6875,1741.84375,0.15625,3.368662e+00,4.238859e-02,3.326274e+00
1741.84375,1742.0,0.15625,3.631868e+00,4.238859e-02,3.589479e+00
1742.0,1742.15625,0.15625,3.844607e+00,4.238859e-02,3.802218e+00
1742.15625,1742.3125,0.15625,3.989813e+00,4.238859e-02,3.947424e+00
1742.3125,1742.46875,0.15625,4.061804e+00,4.238859e-02,4.019415e+00
1742.46875,1742.625,0.15625,4.010702e+00,4.238859e-02,3.968313e+00
1742.625,1742.78125,0.15625,3.912964e+00,4.238859e-02,3.870575e+00
1742.78125,1742.9375,0.15625,3.785353e+00,4.238859e-02,3.742964e+00
1742.9375,1743.09375,0.15625,3.639120e+00,4.238859e-02,3.596732e+00
1743.09375,1743.25,0.15625,3.483269e+00,4.238859e-02,3.440880e+00
1743.25,1743.40625,0.15625,3.325812e+00,4.238859e-02,3.283424e+00
1743.40625,1743.5625,0.15625,3.175083e+00,4.238859e-02,3.132694e+00
1743.5625,1743.71875,0.15625,3.039959e+00,4.238859e-02,2.997571e+00
1743.71875,1743.875,0.15625,2.928572e+00,4.238859e-02,2.886183e+00
1743.875,1744.03125,0.15625,2.846032e+00,4.238859e-02,2.803643e+00
1744.03125,1744.1875,0.15625,2.792508e+00,4.238859e-02,2.750120e+00
1744.1875,1744.34375,0.15625,2.763067e+00,4.238859e-02,2.720678e+00
1744.34375,1744.5,0.15625,2.749932e+00,4.238859e-02,2.707544e+00
1744.5,1744.65625,0.15625,2.746583e+00,4.238859e-02,2.704194e+00
1744.65625,1744.8125,0.15625,2.746583e+00,4.238859e-02,2.704194e+00
1744.8125,1744.96875,0.15625,2.751945e+00,4.238859e-02,2.709557e+00
1744.96875,1745.125,0.15625,2.772607e+00,4.238859e-02,2.730218e+00
1745.125,1745.28125,0.15625,2.821584e+00,4.238859e-02,2.779196e+00
1745.28125,1745.4375,0.15625,2.913612e+00,4.238859e-02,2.871223e+00
1745.4375,1745.59375,0.15625,3.058471e+00,4.238859e-02,3.016082e+00
1745.59375,1745.75,0.15625,3.254895e+00,4.238859e-02,3.212506e+00
1745.75,1745.90625,0.15625,3.487565e+00,4.238859e-02,3.445176e+00
1745.90625,1746.0625,0.15625,3.728691e+00,4.238859e-02,3.686303e+00
1746.0625,1746.21875,0.15625,3.944030e+00,4.238859e-02,3.901642e+00
1746.21875,1746.375,0.15625,4.101579e+00,4.238859e-02,4.059190e+00
1746.375,1746.53125,0.15625,4.175363e+00,4.238859e-02,4.132974e+00
1746.53125,1746.6875,0.15625,4.100302e+00,4.238859e-02,4.057914e+00
1746.6875,1746.84375,0.15625,3.982032e+00,4.238859e-02,3.939644e+00
1746.84375,1747.0,0.15625,3.853734e+00,4.238859e-02,3.811345e+00
1747.0,1747.15625,0.15625,3.745754e+00,4.238859e-02,3.703365e+00
1747.15625,1747.3125,0.15625,3.677907e+00,4.238859e-02,3.635518e+00
1747.3125,1747.46875,0.15625,3.655089e+00,4.238859e-02,3.612701e+00
1747.46875,1747.625,0.15625,3.655089e+00,4.238859e-02,3.612701e+00
1747.625,1747.78125,0.15625,3.667041e+00,4.238859e-02,3.624653e+00
1747.78125,1747.9375,0.15625,3.691771e+00,4.238859e-02,3.649382e+00
1747.9375,1748.09375,0.15625,3.667907e+00,4.238859e-02,3.625518e+00
1748.09375,1748.25,0.15625,3.569971e+00,4.238859e-02,3.527583e+00
1748.25,1748.40625,0.15625,3.395764e+00,4.238859e-02,3.353376e+00
1748.40625,1748.5625,0.15625,3.145659e+00,4.238859e-02,3.103270e+00
1748.5625,1748.71875,0.15625,2.832273e+00,4.238859e-02,2.789884e+00
1748.71875,1748.875,0.15625,2.478868e+00,4.238859e-02,2.436480e+00
1748.875,1749.03125,0.15625,2.116287e+00,4.238859e-02,2.073898e+00
1749.03125,1749.1875,0.15625,1.778883e+00,4.238859e-02,1.736495e+00
1749.1875,1749.34375,0.15625,1.500054e+00,4.238859e-02,1.457666e+00
1749.34375,1749.5,0.15625,1.308022e+00,4.238859e-02,1.265633e+00
1749.5,1749.65625,0.15625,1.222421e+00,4.238859e-02,1.180032e+00
1749.65625,1749.8125,0.15625,1.222421e+00,4.238859e-02,1.180032e+00
1749.8125,1749.96875,0.15625,1.252061e+00,4.238859e-02,1.209673e+00
1749.96875,1750.125,0.15625,1.394039e+00,4.238859e-02,1.351651e+00
1750.125,1750.28125,0.15625,1.634244e+00,4.238859e-02,1.591856e+00
1750.28125,1750.4375,0.15625,1.949236e+00,4.238859e-02,1.906847e+00
1750.4375,1750.59375,0.15625,2.309324e+00,4.238859e-02,2.266936e+00
1750.59375,1750.75,0.15625,2.682502e+00,4.238859e-02,2.640113e+00
1750.75,1750.90625,0.15625,3.038612e+00,4.238859e-02,2.996223e+00
1750.90625,1751.0625,0.15625,3.352996e+00,4.238859e-02,3.310607e+00
1751.0625,1751.21875,0.15625,3.608910e+00,4.238859e-02,3.566521e+00
1751.21875,1751.375,0.15625,3.798308e+00,4.238859e-02,3.755919e+00
1751.375,1751.53125,0.15625,3.921012e+00,4.238859e-02,3.878624e+00
1751.53125,1751.6875,0.15625,3.982704e+00,4.238859e-02,3.940315e+00
1751.6875,1751.84375,0.15625,3.960176e+00,4.238859e-02,3.917787e+00
1751.84375,1752.0,0.15625,3.895638e+00,4.238859e-02,3.853249e+00
1752.0,1752.15625,0.15625,3.807463e+00,4.238859e-02,3.765075e+00
1752.15625,1752.3125,0.15625,3.703797e+00,4.238859e-02,3.661408e+00
1752.3125,1752.46875,0.15625,3.593031e+00,4.238859e-02,3.550642e+00
1752.46875,1752.625,0.15625,3.484299e+00,4.238859e-02,3.441911e+00
1752.625,1752.78125,0.15625,3.387206e+00,4.238859e-02,3.344817e+00
1752.78125,1752.9375,0.15625,3.310761e+00,4.238859e-02,3.268372e+00
1752.9375,1753.09375,0.15625,3.262053e+00,4.238859e-02,3.219665e+00
1753.09375,1753.25,0.15625,3.245413e+00,4.238859e-02,3.203024e+00
1753.25,1753.40625,0.15625,3.245413e+00,4.238859e-02,3.203024e+00
1753.40625,1753.5625,0.15625,3.262597e+00,4.238859e-02,3.220208e+00
1753.5625,1753.71875,0.15625,3.313857e+00,4.238859e-02,3.271468e+00
1753.71875,1753.875,0.15625,3.399016e+00,4.238859e-02,3.356627e+00
1753.875,1754.03125,0.15625,3.517464e+00,4.238859e-02,3.475075e+00
1754.03125,1754.1875,0.15625,3.666422e+00,4.238859e-02,3.624034e+00
1754.1875,1754.34375,0.15625,3.837895e+00,4.238859e-02,3.795506e+00
1754.34375,1754.5,0.15625,4.015761e+00,4.238859e-02,3.973372e+00
1754.5,1754.65625,0.15625,4.174928e+00,4.238859e-02,4.132540e+00
1754.65625,1754.8125,0.15625,4.283916e+00,4.238859e-02,4.241528e+00
1754.8125,1754.96875,0.15625,4.231921e+00,4.238859e-02,4.189532e+00
1754.96875,1755.125,0.15625,4.038167e+00,4.238859e-02,3.995779e+00
1755.125,1755.28125,0.15625,3.740707e+00,4.238859e-02,3.698319e+00
1755.28125,1755.4375,0.15625,3.370099e+00,4.238859e-02,3.327710e+00
1755.4375,1755.59375,0.15625,2.971330e+00,4.238859e-02,2.928941e+00
1755.59375,1755.75,0.15625,2.595262e+00,4.238859e-02,2.552874e+00
1755.75,1755.90625,0.15625,2.288883e+00,4.238859e-02,2.246494e+00
1755.90625,1756.0625,0.15625,2.086765e+00,4.238859e-02,2.044376e+00
1756.0625,1756.21875,0.15625,2.005614e+00,4.238859e-02,1.963226e+00
1756.21875,1756.375,0.15625,2.005614e+00,4.238859e-02,1.963226e+00
1756.375,1756.53125,0.15625,2.042818e+00,4.238859e-02,2.000429e+00
1756.53125,1756.6875,0.15625,2.178875e+00,4.238859e-02,2.136486e+00
1756.6875,1756.84375,0.15625,2.382736e+00,4.238859e-02,2.340347e+00
1756.84375,1757.0,0.15625,2.618523e+00,4.238859e-02,2.576135e+00
1757.0,1757.15625,0.15625,2.851974e+00,4.238859e-02,2.809586e+00
1757.15625,1757.3125,0.15625,3.055290e+00,4.238859e-02,3.012902e+00
1757.3125,1757.46875,0.15625,3.209752e+00,4.238859e-02,3.167364e+00
1757.46875,1757.625,0.15625,3.306236e+00,4.238859e-02,3.263848e+00
1757.625,1757.78125,0.15625,3.330927e+00,4.238859e-02,3.288538e+00
1757.78125,1757.9375,0.15625,3.278613e+00,4.238859e-02,3.236225e+00
1757.9375,1758.09375,0.15625,3.204087e+00,4.238859e-02,3.161698e+00
1758.09375,1758.25,0.15625,3.125989e+00,4.238859e-02,3.083601e+00
1758.25,1758.40625,0.15625,3.062103e+00,4.238859e-02,3.019714e+00
1758.40625,1758.5625,0.15625,3.026155e+00,4.238859e-02,2.983767e+00
1758.5625,1758.71875,0.15625,3.025060e+00,4.238859e-02,2.982671e+00
1758.71875,1758.875,0.15625,3.025060e+00,4.238859e-02,2.982671e+00
1758.875,1759.03125,0.15625,3.057539e+00,4.238859e-02,3.015150e+00
1759.03125,1759.1875,0.15625,3.114672e+00,4.238859e-02,3.072283e+00
1759.1875,1759.34375,0.15625,3.182148e+00,4.238859e-02,3.139759e+00
1759.34375,1759.5,0.15625,3.243372e+00,4.238859e-02,3.200984e+00
1759.5,1759.65625,0.15625,3.282408e+00,4.238859e-02,3.240019e+00
1759.65625,1759.8125,0.15625,3.245791e+00,4.238859e-02,3.203402e+00
1759.8125,1759.96875,0.15625,3.157932e+00,4.238859e-02,3.115543e+00
1759.96875,1760.125,0.15625,3.025882e+00,4.238859e-02,2.983494e+00
1760.125,1760.28125,0.15625,2.860822e+00,4.238859e-02,2.818434e+00
1760.28125,1760.4375,0.15625,2.682180e+00,4.238859e-02,2.639791e+00
1760.4375,1760.59375,0.15625,2.516257e+00,4.238859e-02,2.473868e+00
1760.59375,1760.75,0.15625,2.392577e+00,4.238859e-02,2.350189e+00
1760.75,1760.90625,0.15625,2.338300e+00,4.238859e-02,2.295911e+00
1760.90625,1761.0625,0.15625,2.338300e+00,4.238859e-02,2.295911e+00
1761.0625,1761.21875,0.15625,2.371958e+00,4.238859e-02,2.329569e+00
1761.21875,1761.375,0.15625,2.498299e+00,4.238859e-02,2.455911e+00
1761.375,1761.53125,0.15625,2.705869e+00,4.238859e-02,2.663481e+00
1761.53125,1761.6875,0.15625,2.968231e+00,4.238859e-02,2.925842e+00
1761.6875,1761.84375,0.15625,3.248701e+00,4.238859e-02,3.206313e+00
1761.84375,1762.0,0.15625,3.507523e+00,4.238859e-02,3.465134e+00
1762.0,1762.15625,0.15625,3.709762e+00,4.238859e-02,3.667374e+00
1762.15625,1762.3125,0.15625,3.832135e+00,4.238859e-02,3.789746e+00
1762.3125,1762.46875,0.15625,3.824206e+00,4.238859e-02,3.781817e+00
1762.46875,1762.625,0.15625,3.726016e+00,4.238859e-02,3.683627e+00
1762.625,1762.78125,0.15625,3.603630e+00,4.238859e-02,3.561241e+00
1762.78125,1762.9375,0.15625,3.488959e+00,4.238859e-02,3.446571e+00
1762.9375,1763.09375,0.15625,3.408110e+00,4.238859e-02,3.365721e+00
1763.09375,1763.25,0.15625,3.376693e+00,4.238859e-02,3.334305e+00
1763.25,1763.40625,0.15625,3.376693e+00,4.238859e-02,3.334305e+00
1763.40625,1763.5625,0.15625,3.398212e+00,4.238859e-02,3.355824e+00
1763.5625,1763.71875,0.15625,3.465548e+00,4.238859e-02,3.423159e+00
1763.71875,1763.875,0.15625,3.564620e+00,4.238859e-02,3.522231e+00
1763.875,1764.03125,0.15625,3.678725e+00,4.238859e-02,3.636336e+00
1764.03125,1764.1875,0.15625,3.792104e+00,4.238859e-02,3.749716e+00
1764.1875,1764.34375,0.15625,3.891909e+00,4.238859e-02,3.849520e+00
1764.34375,1764.5,0.15625,3.968520e+00,4.238859e-02,3.926132e+00
1764.5,1764.65625,0.15625,4.014866e+00,4.238859e-02,3.972477e+00
1764.65625,1764.8125,0.15625,3.996907e+00,4.238859e-02,3.954518e+00
1764.8125,1764.96875,0.15625,3.927099e+00,4.238859e-02,3.884710e+00
1764.96875,1765.125,0.15625,3.817903e+00,4.238859e-02,3.775515e+00
1765.125,1765.28125,0.15625,3.675609e+00,4.238859e-02,3.633221e+00
1765.28125,1765.4375,0.15625,3.511334e+00,4.238859e-02,3.468945e+00
1765.4375,1765.59375,0.15625,3.339735e+00,4.238859e-02,3.297347e+00
1765.59375,1765.75,0.15625,3.176098e+00,4.238859e-02,3.133710e+00
1765.75,1765.90625,0.15625,3.032477e+00,4.238859e-02,2.990088e+00
1765.90625,1766.0625,0.15625,2.914215e+00,4.238859e-02,2.871826e+00
1766.0625,1766.21875,0.15625,2.818365e+00,4.238859e-02,2.775976e+00
1766.21875,1766.375,0.15625,2.734989e+00,4.238859e-02,2.692601e+00
1766.375,1766.53125,0.15625,2.651247e+00,4.238859e-02,2.608858e+00
1766.53125,1766.6875,0.15625,2.556925e+00,4.238859e-02,2.514536e+00
1766.6875,1766.84375,0.15625,2.449295e+00,4.238859e-02,2.406907e+00
1766.84375,1767.0,0.15625,2.335230e+00,4.238859e-02,2.292841e+00
1767.0,1767.15625,0.15625,2.229506e+00,4.238859e-02,2.187117e+00
1767.15625,1767.3125,0.15625,2.149731e+00,4.238859e-02,2.107343e+00
1767.3125,1767.46875,0.15625,2.109720e+00,4.238859e-02,2.067332e+00
1767.46875,1767.625,0.15625,2.109720e+00,4.238859e-02,2.067332e+00
1767.625,1767.78125,0.15625,2.113876e+00,4.238859e-02,2.071488e+00
1767.78125,1767.9375,0.15625,2.154844e+00,4.238859e-02,2.112455e+00
1767.9375,1768.09375,0.15625,2.215552e+00,4.238859e-02,2.173163e+00
1768.09375,1768.25,0.15625,2.275152e+00,4.238859e-02,2.232764e+00
1768.25,1768.40625,0.15625,2.316891e+00,4.238859e-02,2.274502e+00
1768.40625,1768.5625,0.15625,2.335175e+00,4.238859e-02,2.292786e+00
1768.5625,1768.71875,0.15625,2.339258e+00,4.238859e-02,2.296869e+00
1768.71875,1768.875,0.15625,2.352021e+00,4.238859e-02,2.309633e+00
1768.875,1769.03125,0.15625,2.403927e+00,4.238859e-02,2.361539e+00
1769.03125,1769.1875,0.15625,2.523815e+00,4.238859e-02,2.481426e+00
1769.1875,1769.34375,0.15625,2.729288e+00,4.238859e-02,2.686899e+00
1769.34375,1769.5,0.15625,3.019694e+00,4.238859e-02,2.977305e+00
1769.5,1769.65625,0.15625,3.373955e+00,4.238859e-02,3.331566e+00
1769.65625,1769.8125,0.15625,3.754096e+00,4.238859e-02,3.711707e+00
1769.8125,1769.96875,0.15625,4.113537e+00,4.238859e-02,4.071148e+00
1769.96875,1770.125,0.15625,4.407709e+00,4.238859e-02,4.365321e+00
1770.125,1770.28125,0.15625,4.603852e+00,4.238859e-02,4.561464e+00
1770.28125,1770.4375,0.15625,4.661880e+00,4.238859e-02,4.619491e+00
1770.4375,1770.59375,0.15625,4.547469e+00,4.238859e-02,4.505080e+00
1770.59375,1770.75,0.15625,4.371989e+00,4.238859e-02,4.329600e+00
1770.75,1770.90625,0.15625,4.164894e+00,4.238859e-02,4.122505e+00
1770.90625,1771.0625,0.15625,3.951480e+00,4.238859e-02,3.909091e+00
1771.0625,1771.21875,0.15625,3.749868e+00,4.238859e-02,3.707480e+00
1771.21875,1771.375,0.15625,3.570262e+00,4.238859e-02,3.527873e+00
1771.375,1771.53125,0.15625,3.415578e+00,4.238859e-02,3.373190e+00
1771.53125,1771.6875,0.15625,3.282679e+00,4.238859e-02,3.240290e+00
1771.6875,1771.84375,0.15625,3.163969e+00,4.238859e-02,3.121581e+00
1771.84375,1772.0,0.15625,3.049651e+00,4.238859e-02,3.007262e+00
1772.0,1772.15625,0.15625,2.930832e+00,4.238859e-02,2.888444e+00
1772.15625,1772.3125,0.15625,2.803170e+00,4.238859e-02,2.760782e+00
1772.3125,1772.46875,0.15625,2.669991e+00,4.238859e-02,2.627603e+00
1772.46875,1772.625,0.15625,2.543527e+00,4.238859e-02,2.501139e+00
1772.625,1772.78125,0.15625,2.443329e+00,4.238859e-02,2.400940e+00
1772.78125,1772.9375,0.15625,2.391894e+00,4.238859e-02,2.349505e+00
1772.9375,1773.09375,0.15625,2.391894e+00,4.238859e-02,2.349505e+00
1773.09375,1773.25,0.15625,2.408727e+00,4.238859e-02,2.366338e+00
1773.25,1773.40625,0.15625,2.504748e+00,4.238859e-02,2.462359e+00
1773.40625,1773.5625,0.15625,2.678888e+00,4.238859e-02,2.636500e+00
1773.5625,1773.71875,0.15625,2.917895e+00,4.238859e-02,2.875507e+00
1773.71875,1773.875,0.15625,3.199150e+00,4.238859e-02,3.156762e+00
1773.875,1774.03125,0.15625,3.495280e+00,4.238859e-02,3.452892e+00
1774.03125,1774.1875,0.15625,3.778884e+00,4.238859e-02,3.736495e+00
1774.1875,1774.34375,0.15625,4.025972e+00,4.238859e-02,3.983583e+00
1774.34375,1774.5,0.15625,4.217494e+00,4.238859e-02,4.175106e+00
1774.5,1774.65625,0.15625,4.339250e+00,4.238859e-02,4.296861e+00
1774.65625,1774.8125,0.15625,4.336366e+00,4.238859e-02,4.293977e+00
1774.8125,1774.96875,0.15625,4.202574e+00,4.238859e-02,4.160185e+00
1774.96875,1775.125,0.15625,3.982742e+00,4.238859e-02,3.940354e+00
1775.125,1775.28125,0.15625,3.687433e+00,4.238859e-02,3.645045e+00
1775.28125,1775.4375,0.15625,3.336112e+00,4.238859e-02,3.293723e+00
1775.4375,1775.59375,0.15625,2.957033e+00,4.238859e-02,2.914645e+00
1775.59375,1775.75,0.15625,2.585099e+00,4.238859e-02,2.542710e+00
1775.75,1775.90625,0.15625,2.257752e+00,4.238859e-02,2.215364e+00
1775.90625,1776.0625,0.15625,2.009603e+00,4.238859e-02,1.967214e+00
1776.0625,1776.21875,0.15625,1.866885e+00,4.238859e-02,1.824497e+00
1776.21875,1776.375,0.15625,1.842978e+00,4.238859e-02,1.800589e+00
1776.375,1776.53125,0.15625,1.842978e+00,4.238859e-02,1.800589e+00
1776.53125,1776.6875,0.15625,1.935974e+00,4.238859e-02,1.893585e+00
1776.6875,1776.84375,0.15625,2.128836e+00,4.238859e-02,2.086448e+00
1776.84375,1777.0,0.15625,2.392082e+00,4.238859e-02,2.349694e+00
1777.0,1777.15625,0.15625,2.688383e+00,4.238859e-02,2.645994e+00
1777.15625,1777.3125,0.15625,2.978130e+00,4.238859e-02,2.935741e+00
1777.3125,1777.46875,0.15625,3.224934e+00,4.238859e-02,3.182545e+00
1777.46875,1777.625,0.15625,3.400227e+00,4.238859e-02,3.357839e+00
1777.625,1777.78125,0.15625,3.479047e+00,4.238859e-02,3.436658e+00
1777.78125,1777.9375,0.15625,3.386151e+00,4.238859e-02,3.343762e+00
1777.9375,1778.09375,0.15625,3.227809e+00,4.238859e-02,3.185420e+00
1778.09375,1778.25,0.15625,3.032779e+00,4.238859e-02,2.990390e+00
1778.25,1778.40625,0.15625,2.834086e+00,4.238859e-02,2.791698e+00
1778.40625,1778.5625,0.15625,2.663427e+00,4.238859e-02,2.621039e+00
1778.5625,1778.71875,0.15625,2.545509e+00,4.238859e-02,2.503121e+00
1778.71875,1778.875,0.15625,2.493777e+00,4.238859e-02,2.451389e+00
1778.875,1779.03125,0.15625,2.493777e+00,4.238859e-02,2.451389e+00
1779.03125,1779.1875,0.15625,2.508861e+00,4.238859e-02,2.466472e+00
1779.1875,1779.34375,0.15625,2.580364e+00,4.238859e-02,2.537975e+00
1779.34375,1779.5,0.15625,2.691470e+00,4.238859e-02,2.649081e+00
1779.5,1779.65625,0.15625,2.824770e+00,4.238859e-02,2.782381e+00
1779.65625,1779.8125,0.15625,2.967202e+00,4.238859e-02,2.924814e+00
1779.8125,1779.96875,0.15625,3.112377e+00,4.238859e-02,3.069988e+00
1779.96875,1780.125,0.15625,3.259648e+00,4.238859e-02,3.217259e+00
1780.125,1780.28125,0.15625,3.410668e+00,4.238859e-02,3.368279e+00
1780.28125,1780.4375,0.15625,3.565173e+00,4.238859e-02,3.522785e+00
1780.4375,1780.59375,0.15625,3.717974e+00,4.238859e-02,3.675586e+00
1780.59375,1780.75,0.15625,3.858515e+00,4.238859e-02,3.816127e+00
1780.75,1780.90625,0.15625,3.973251e+00,4.238859e-02,3.930862e+00
1780.90625,1781.0625,0.15625,4.049917e+00,4.238859e-02,4.007528e+00
1781.0625,1781.21875,0.15625,4.072190e+00,4.238859e-02,4.029801e+00
1781.21875,1781.375,0.15625,4.032059e+00,4.238859e-02,3.989671e+00
1781.375,1781.53125,0.15625,3.980192e+00,4.238859e-02,3.937804e+00
1781.53125,1781.6875,0.15625,3.936827e+00,4.238859e-02,3.894438e+00
1781.6875,1781.84375,0.15625,3.917958e+00,4.238859e-02,3.875569e+00
1781.84375,1782.0,0.15625,3.917958e+00,4.238859e-02,3.875569e+00
1782.0,1782.15625,0.15625,3.930174e+00,4.238859e-02,3.887786e+00
1782.15625,1782.3125,0.15625,3.967921e+00,4.238859e-02,3.925532e+00
1782.3125,1782.46875,0.15625,4.014132e+00,4.238859e-02,3.971744e+00
1782.46875,1782.625,0.15625,4.032442e+00,4.238859e-02,3.990053e+00
1782.625,1782.78125,0.15625,3.958851e+00,4.238859e-02,3.916462e+00
1782.78125,1782.9375,0.15625,3.815156e+00,4.238859e-02,3.772768e+00
1782.9375,1783.09375,0.15625,3.607675e+00,4.238859e-02,3.565286e+00
1783.09375,1783.25,0.15625,3.356621e+00,4.238859e-02,3.314233e+00
1783.25,1783.40625,0.15625,3.091729e+00,4.238859e-02,3.049340e+00
1783.40625,1783.5625,0.15625,2.845216e+00,4.238859e-02,2.802827e+00
1783.5625,1783.71875,0.15625,2.643891e+00,4.238859e-02,2.601503e+00
1783.71875,1783.875,0.15625,2.502557e+00,4.238859e-02,2.460168e+00
1783.875,1784.03125,0.15625,2.420667e+00,4.238859e-02,2.378279e+00
1784.03125,1784.1875,0.15625,2.383357e+00,4.238859e-02,2.340968e+00
1784.1875,1784.34375,0.15625,2.366690e+00,4.238859e-02,2.324301e+00
1784.34375,1784.5,0.15625,2.345638e+00,4.238859e-02,2.303249e+00
1784.5,1784.65625,0.15625,2.302387e+00,4.238859e-02,2.259998e+00
1784.65625,1784.8125,0.15625,2.232399e+00,4.238859e-02,2.190010e+00
1784.8125,1784.96875,0.15625,2.146357e+00,4.238859e-02,2.103968e+00
1784.96875,1785.125,0.15625,2.067428e+00,4.238859e-02,2.025039e+00
1785.125,1785.28125,0.15625,2.024741e+00,4.238859e-02,1.982353e+00
1785.28125,1785.4375,0.15625,2.024741e+00,4.238859e-02,1.982353e+00
1785.4375,1785.59375,0.15625,2.045091e+00,4.238859e-02,2.002702e+00
1785.59375,1785.75,0.15625,2.145271e+00,4.238859e-02,2.102882e+00
1785.75,1785.90625,0.15625,2.327121e+00,4.238859e-02,2.284733e+00
1785.90625,1786.0625,0.15625,2.576434e+00,4.238859e-02,2.534045e+00
1786.0625,1786.21875,0.15625,2.865727e+00,4.238859e-02,2.823339e+00
1786.21875,1786.375,0.15625,3.159948e+00,4.238859e-02,3.117559e+00
1786.375,1786.53125,0.15625,3.423539e+00,4.238859e-02,3.381151e+00
1786.53125,1786.6875,0.15625,3.627230e+00,4.238859e-02,3.584842e+00
1786.6875,1786.84375,0.15625,3.753135e+00,4.238859e-02,3.710747e+00
1786.84375,1787.0,0.15625,3.769179e+00,4.238859e-02,3.726790e+00
1787.0,1787.15625,0.15625,3.688786e+00,4.238859e-02,3.646397e+00
1787.15625,1787.3125,0.15625,3.581447e+00,4.238859e-02,3.539059e+00
1787.3125,1787.46875,0.15625,3.472180e+00,4.238859e-02,3.429791e+00
1787.46875,1787.625,0.15625,3.380595e+00,4.238859e-02,3.338207e+00
1787.625,1787.78125,0.15625,3.317738e+00,4.238859e-02,3.275350e+00
1787.78125,1787.9375,0.15625,3.285487e+00,4.238859e-02,3.243099e+00
1787.9375,1788.09375,0.15625,3.278321e+00,4.238859e-02,3.235932e+00
1788.09375,1788.25,0.15625,3.278321e+00,4.238859e-02,3.235932e+00
1788.25,1788.40625,0.15625,3.286502e+00,4.238859e-02,3.244114e+00
1788.40625,1788.5625,0.15625,3.299407e+00,4.238859e-02,3.257018e+00
1788.5625,1788.71875,0.15625,3.306094e+00,4.238859e-02,3.263706e+00
1788.71875,1788.875,0.15625,3.290886e+00,4.238859e-02,3.248498e+00
1788.875,1789.03125,0.15625,3.263037e+00,4.238859e-02,3.220648e+00
1789.03125,1789.1875,0.15625,3.226886e+00,4.238859e-02,3.184497e+00
1789.1875,1789.34375,0.15625,3.190371e+00,4.238859e-02,3.147982e+00
1789.34375,1789.5,0.15625,3.164148e+00,4.238859e-02,3.121760e+00
1789.5,1789.65625,0.15625,3.159500e+00,4.238859e-02,3.117112e+00
1789.65625,1789.8125,0.15625,3.159500e+00,4.238859e-02,3.117112e+00
1789.8125,1789.96875,0.15625,3.185226e+00,4.238859e-02,3.142838e+00
1789.96875,1790.125,0.15625,3.244413e+00,4.238859e-02,3.202024e+00
1790.125,1790.28125,0.15625,3.332272e+00,4.238859e-02,3.289884e+00
1790.28125,1790.4375,0.15625,3.436001e+00,4.238859e-02,3.393612e+00
1790.4375,1790.59375,0.15625,3.536891e+00,4.238859e-02,3.494502e+00
1790.59375,1790.75,0.15625,3.614178e+00,4.238859e-02,3.571789e+00
1790.75,1790.90625,0.15625,3.631658e+00,4.238859e-02,3.589270e+00
1790.90625,1791.0625,0.15625,3.558401e+00,4.238859e-02,3.516013e+00
1791.0625,1791.21875,0.15625,3.438624e+00,4.238859e-02,3.396236e+00
1791.21875,1791.375,0.15625,3.290721e+00,4.238859e-02,3.248332e+00
1791.375,1791.53125,0.15625,3.139540e+00,4.238859e-02,3.097152e+00
1791.53125,1791.6875,0.15625,3.011655e+00,4.238859e-02,2.969267e+00
1791.6875,1791.84375,0.15625,2.930069e+00,4.238859e-02,2.887681e+00
1791.84375,1792.0,0.15625,2.909707e+00,4.238859e-02,2.867318e+00
1792.0,1792.15625,0.15625,2.909707e+00,4.238859e-02,2.867318e+00
1792.15625,1792.3125,0.15625,2.954958e+00,4.238859e-02,2.912569e+00
1792.3125,1792.46875,0.15625,3.059931e+00,4.238859e-02,3.017542e+00
1792.46875,1792.625,0.15625,3.211109e+00,4.238859e-02,3.168721e+00
1792.625,1792.78125,0.15625,3.391218e+00,4.238859e-02,3.348829e+00
1792.78125,1792.9375,0.15625,3.582734e+00,4.238859e-02,3.540345e+00
1792.9375,1793.09375,0.15625,3.769827e+00,4.238859e-02,3.727438e+00
1793.09375,1793.25,0.15625,3.938391e+00,4.238859e-02,3.896003e+00
1793.25,1793.40625,0.15625,4.074808e+00,4.238859e-02,4.032419e+00
1793.40625,1793.5625,0.15625,4.164673e+00,4.238859e-02,4.122284e+00
1793.5625,1793.71875,0.15625,4.144210e+00,4.238859e-02,4.101821e+00
1793.71875,1793.875,0.15625,4.008422e+00,4.238859e-02,3.966033e+00
1793.875,1794.03125,0.15625,3.781780e+00,4.238859e-02,3.739392e+00
1794.03125,1794.1875,0.15625,3.470878e+00,4.238859e-02,3.428489e+00
1794.1875,1794.34375,0.15625,3.093470e+00,4.238859e-02,3.051082e+00
1794.34375,1794.5,0.15625,2.677283e+00,4.238859e-02,2.634894e+00
1794.5,1794.65625,0.15625,2.256788e+00,4.238859e-02,2.214399e+00
1794.65625,1794.8125,0.15625,1.868705e+00,4.238859e-02,1.826316e+00
1794.8125,1794.96875,0.15625,1.547202e+00,4.238859e-02,1.504814e+00
1794.96875,1795.125,0.15625,1.319694e+00,4.238859e-02,1.277305e+00
1795.125,1795.28125,0.15625,1.203805e+00,4.238859e-02,1.161416e+00
1795.28125,1795.4375,0.15625,1.203805e+00,4.238859e-02,1.161416e+00
1795.4375,1795.59375,0.15625,1.205754e+00,4.238859e-02,1.163365e+00
1795.59375,1795.75,0.15625,1.320159e+00,4.238859e-02,1.277770e+00
1795.75,1795.90625,0.15625,1.531199e+00,4.238859e-02,1.488810e+00
1795.90625,1796.0625,0.15625,1.815038e+00,4.238859e-02,1.772649e+00
1796.0625,1796.21875,0.15625,2.143308e+00,4.238859e-02,2.100919e+00
1796.21875,1796.375,0.15625,2.487194e+00,4.238859e-02,2.444805e+00
1796.375,1796.53125,0.15625,2.821370e+00,4.238859e-02,2.778981e+00
1796.53125,1796.6875,0.15625,3.126900e+00,4.238859e-02,3.084511e+00
1796.6875,1796.84375,0.15625,3.392396e+00,4.238859e-02,3.350007e+00
1796.84375,1797.0,0.15625,3.613260e+00,4.238859e-02,3.570872e+00
1797.0,1797.15625,0.15625,3.789490e+00,4.238859e-02,3.747101e+00
1797.15625,1797.3125,0.15625,3.923011e+00,4.238859e-02,3.880623e+00
1797.3125,1797.46875,0.15625,4.015612e+00,4.238859e-02,3.973224e+00
1797.46875,1797.625,0.15625,4.068204e+00,4.238859e-02,4.025815e+00
1797.625,1797.78125,0.15625,4.057913e+00,4.238859e-02,4.015524e+00
1797.78125,1797.9375,0.15625,4.002968e+00,4.238859e-02,3.960580e+00
1797.9375,1798.09375,0.15625,3.926670e+00,4.238859e-02,3.884281e+00
1798.09375,1798.25,0.15625,3.842781e+00,4.238859e-02,3.800392e+00
1798.25,1798.40625,0.15625,3.766717e+00,4.238859e-02,3.724328e+00
1798.40625,1798.5625,0.15625,3.712235e+00,4.238859e-02,3.669846e+00
1798.5625,1798.71875,0.15625,3.687938e+00,4.238859e-02,3.645549e+00
1798.71875,1798.875,0.15625,3.687938e+00,4.238859e-02,3.645549e+00
1798.875,1799.03125,0.15625,3.694725e+00,4.238859e-02,3.652336e+00
1799.03125,1799.1875,0.15625,3.725077e+00,4.238859e-02,3.682688e+00
1799.1875,1799.34375,0.15625,3.764525e+00,4.238859e-02,3.722136e+00
1799.34375,1799.5,0.15625,3.794964e+00,4.238859e-02,3.752576e+00
1799.5,1799.65625,0.15625,3.764099e+00,4.238859e-02,3.721711e+00
1799.65625,1799.8125,0.15625,3.686048e+00,4.238859e-02,3.643659e+00
1799.8125,1799.96875,0.15625,3.570135e+00,4.238859e-02,3.527746e+00
1799.96875,1800.125,0.15625,3.430486e+00,4.238859e-02,3.388098e+00
1800.125,1800.28125,0.15625,3.287108e+00,4.238859e-02,3.244720e+00
1800.28125,1800.4375,0.15625,3.161384e+00,4.238859e-02,3.118995e+00
1800.4375,1800.59375,0.15625,3.071087e+00,4.238859e-02,3.028699e+00
1800.59375,1800.75,0.15625,3.026294e+00,4.238859e-02,2.983906e+00
1800.75,1800.90625,0.15625,3.026294e+00,4.238859e-02,2.983906e+00
1800.90625,1801.0625,0.15625,3.027346e+00,4.238859e-02,2.984958e+00
1801.0625,1801.21875,0.15625,3.065393e+00,4.238859e-02,3.023004e+00
1801.21875,1801.375,0.15625,3.125106e+00,4.238859e-02,3.082717e+00
1801.375,1801.53125,0.15625,3.188442e+00,4.238859e-02,3.146054e+00
1801.53125,1801.6875,0.15625,3.238167e+00,4.238859e-02,3.195779e+00
1801.6875,1801.84375,0.15625,3.245401e+00,4.238859e-02,3.203012e+00
1801.84375,1802.0,0.15625,3.189228e+00,4.238859e-02,3.146839e+00
1802.0,1802.15625,0.15625,3.093288e+00,4.238859e-02,3.050899e+00
1802.15625,1802.3125,0.15625,2.965404e+00,4.238859e-02,2.923015e+00
1802.3125,1802.46875,0.15625,2.819746e+00,4.238859e-02,2.777357e+00
1802.46875,1802.625,0.15625,2.675525e+00,4.238859e-02,2.633136e+00
1802.625,1802.78125,0.15625,2.553900e+00,4.238859e-02,2.511511e+00
1802.78125,1802.9375,0.15625,2.473497e+00,4.238859e-02,2.431109e+00
1802.9375,1803.09375,0.15625,2.445845e+00,4.238859e-02,2.403457e+00
1803.09375,1803.25,0.15625,2.445845e+00,4.238859e-02,2.403457e+00
1803.25,1803.40625,0.15625,2.472382e+00,4.238859e-02,2.429993e+00
1803.40625,1803.5625,0.15625,2.544270e+00,4.238859e-02,2.501882e+00
1803.5625,1803.71875,0.15625,2.645177e+00,4.238859e-02,2.602789e+00
1803.71875,1803.875,0.15625,2.755940e+00,4.238859e-02,2.713552e+00
1803.875,1804.03125,0.15625,2.859336e+00,4.238859e-02,2.816947e+00
1804.03125,1804.1875,0.15625,2.943286e+00,4.238859e-02,2.900897e+00
1804.1875,1804.34375,0.15625,3.001763e+00,4.238859e-02,2.959374e+00
1804.34375,1804.5,0.15625,3.033857e+00,4.238859e-02,2.991468e+00
1804.5,1804.65625,0.15625,3.032673e+00,4.238859e-02,2.990285e+00
1804.65625,1804.8125,0.15625,3.013898e+00,4.238859e-02,2.971510e+00
1804.8125,1804.96875,0.15625,2.999046e+00,4.238859e-02,2.956657e+00
1804.96875,1805.125,0.15625,2.999046e+00,4.238859e-02,2.956657e+00
1805.125,1805.28125,0.15625,3.005252e+00,4.238859e-02,2.962863e+00
1805.28125,1805.4375,0.15625,3.051236e+00,4.238859e-02,3.008847e+00
1805.4375,1805.59375,0.15625,3.152189e+00,4.238859e-02,3.109800e+00
1805.59375,1805.75,0.15625,3.313248e+00,4.238859e-02,3.270859e+00
1805.75,1805.90625,0.15625,3.523970e+00,4.238859e-02,3.481582e+00
1805.90625,1806.0625,0.15625,3.756430e+00,4.238859e-02,3.714041e+00
1806.0625,1806.21875,0.15625,3.968563e+00,4.238859e-02,3.926174e+00
1806.21875,1806.375,0.15625,4.112586e+00,4.238859e-02,4.070197e+00
1806.375,1806.53125,0.15625,4.044457e+00,4.238859e-02,4.002068e+00
1806.53125,1806.6875,0.15625,3.805458e+00,4.238859e-02,3.763069e+00
1806.6875,1806.84375,0.15625,3.453701e+00,4.238859e-02,3.411313e+00
1806.84375,1807.0,0.15625,3.034964e+00,4.238859e-02,2.992576e+00
1807.0,1807.15625,0.15625,2.607773e+00,4.238859e-02,2.565385e+00
1807.15625,1807.3125,0.15625,2.232801e+00,4.238859e-02,2.190413e+00
1807.3125,1807.46875,0.15625,1.962867e+00,4.238859e-02,1.920479e+00
1807.46875,1807.625,0.15625,1.835286e+00,4.238859e-02,1.792897e+00
1807.625,1807.78125,0.15625,1.835286e+00,4.238859e-02,1.792897e+00
1807.78125,1807.9375,0.15625,1.867319e+00,4.238859e-02,1.824930e+00
1807.9375,1808.09375,0.15625,2.054727e+00,4.238859e-02,2.012338e+00
1808.09375,1808.25,0.15625,2.373108e+00,4.238859e-02,2.330719e+00
1808.25,1808.40625,0.15625,2.781767e+00,4.238859e-02,2.739379e+00
1808.40625,1808.5625,0.15625,3.229857e+00,4.238859e-02,3.187468e+00
1808.5625,1808.71875,0.15625,3.664282e+00,4.238859e-02,3.621894e+00
1808.71875,1808.875,0.15625,4.038299e+00,4.238859e-02,3.995910e+00
1808.875,1809.03125,0.15625,4.319136e+00,4.238859e-02,4.276747e+00
1809.03125,1809.1875,0.15625,4.492782e+00,4.238859e-02,4.450394e+00
1809.1875,1809.34375,0.15625,4.555165e+00,4.238859e-02,4.512777e+00
1809.34375,1809.5,0.15625,4.493414e+00,4.238859e-02,4.451025e+00
1809.5,1809.65625,0.15625,4.407636e+00,4.238859e-02,4.365248e+00
1809.65625,1809.8125,0.15625,4.318416e+00,4.238859e-02,4.276027e+00
1809.8125,1809.96875,0.15625,4.234448e+00,4.238859e-02,4.192059e+00
1809.96875,1810.125,0.15625,4.152372e+00,4.238859e-02,4.109984e+00
1810.125,1810.28125,0.15625,4.060132e+00,4.238859e-02,4.017744e+00
1810.28125,1810.4375,0.15625,3.942539e+00,4.238859e-02,3.900150e+00
1810.4375,1810.59375,0.15625,3.787350e+00,4.238859e-02,3.744961e+00
1810.59375,1810.75,0.15625,3.590277e+00,4.238859e-02,3.547888e+00
1810.75,1810.90625,0.15625,3.357697e+00,4.238859e-02,3.315308e+00
1810.90625,1811.0625,0.15625,3.106398e+00,4.238859e-02,3.064010e+00
1811.0625,1811.21875,0.15625,2.860318e+00,4.238859e-02,2.817929e+00
1811.21875,1811.375,0.15625,2.644946e+00,4.238859e-02,2.602557e+00
1811.375,1811.53125,0.15625,2.480801e+00,4.238859e-02,2.438412e+00
1811.53125,1811.6875,0.15625,2.377820e+00,4.238859e-02,2.335431e+00
1811.6875,1811.84375,0.15625,2.332507e+00,4.238859e-02,2.290118e+00
1811.84375,1812.0,0.15625,2.328970e+00,4.238859e-02,2.286582e+00
1812.0,1812.15625,0.15625,2.328970e+00,4.238859e-02,2.286582e+00
1812.15625,1812.3125,0.15625,2.343811e+00,4.238859e-02,2.301422e+00
1812.3125,1812.46875,0.15625,2.341750e+00,4.238859e-02,2.299362e+00
1812.46875,1812.625,0.15625,2.304892e+00,4.238859e-02,2.262503e+00
1812.625,1812.78125,0.15625,2.252670e+00,4.238859e-02,2.210282e+00
1812.78125,1812.9375,0.15625,2.204982e+00,4.238859e-02,2.162594e+00
1812.9375,1813.09375,0.15625,2.185235e+00,4.238859e-02,2.142847e+00
1813.09375,1813.25,0.15625,2.185235e+00,4.238859e-02,2.142847e+00
1813.25,1813.40625,0.15625,2.212791e+00,4.238859e-02,2.170403e+00
1813.40625,1813.5625,0.15625,2.296952e+00,4.238859e-02,2.254563e+00
1813.5625,1813.71875,0.15625,2.434288e+00,4.238859e-02,2.391899e+00
1813.71875,1813.875,0.15625,2.609805e+00,4.238859e-02,2.567416e+00
1813.875,1814.03125,0.15625,2.801099e+00,4.238859e-02,2.758711e+00
1814.03125,1814.1875,0.15625,2.983807e+00,4.238859e-02,2.941419e+00
1814.1875,1814.34375,0.15625,3.136574e+00,4.238859e-02,3.094186e+00
1814.34375,1814.5,0.15625,3.244438e+00,4.238859e-02,3.202049e+00
1814.5,1814.65625,0.15625,3.300434e+00,4.238859e-02,3.258046e+00
1814.65625,1814.8125,0.15625,3.270519e+00,4.238859e-02,3.228130e+00
1814.8125,1814.96875,0.15625,3.211135e+00,4.238859e-02,3.168746e+00
1814.96875,1815.125,0.15625,3.150944e+00,4.238859e-02,3.108555e+00
1815.125,1815.28125,0.15625,3.116379e+00,4.238859e-02,3.073990e+00
1815.28125,1815.4375,0.15625,3.116379e+00,4.238859e-02,3.073990e+00
1815.4375,1815.59375,0.15625,3.132569e+00,4.238859e-02,3.090180e+00
1815.59375,1815.75,0.15625,3.217521e+00,4.238859e-02,3.175132e+00
1815.75,1815.90625,0.15625,3.376617e+00,4.238859e-02,3.334228e+00
1815.90625,1816.0625,0.15625,3.599392e+00,4.238859e-02,3.557003e+00
1816.0625,1816.21875,0.15625,3.860175e+00,4.238859e-02,3.817787e+00
1816.21875,1816.375,0.15625,4.122926e+00,4.238859e-02,4.080537e+00
1816.375,1816.53125,0.15625,4.349065e+00,4.238859e-02,4.306676e+00
1816.53125,1816.6875,0.15625,4.505923e+00,4.238859e-02,4.463534e+00
1816.6875,1816.84375,0.15625,4.545270e+00,4.238859e-02,4.502881e+00
1816.84375,1817.0,0.15625,4.429990e+00,4.238859e-02,4.387601e+00
1817.0,1817.15625,0.15625,4.243681e+00,4.238859e-02,4.201292e+00
1817.15625,1817.3125,0.15625,4.006129e+00,4.238859e-02,3.963741e+00
1817.3125,1817.46875,0.15625,3.736749e+00,4.238859e-02,3.694360e+00
1817.46875,1817.625,0.15625,3.453308e+00,4.238859e-02,3.410919e+00
1817.625,1817.78125,0.15625,3.172789e+00,4.238859e-02,3.130400e+00
1817.78125,1817.9375,0.15625,2.912914e+00,4.238859e-02,2.870525e+00
1817.9375,1818.09375,0.15625,2.692619e+00,4.238859e-02,2.650230e+00
1818.09375,1818.25,0.15625,2.530460e+00,4.238859e-02,2.488071e+00
1818.25,1818.40625,0.15625,2.441180e+00,4.238859e-02,2.398791e+00
1818.40625,1818.5625,0.15625,2.431748e+00,4.238859e-02,2.389359e+00
1818.5625,1818.71875,0.15625,2.431748e+00,4.238859e-02,2.389359e+00
1818.71875,1818.875,0.15625,2.498631e+00,4.238859e-02,2.456242e+00
1818.875,1819.03125,0.15625,2.627603e+00,4.238859e-02,2.585214e+00
1819.03125,1819.1875,0.15625,2.796354e+00,4.238859e-02,2.753966e+00
1819.1875,1819.34375,0.15625,2.979041e+00,4.238859e-02,2.936652e+00
1819.34375,1819.5,0.15625,3.151265e+00,4.238859e-02,3.108877e+00
1819.5,1819.65625,0.15625,3.294032e+00,4.238859e-02,3.251643e+00
1819.65625,1819.8125,0.15625,3.395870e+00,4.238859e-02,3.353482e+00
1819.8125,1819.96875,0.15625,3.453106e+00,4.238859e-02,3.410718e+00
1819.96875,1820.125,0.15625,3.451046e+00,4.238859e-02,3.408657e+00
1820.125,1820.28125,0.15625,3.410826e+00,4.238859e-02,3.368437e+00
1820.28125,1820.4375,0.15625,3.359930e+00,4.238859e-02,3.317541e+00
1820.4375,1820.59375,0.15625,3.308743e+00,4.238859e-02,3.266355e+00
1820.59375,1820.75,0.15625,3.264467e+00,4.238859e-02,3.222078e+00
1820.75,1820.90625,0.15625,3.230177e+00,4.238859e-02,3.187789e+00
1820.90625,1821.0625,0.15625,3.205103e+00,4.238859e-02,3.162715e+00
1821.0625,1821.21875,0.15625,3.185982e+00,4.238859e-02,3.143594e+00
1821.21875,1821.375,0.15625,3.168847e+00,4.238859e-02,3.126458e+00
1821.375,1821.53125,0.15625,3.150373e+00,4.238859e-02,3.107985e+00
1821.53125,1821.6875,0.15625,3.128227e+00,4.238859e-02,3.085839e+00
1821.6875,1821.84375,0.15625,3.100533e+00,4.238859e-02,3.058145e+00
1821.84375,1822.0,0.15625,3.065206e+00,4.238859e-02,3.022818e+00
1822.0,1822.15625,0.15625,3.020001e+00,4.238859e-02,2.977613e+00
1822.15625,1822.3125,0.15625,2.963610e+00,4.238859e-02,2.921221e+00
1822.3125,1822.46875,0.15625,2.897298e+00,4.238859e-02,2.854909e+00
1822.46875,1822.625,0.15625,2.825957e+00,4.238859e-02,2.783569e+00
1822.625,1822.78125,0.15625,2.757535e+00,4.238859e-02,2.715146e+00
1822.78125,1822.9375,0.15625,2.700601e+00,4.238859e-02,2.658212e+00
1822.9375,1823.09375,0.15625,2.660947e+00,4.238859e-02,2.618558e+00
1823.09375,1823.25,0.15625,2.638871e+00,4.238859e-02,2.596482e+00
1823.25,1823.40625,0.15625,2.628750e+00,4.238859e-02,2.586362e+00
1823.40625,1823.5625,0.15625,2.621520e+00,4.238859e-02,2.579132e+00
1823.5625,1823.71875,0.15625,2.609279e+00,4.238859e-02,2.566890e+00
1823.71875,1823.875,0.15625,2.590105e+00,4.238859e-02,2.547716e+00
1823.875,1824.03125,0.15625,2.570867e+00,4.238859e-02,2.528479e+00
1824.03125,1824.1875,0.15625,2.566566e+00,4.238859e-02,2.524178e+00
1824.1875,1824.34375,0.15625,2.566566e+00,4.238859e-02,2.524178e+00
1824.34375,1824.5,0.15625,2.596171e+00,4.238859e-02,2.553783e+00
1824.5,1824.65625,0.15625,2.676383e+00,4.238859e-02,2.633994e+00
1824.65625,1824.8125,0.15625,2.815597e+00,4.238859e-02,2.773209e+00
1824.8125,1824.96875,0.15625,3.010245e+00,4.238859e-02,2.967857e+00
1824.96875,1825.125,0.15625,3.244707e+00,4.238859e-02,3.202319e+00
1825.125,1825.28125,0.15625,3.494665e+00,4.238859e-02,3.452277e+00
1825.28125,1825.4375,0.15625,3.732592e+00,4.238859e-02,3.690203e+00
1825.4375,1825.59375,0.15625,3.933506e+00,4.238859e-02,3.891118e+00
1825.59375,1825.75,0.15625,4.079297e+00,4.238859e-02,4.036908e+00
1825.75,1825.90625,0.15625,4.160644e+00,4.238859e-02,4.118255e+00
1825.90625,1826.0625,0.15625,4.131986e+00,4.238859e-02,4.089597e+00
1826.0625,1826.21875,0.15625,4.035776e+00,4.238859e-02,3.993388e+00
1826.21875,1826.375,0.15625,3.898434e+00,4.238859e-02,3.856046e+00
1826.375,1826.53125,0.15625,3.732062e+00,4.238859e-02,3.689674e+00
1826.53125,1826.6875,0.15625,3.551267e+00,4.238859e-02,3.508879e+00
1826.6875,1826.84375,0.15625,3.374413e+00,4.238859e-02,3.332024e+00
1826.84375,1827.0,0.15625,3.223798e+00,4.238859e-02,3.181409e+00
1827.0,1827.15625,0.15625,3.123627e+00,4.238859e-02,3.081238e+00
1827.15625,1827.3125,0.15625,3.095529e+00,4.238859e-02,3.053140e+00
1827.3125,1827.46875,0.15625,3.095529e+00,4.238859e-02,3.053140e+00
1827.46875,1827.625,0.15625,3.152569e+00,4.238859e-02,3.110181e+00
1827.625,1827.78125,0.15625,3.293730e+00,4.238859e-02,3.251341e+00
1827.78125,1827.9375,0.15625,3.501121e+00,4.238859e-02,3.458733e+00
1827.9375,1828.09375,0.15625,3.741582e+00,4.238859e-02,3.699193e+00
1828.09375,1828.25,0.15625,3.972872e+00,4.238859e-02,3.930484e+00
1828.25,1828.40625,0.15625,4.153039e+00,4.238859e-02,4.110651e+00
1828.40625,1828.5625,0.15625,4.249566e+00,4.238859e-02,4.207178e+00
1828.5625,1828.71875,0.15625,4.155726e+00,4.238859e-02,4.113337e+00
1828.71875,1828.875,0.15625,3.989006e+00,4.238859e-02,3.946617e+00
1828.875,1829.03125,0.15625,3.777775e+00,4.238859e-02,3.735387e+00
1829.03125,1829.1875,0.15625,3.549157e+00,4.238859e-02,3.506769e+00
1829.1875,1829.34375,0.15625,3.321484e+00,4.238859e-02,3.279096e+00
1829.34375,1829.5,0.15625,3.100953e+00,4.238859e-02,3.058564e+00
1829.5,1829.65625,0.15625,2.883261e+00,4.238859e-02,2.840872e+00
1829.65625,1829.8125,0.15625,2.659175e+00,4.238859e-02,2.616787e+00
1829.8125,1829.96875,0.15625,2.421621e+00,4.238859e-02,2.379232e+00
1829.96875,1830.125,0.15625,2.171566e+00,4.238859e-02,2.129177e+00
1830.125,1830.28125,0.15625,1.920683e+00,4.238859e-02,1.878294e+00
1830.28125,1830.4375,0.15625,1.690095e+00,4.238859e-02,1.647706e+00
1830.4375,1830.59375,0.15625,1.505898e+00,4.238859e-02,1.463509e+00
1830.59375,1830.75,0.15625,1.393074e+00,4.238859e-02,1.350685e+00
1830.75,1830.90625,0.15625,1.369690e+00,4.238859e-02,1.327302e+00
1830.90625,1831.0625,0.15625,1.369690e+00,4.238859e-02,1.327302e+00
1831.0625,1831.21875,0.15625,1.442956e+00,4.238859e-02,1.400567e+00
1831.21875,1831.375,0.15625,1.608065e+00,4.238859e-02,1.565676e+00
1831.375,1831.53125,0.15625,1.849949e+00,4.238859e-02,1.807560e+00
1831.53125,1831.6875,0.15625,2.147305e+00,4.238859e-02,2.104917e+00
1831.6875,1831.84375,0.15625,2.477605e+00,4.238859e-02,2.435217e+00
1831.84375,1832.0,0.15625,2.821456e+00,4.238859e-02,2.779067e+00
1832.0,1832.15625,0.15625,3.164804e+00,4.238859e-02,3.122415e+00
1832.15625,1832.3125,0.15625,3.498207e+00,4.238859e-02,3.455819e+00
1832.3125,1832.46875,0.15625,3.813580e+00,4.238859e-02,3.771192e+00
1832.46875,1832.625,0.15625,4.100032e+00,4.238859e-02,4.057643e+00
1832.625,1832.78125,0.15625,4.341069e+00,4.238859e-02,4.298680e+00
1832.78125,1832.9375,0.15625,4.515097e+00,4.238859e-02,4.472708e+00
1832.9375,1833.09375,0.15625,4.579208e+00,4.238859e-02,4.536819e+00
1833.09375,1833.25,0.15625,4.450700e+00,4.238859e-02,4.408312e+00
1833.25,1833.40625,0.15625,4.229057e+00,4.238859e-02,4.186668e+00
1833.40625,1833.5625,0.15625,3.945374e+00,4.238859e-02,3.902985e+00
1833.5625,1833.71875,0.15625,3.640826e+00,4.238859e-02,3.598437e+00
1833.71875,1833.875,0.15625,3.357179e+00,4.238859e-02,3.314790e+00
1833.875,1834.03125,0.15625,3.127277e+00,4.238859e-02,3.084888e+00
1834.03125,1834.1875,0.15625,2.968674e+00,4.238859e-02,2.926286e+00
1834.1875,1834.34375,0.15625,2.882306e+00,4.238859e-02,2.839917e+00
1834.34375,1834.5,0.15625,2.856103e+00,4.238859e-02,2.813714e+00
1834.5,1834.65625,0.15625,2.856103e+00,4.238859e-02,2.813714e+00
1834.65625,1834.8125,0.15625,2.871679e+00,4.238859e-02,2.829290e+00
1834.8125,1834.96875,0.15625,2.911302e+00,4.238859e-02,2.868914e+00
1834.96875,1835.125,0.15625,2.962645e+00,4.238859e-02,2.920256e+00
1835.125,1835.28125,0.15625,3.020072e+00,4.238859e-02,2.977684e+00
1835.28125,1835.4375,0.15625,3.082815e+00,4.238859e-02,3.040426e+00
1835.4375,1835.59375,0.15625,3.151541e+00,4.238859e-02,3.109153e+00
1835.59375,1835.75,0.15625,3.225195e+00,4.238859e-02,3.182807e+00
1835.75,1835.90625,0.15625,3.299404e+00,4.238859e-02,3.257016e+00
1835.90625,1836.0625,0.15625,3.366805e+00,4.238859e-02,3.324416e+00
1836.0625,1836.21875,0.15625,3.418772e+00,4.238859e-02,3.376383e+00
1836.21875,1836.375,0.15625,3.447712e+00,4.238859e-02,3.405323e+00
1836.375,1836.53125,0.15625,3.423738e+00,4.238859e-02,3.381350e+00
1836.53125,1836.6875,0.15625,3.377601e+00,4.238859e-02,3.335212e+00
1836.6875,1836.84375,0.15625,3.323114e+00,4.238859e-02,3.280725e+00
1836.84375,1837.0,0.15625,3.277330e+00,4.238859e-02,3.234942e+00
1837.0,1837.15625,0.15625,3.259110e+00,4.238859e-02,3.216721e+00
1837.15625,1837.3125,0.15625,3.259110e+00,4.238859e-02,3.216721e+00
1837.3125,1837.46875,0.15625,3.284608e+00,4.238859e-02,3.242219e+00
1837.46875,1837.625,0.15625,3.362108e+00,4.238859e-02,3.319720e+00
1837.625,1837.78125,0.15625,3.487776e+00,4.238859e-02,3.445388e+00
1837.78125,1837.9375,0.15625,3.644024e+00,4.238859e-02,3.601636e+00
1837.9375,1838.09375,0.15625,3.801603e+00,4.238859e-02,3.759215e+00
1838.09375,1838.25,0.15625,3.925354e+00,4.238859e-02,3.882965e+00
1838.25,1838.40625,0.15625,3.950024e+00,4.238859e-02,3.907636e+00
1838.40625,1838.5625,0.15625,3.822600e+00,4.238859e-02,3.780212e+00
1838.5625,1838.71875,0.15625,3.612908e+00,4.238859e-02,3.570520e+00
1838.71875,1838.875,0.15625,3.350024e+00,4.238859e-02,3.307635e+00
1838.875,1839.03125,0.15625,3.072653e+00,4.238859e-02,3.030265e+00
1839.03125,1839.1875,0.15625,2.820230e+00,4.238859e-02,2.777842e+00
1839.1875,1839.34375,0.15625,2.624070e+00,4.238859e-02,2.581681e+00
1839.34375,1839.5,0.15625,2.500987e+00,4.238859e-02,2.458599e+00
1839.5,1839.65625,0.15625,2.451068e+00,4.238859e-02,2.408680e+00
1839.65625,1839.8125,0.15625,2.451068e+00,4.238859e-02,2.408680e+00
1839.8125,1839.96875,0.15625,2.460040e+00,4.238859e-02,2.417651e+00
1839.96875,1840.125,0.15625,2.505277e+00,4.238859e-02,2.462888e+00
1840.125,1840.28125,0.15625,2.563306e+00,4.238859e-02,2.520918e+00
1840.28125,1840.4375,0.15625,2.616259e+00,4.238859e-02,2.573871e+00
1840.4375,1840.59375,0.15625,2.655212e+00,4.238859e-02,2.612824e+00
1840.59375,1840.75,0.15625,2.679658e+00,4.238859e-02,2.637270e+00
1840.75,1840.90625,0.15625,2.693931e+00,4.238859e-02,2.651542e+00
1840.90625,1841.0625,0.15625,2.702602e+00,4.238859e-02,2.660214e+00
1841.0625,1841.21875,0.15625,2.705456e+00,4.238859e-02,2.663068e+00
1841.21875,1841.375,0.15625,2.694067e+00,4.238859e-02,2.651679e+00
1841.375,1841.53125,0.15625,2.672038e+00,4.238859e-02,2.629649e+00
1841.53125,1841.6875,0.15625,2.644012e+00,4.238859e-02,2.601623e+00
1841.6875,1841.84375,0.15625,2.620882e+00,4.238859e-02,2.578493e+00
1841.84375,1842.0,0.15625,2.617386e+00,4.238859e-02,2.574998e+00
1842.0,1842.15625,0.15625,2.617386e+00,4.238859e-02,2.574998e+00
1842.15625,1842.3125,0.15625,2.647538e+00,4.238859e-02,2.605149e+00
1842.3125,1842.46875,0.15625,2.719768e+00,4.238859e-02,2.677380e+00
1842.46875,1842.625,0.15625,2.833794e+00,4.238859e-02,2.791406e+00
1842.625,1842.78125,0.15625,2.980370e+00,4.238859e-02,2.937982e+00
1842.78125,1842.9375,0.15625,3.143880e+00,4.238859e-02,3.101491e+00
1842.9375,1843.09375,0.15625,3.306616e+00,4.238859e-02,3.264227e+00
1843.09375,1843.25,0.15625,3.453188e+00,4.238859e-02,3.410799e+00
1843.25,1843.40625,0.15625,3.573745e+00,4.238859e-02,3.531356e+00
1843.40625,1843.5625,0.15625,3.665395e+00,4.238859e-02,3.623007e+00
1843.5625,1843.71875,0.15625,3.731891e+00,4.238859e-02,3.689502e+00
1843.71875,1843.875,0.15625,3.781988e+00,4.238859e-02,3.739600e+00
1843.875,1844.03125,0.15625,3.826992e+00,4.238859e-02,3.784603e+00
1844.03125,1844.1875,0.15625,3.877879e+00,4.238859e-02,3.835490e+00
1844.1875,1844.34375,0.15625,3.942449e+00,4.238859e-02,3.900060e+00
1844.34375,1844.5,0.15625,4.023029e+00,4.238859e-02,3.980641e+00
1844.5,1844.65625,0.15625,4.115378e+00,4.238859e-02,4.072990e+00
1844.65625,1844.8125,0.15625,4.209237e+00,4.238859e-02,4.166848e+00
1844.8125,1844.96875,0.15625,4.290558e+00,4.238859e-02,4.248169e+00
1844.96875,1845.125,0.15625,4.344812e+00,4.238859e-02,4.302423e+00
1845.125,1845.28125,0.15625,4.330381e+00,4.238859e-02,4.287992e+00
1845.28125,1845.4375,0.15625,4.253776e+00,4.238859e-02,4.211388e+00
1845.4375,1845.59375,0.15625,4.133200e+00,4.238859e-02,4.090812e+00
1845.59375,1845.75,0.15625,3.972924e+00,4.238859e-02,3.930535e+00
1845.75,1845.90625,0.15625,3.776659e+00,4.238859e-02,3.734270e+00
1845.90625,1846.0625,0.15625,3.546877e+00,4.238859e-02,3.504488e+00
1846.0625,1846.21875,0.15625,3.286062e+00,4.238859e-02,3.243674e+00
1846.21875,1846.375,0.15625,2.999511e+00,4.238859e-02,2.957123e+00
1846.375,1846.53125,0.15625,2.698479e+00,4.238859e-02,2.656090e+00
1846.53125,1846.6875,0.15625,2.402195e+00,4.238859e-02,2.359807e+00
1846.6875,1846.84375,0.15625,2.137558e+00,4.238859e-02,2.095169e+00
1846.84375,1847.0,0.15625,1.936043e+00,4.238859e-02,1.893654e+00
1847.0,1847.15625,0.15625,1.828302e+00,4.238859e-02,1.785914e+00
1847.15625,1847.3125,0.15625,1.828302e+00,4.238859e-02,1.785914e+00
1847.3125,1847.46875,0.15625,1.837569e+00,4.238859e-02,1.795181e+00
1847.46875,1847.625,0.15625,1.973408e+00,4.238859e-02,1.931020e+00
1847.625,1847.78125,0.15625,2.227297e+00,4.238859e-02,2.184908e+00
1847.78125,1847.9375,0.15625,2.571285e+00,4.238859e-02,2.528897e+00
1847.9375,1848.09375,0.15625,2.960435e+00,4.238859e-02,2.918046e+00
1848.09375,1848.25,0.15625,3.339047e+00,4.238859e-02,3.296658e+00
1848.25,1848.40625,0.15625,3.649824e+00,4.238859e-02,3.607436e+00
1848.40625,1848.5625,0.15625,3.844280e+00,4.238859e-02,3.801892e+00
1848.5625,1848.71875,0.15625,3.787537e+00,4.238859e-02,3.745148e+00
1848.71875,1848.875,0.15625,3.550303e+00,4.238859e-02,3.507914e+00
1848.875,1849.03125,0.15625,3.222167e+00,4.238859e-02,3.179779e+00
1849.03125,1849.1875,0.15625,2.858577e+00,4.238859e-02,2.816188e+00
1849.1875,1849.34375,0.15625,2.518228e+00,4.238859e-02,2.475839e+00
1849.34375,1849.5,0.15625,2.252650e+00,4.238859e-02,2.210261e+00
1849.5,1849.65625,0.15625,2.097993e+00,4.238859e-02,2.055605e+00
1849.65625,1849.8125,0.15625,2.070435e+00,4.238859e-02,2.028046e+00
1849.8125,1849.96875,0.15625,2.070435e+00,4.238859e-02,2.028046e+00
1849.96875,1850.125,0.15625,2.165674e+00,4.238859e-02,2.123286e+00
1850.125,1850.28125,0.15625,2.362099e+00,4.238859e-02,2.319710e+00
1850.28125,1850.4375,0.15625,2.626534e+00,4.238859e-02,2.584146e+00
1850.4375,1850.59375,0.15625,2.921151e+00,4.238859e-02,2.878762e+00
1850.59375,1850.75,0.15625,3.210056e+00,4.238859e-02,3.167668e+00
1850.75,1850.90625,0.15625,3.464389e+00,4.238859e-02,3.422001e+00
1850.90625,1851.0625,0.15625,3.665207e+00,4.238859e-02,3.622819e+00
1851.0625,1851.21875,0.15625,3.804041e+00,4.238859e-02,3.761652e+00
1851.21875,1851.375,0.15625,3.881487e+00,4.238859e-02,3.839098e+00
1851.375,1851.53125,0.15625,3.883501e+00,4.238859e-02,3.841112e+00
1851.53125,1851.6875,0.15625,3.829192e+00,4.238859e-02,3.786804e+00
1851.6875,1851.84375,0.15625,3.751160e+00,4.238859e-02,3.708771e+00
1851.84375,1852.0,0.15625,3.657046e+00,4.238859e-02,3.614657e+00
1852.0,1852.15625,0.15625,3.553034e+00,4.238859e-02,3.510646e+00
1852.15625,1852.3125,0.15625,3.444793e+00,4.238859e-02,3.402404e+00
1852.3125,1852.46875,0.15625,3.338139e+00,4.238859e-02,3.295750e+00
1852.46875,1852.625,0.15625,3.238829e+00,4.238859e-02,3.196440e+00
1852.625,1852.78125,0.15625,3.151428e+00,4.238859e-02,3.109039e+00
1852.78125,1852.9375,0.15625,3.077890e+00,4.238859e-02,3.035502e+00
1852.9375,1853.09375,0.15625,3.016879e+00,4.238859e-02,2.974490e+00
1853.09375,1853.25,0.15625,2.964650e+00,4.238859e-02,2.922261e+00
1853.25,1853.40625,0.15625,2.917540e+00,4.238859e-02,2.875151e+00
1853.40625,1853.5625,0.15625,2.875120e+00,4.238859e-02,2.832732e+00
1853.5625,1853.71875,0.15625,2.842482e+00,4.238859e-02,2.800094e+00
1853.71875,1853.875,0.15625,2.830287e+00,4.238859e-02,2.787899e+00
1853.875,1854.03125,0.15625,2.830287e+00,4.238859e-02,2.787899e+00
1854.03125,1854.1875,0.15625,2.852141e+00,4.238859e-02,2.809752e+00
1854.1875,1854.34375,0.15625,2.920095e+00,4.238859e-02,2.877706e+00
1854.34375,1854.5,0.15625,3.039970e+00,4.238859e-02,2.997581e+00
1854.5,1854.65625,0.15625,3.208339e+00,4.238859e-02,3.165950e+00
1854.65625,1854.8125,0.15625,3.412310e+00,4.238859e-02,3.369922e+00
1854.8125,1854.96875,0.15625,3.632083e+00,4.238859e-02,3.589694e+00
1854.96875,1855.125,0.15625,3.845223e+00,4.238859e-02,3.802834e+00
1855.125,1855.28125,0.15625,4.031116e+00,4.238859e-02,3.988727e+00
1855.28125,1855.4375,0.15625,4.174239e+00,4.238859e-02,4.131851e+00
1855.4375,1855.59375,0.15625,4.265606e+00,4.238859e-02,4.223217e+00
1855.59375,1855.75,0.15625,4.287227e+00,4.238859e-02,4.244839e+00
1855.75,1855.90625,0.15625,4.225575e+00,4.238859e-02,4.183186e+00
1855.90625,1856.0625,0.15625,4.125684e+00,4.238859e-02,4.083296e+00
1856.0625,1856.21875,0.15625,3.997223e+00,4.238859e-02,3.954835e+00
1856.21875,1856.375,0.15625,3.850609e+00,4.238859e-02,3.808221e+00
1856.375,1856.53125,0.15625,3.695817e+00,4.238859e-02,3.653429e+00
1856.53125,1856.6875,0.15625,3.540619e+00,4.238859e-02,3.498231e+00
1856.6875,1856.84375,0.15625,3.388638e+00,4.238859e-02,3.346249e+00
1856.84375,1857.0,0.15625,3.238065e+00,4.238859e-02,3.195677e+00
1857.0,1857.15625,0.15625,3.081992e+00,4.238859e-02,3.039603e+00
1857.15625,1857.3125,0.15625,2.910814e+00,4.238859e-02,2.868425e+00
1857.3125,1857.46875,0.15625,2.716338e+00,4.238859e-02,2.673950e+00
1857.46875,1857.625,0.15625,2.496335e+00,4.238859e-02,2.453946e+00
1857.625,1857.78125,0.15625,2.257867e+00,4.238859e-02,2.215478e+00
1857.78125,1857.9375,0.15625,2.018018e+00,4.238859e-02,1.975630e+00
1857.9375,1858.09375,0.15625,1.801471e+00,4.238859e-02,1.759082e+00
1858.09375,1858.25,0.15625,1.635491e+00,4.238859e-02,1.593102e+00
1858.25,1858.40625,0.15625,1.543727e+00,4.238859e-02,1.501339e+00
1858.40625,1858.5625,0.15625,1.540597e+00,4.238859e-02,1.498209e+00
1858.5625,1858.71875,0.15625,1.540597e+00,4.238859e-02,1.498209e+00
1858.71875,1858.875,0.15625,1.627829e+00,4.238859e-02,1.585441e+00
1858.875,1859.03125,0.15625,1.794082e+00,4.238859e-02,1.751694e+00
1859.03125,1859.1875,0.15625,2.017707e+00,4.238859e-02,1.975319e+00
1859.1875,1859.34375,0.15625,2.271836e+00,4.238859e-02,2.229448e+00
1859.34375,1859.5,0.15625,2.530354e+00,4.238859e-02,2.487965e+00
1859.5,1859.65625,0.15625,2.773062e+00,4.238859e-02,2.730674e+00
1859.65625,1859.8125,0.15625,2.988659e+00,4.238859e-02,2.946271e+00
1859.8125,1859.96875,0.15625,3.174899e+00,4.238859e-02,3.132511e+00
1859.96875,1860.125,0.15625,3.336286e+00,4.238859e-02,3.293898e+00
1860.125,1860.28125,0.15625,3.480436e+00,4.238859e-02,3.438048e+00
1860.28125,1860.4375,0.15625,3.614514e+00,4.238859e-02,3.572125e+00
1860.4375,1860.59375,0.15625,3.742823e+00,4.238859e-02,3.700435e+00
1860.59375,1860.75,0.15625,3.865926e+00,4.238859e-02,3.823538e+00
1860.75,1860.90625,0.15625,3.980973e+00,4.238859e-02,3.938584e+00
1860.90625,1861.0625,0.15625,4.082575e+00,4.238859e-02,4.040187e+00
1861.0625,1861.21875,0.15625,4.163686e+00,4.238859e-02,4.121297e+00
1861.21875,1861.375,0.15625,4.216320e+00,4.238859e-02,4.173931e+00
1861.375,1861.53125,0.15625,4.204686e+00,4.238859e-02,4.162297e+00
1861.53125,1861.6875,0.15625,4.129127e+00,4.238859e-02,4.086738e+00
1861.6875,1861.84375,0.15625,4.006394e+00,4.238859e-02,3.964005e+00
1861.84375,1862.0,0.15625,3.843912e+00,4.238859e-02,3.801523e+00
1862.0,1862.15625,0.15625,3.656351e+00,4.238859e-02,3.613962e+00
1862.15625,1862.3125,0.15625,3.464309e+00,4.238859e-02,3.421920e+00
1862.3125,1862.46875,0.15625,3.291041e+00,4.238859e-02,3.248652e+00
1862.46875,1862.625,0.15625,3.157877e+00,4.238859e-02,3.115488e+00
1862.625,1862.78125,0.15625,3.079604e+00,4.238859e-02,3.037215e+00
1862.78125,1862.9375,0.15625,3.061286e+00,4.238859e-02,3.018897e+00
1862.9375,1863.09375,0.15625,3.061286e+00,4.238859e-02,3.018897e+00
1863.09375,1863.25,0.15625,3.097559e+00,4.238859e-02,3.055170e+00
1863.25,1863.40625,0.15625,3.174585e+00,4.238859e-02,3.132196e+00
1863.40625,1863.5625,0.15625,3.273891e+00,4.238859e-02,3.231502e+00
1863.5625,1863.71875,0.15625,3.376732e+00,4.238859e-02,3.334343e+00
1863.71875,1863.875,0.15625,3.467638e+00,4.238859e-02,3.425249e+00
1863.875,1864.03125,0.15625,3.536333e+00,4.238859e-02,3.493944e+00
1864.03125,1864.1875,0.15625,3.577939e+00,4.238859e-02,3.535550e+00
1864.1875,1864.34375,0.15625,3.580364e+00,4.238859e-02,3.537975e+00
1864.34375,1864.5,0.15625,3.546192e+00,4.238859e-02,3.503803e+00
1864.5,1864.65625,0.15625,3.491648e+00,4.238859e-02,3.449259e+00
1864.65625,1864.8125,0.15625,3.417495e+00,4.238859e-02,3.375106e+00
1864.8125,1864.96875,0.15625,3.323202e+00,4.238859e-02,3.280814e+00
1864.96875,1865.125,0.15625,3.208283e+00,4.238859e-02,3.165894e+00
1865.125,1865.28125,0.15625,3.074441e+00,4.238859e-02,3.032052e+00
1865.28125,1865.4375,0.15625,2.927696e+00,4.238859e-02,2.885308e+00
1865.4375,1865.59375,0.15625,2.779312e+00,4.238859e-02,2.736923e+00
1865.59375,1865.75,0.15625,2.644643e+00,4.238859e-02,2.602254e+00
1865.75,1865.90625,0.15625,2.539841e+00,4.238859e-02,2.497452e+00
1865.90625,1866.0625,0.15625,2.477413e+00,4.238859e-02,2.435025e+00
1866.0625,1866.21875,0.15625,2.462410e+00,4.238859e-02,2.420022e+00
1866.21875,1866.375,0.15625,2.462410e+00,4.238859e-02,2.420022e+00
1866.375,1866.53125,0.15625,2.490979e+00,4.238859e-02,2.448591e+00
1866.53125,1866.6875,0.15625,2.552149e+00,4.238859e-02,2.509761e+00
1866.6875,1866.84375,0.15625,2.632312e+00,4.238859e-02,2.589923e+00
1866.84375,1867.0,0.15625,2.720606e+00,4.238859e-02,2.678217e+00
1867.0,1867.15625,0.15625,2.812899e+00,4.238859e-02,2.770511e+00
1867.15625,1867.3125,0.15625,2.912578e+00,4.238859e-02,2.870189e+00
1867.3125,1867.46875,0.15625,3.027660e+00,4.238859e-02,2.985272e+00
1867.46875,1867.625,0.15625,3.165335e+00,4.238859e-02,3.122946e+00
1867.625,1867.78125,0.15625,3.326093e+00,4.238859e-02,3.283705e+00
1867.78125,1867.9375,0.15625,3.499842e+00,4.238859e-02,3.457453e+00
1867.9375,1868.09375,0.15625,3.665610e+00,4.238859e-02,3.623221e+00
1868.09375,1868.25,0.15625,3.795173e+00,4.238859e-02,3.752785e+00
1868.25,1868.40625,0.15625,3.836496e+00,4.238859e-02,3.794107e+00
1868.40625,1868.5625,0.15625,3.716808e+00,4.238859e-02,3.674419e+00
1868.5625,1868.71875,0.15625,3.507877e+00,4.238859e-02,3.465488e+00
1868.71875,1868.875,0.15625,3.233457e+00,4.238859e-02,3.191069e+00
1868.875,1869.03125,0.15625,2.929775e+00,4.238859e-02,2.887387e+00
1869.03125,1869.1875,0.15625,2.638831e+00,4.238859e-02,2.596443e+00
1869.1875,1869.34375,0.15625,2.400424e+00,4.238859e-02,2.358035e+00
1869.34375,1869.5,0.15625,2.244695e+00,4.238859e-02,2.202306e+00
1869.5,1869.65625,0.15625,2.186918e+00,4.238859e-02,2.144529e+00
1869.65625,1869.8125,0.15625,2.186918e+00,4.238859e-02,2.144529e+00
1869.8125,1869.96875,0.15625,2.225697e+00,4.238859e-02,2.183309e+00
1869.96875,1870.125,0.15625,2.344903e+00,4.238859e-02,2.302514e+00
1870.125,1870.28125,0.15625,2.518656e+00,4.238859e-02,2.476268e+00
1870.28125,1870.4375,0.15625,2.717886e+00,4.238859e-02,2.675497e+00
1870.4375,1870.59375,0.15625,2.916610e+00,4.238859e-02,2.874222e+00
1870.59375,1870.75,0.15625,3.096413e+00,4.238859e-02,3.054024e+00
1870.75,1870.90625,0.15625,3.248329e+00,4.238859e-02,3.205940e+00
1870.90625,1871.0625,0.15625,3.372325e+00,4.238859e-02,3.329936e+00
1871.0625,1871.21875,0.15625,3.475181e+00,4.238859e-02,3.432793e+00
1871.21875,1871.375,0.15625,3.567732e+00,4.238859e-02,3.525343e+00
1871.375,1871.53125,0.15625,3.662035e+00,4.238859e-02,3.619646e+00
1871.53125,1871.6875,0.15625,3.768569e+00,4.238859e-02,3.726181e+00
1871.6875,1871.84375,0.15625,3.893327e+00,4.238859e-02,3.850938e+00
1871.84375,1872.0,0.15625,4.034973e+00,4.238859e-02,3.992584e+00
1872.0,1872.15625,0.15625,4.182796e+00,4.238859e-02,4.140408e+00
1872.15625,1872.3125,0.15625,4.316600e+00,4.238859e-02,4.274211e+00
1872.3125,1872.46875,0.15625,4.409510e+00,4.238859e-02,4.367122e+00
1872.46875,1872.625,0.15625,4.368804e+00,4.238859e-02,4.326416e+00
1872.625,1872.78125,0.15625,4.208102e+00,4.238859e-02,4.165714e+00
1872.78125,1872.9375,0.15625,3.964573e+00,4.238859e-02,3.922184e+00
1872.9375,1873.09375,0.15625,3.670338e+00,4.238859e-02,3.627950e+00
1873.09375,1873.25,0.15625,3.371706e+00,4.238859e-02,3.329317e+00
1873.25,1873.40625,0.15625,3.119876e+00,4.238859e-02,3.077487e+00
1873.40625,1873.5625,0.15625,2.959671e+00,4.238859e-02,2.917283e+00
1873.5625,1873.71875,0.15625,2.919064e+00,4.238859e-02,2.876676e+00
1873.71875,1873.875,0.15625,2.919064e+00,4.238859e-02,2.876676e+00
1873.875,1874.03125,0.15625,3.002077e+00,4.238859e-02,2.959689e+00
1874.03125,1874.1875,0.15625,3.186827e+00,4.238859e-02,3.144439e+00
1874.1875,1874.34375,0.15625,3.429252e+00,4.238859e-02,3.386864e+00
1874.34375,1874.5,0.15625,3.671765e+00,4.238859e-02,3.629376e+00
1874.5,1874.65625,0.15625,3.854928e+00,4.238859e-02,3.812540e+00
1874.65625,1874.8125,0.15625,3.866307e+00,4.238859e-02,3.823919e+00
1874.8125,1874.96875,0.15625,3.661249e+00,4.238859e-02,3.618860e+00
1874.96875,1875.125,0.15625,3.335442e+00,4.238859e-02,3.293053e+00
1875.125,1875.28125,0.15625,2.929960e+00,4.238859e-02,2.887571e+00
1875.28125,1875.4375,0.15625,2.497366e+00,4.238859e-02,2.454978e+00
1875.4375,1875.59375,0.15625,2.092047e+00,4.238859e-02,2.049659e+00
1875.59375,1875.75,0.15625,1.761485e+00,4.238859e-02,1.719096e+00
1875.75,1875.90625,0.15625,1.539913e+00,4.238859e-02,1.497525e+00
1875.90625,1876.0625,0.15625,1.444973e+00,4.238859e-02,1.402584e+00
1876.0625,1876.21875,0.15625,1.444973e+00,4.238859e-02,1.402584e+00
1876.21875,1876.375,0.15625,1.477240e+00,4.238859e-02,1.434851e+00
1876.375,1876.53125,0.15625,1.622131e+00,4.238859e-02,1.579742e+00
1876.53125,1876.6875,0.15625,1.853545e+00,4.238859e-02,1.811157e+00
1876.6875,1876.84375,0.15625,2.138605e+00,4.238859e-02,2.096217e+00
1876.84375,1877.0,0.15625,2.442789e+00,4.238859e-02,2.400400e+00
1877.0,1877.15625,0.15625,2.734688e+00,4.238859e-02,2.692300e+00
1877.15625,1877.3125,0.15625,2.989642e+00,4.238859e-02,2.947253e+00
1877.3125,1877.46875,0.15625,3.191746e+00,4.238859e-02,3.149358e+00
1877.46875,1877.625,0.15625,3.334180e+00,4.238859e-02,3.291791e+00
1877.625,1877.78125,0.15625,3.418247e+00,4.238859e-02,3.375859e+00
1877.78125,1877.9375,0.15625,3.447256e+00,4.238859e-02,3.404868e+00
1877.9375,1878.09375,0.15625,3.420264e+00,4.238859e-02,3.377875e+00
1878.09375,1878.25,0.15625,3.387472e+00,4.238859e-02,3.345084e+00
1878.25,1878.40625,0.15625,3.364756e+00,4.238859e-02,3.322367e+00
1878.40625,1878.5625,0.15625,3.364756e+00,4.238859e-02,3.322367e+00
1878.5625,1878.71875,0.15625,3.365181e+00,4.238859e-02,3.322792e+00
1878.71875,1878.875,0.15625,3.397444e+00,4.238859e-02,3.355055e+00
1878.875,1879.03125,0.15625,3.465172e+00,4.238859e-02,3.422784e+00
1879.03125,1879.1875,0.15625,3.567194e+00,4.238859e-02,3.524805e+00
1879.1875,1879.34375,0.15625,3.698373e+00,4.238859e-02,3.655984e+00
1879.34375,1879.5,0.15625,3.850316e+00,4.238859e-02,3.807928e+00
1879.5,1879.65625,0.15625,4.011455e+00,4.238859e-02,3.969066e+00
1879.65625,1879.8125,0.15625,4.166572e+00,4.238859e-02,4.124183e+00
1879.8125,1879.96875,0.15625,4.296541e+00,4.238859e-02,4.254153e+00
1879.96875,1880.125,0.15625,4.379296e+00,4.238859e-02,4.336907e+00
1880.125,1880.28125,0.15625,4.319231e+00,4.238859e-02,4.276843e+00
1880.28125,1880.4375,0.15625,4.151110e+00,4.238859e-02,4.108721e+00
1880.4375,1880.59375,0.15625,3.894522e+00,4.238859e-02,3.852134e+00
1880.59375,1880.75,0.15625,3.570930e+00,4.238859e-02,3.528542e+00
1880.75,1880.90625,0.15625,3.214783e+00,4.238859e-02,3.172394e+00
1880.90625,1881.0625,0.15625,2.867784e+00,4.238859e-02,2.825396e+00
1881.0625,1881.21875,0.15625,2.571054e+00,4.238859e-02,2.528666e+00
1881.21875,1881.375,0.15625,2.357189e+00,4.238859e-02,2.314801e+00
1881.375,1881.53125,0.15625,2.244342e+00,4.238859e-02,2.201954e+00
1881.53125,1881.6875,0.15625,2.233891e+00,4.238859e-02,2.191502e+00
1881.6875,1881.84375,0.15625,2.233891e+00,4.238859e-02,2.191502e+00
1881.84375,1882.0,0.15625,2.312239e+00,4.238859e-02,2.269851e+00
1882.0,1882.15625,0.15625,2.456088e+00,4.238859e-02,2.413700e+00
1882.15625,1882.3125,0.15625,2.639452e+00,4.238859e-02,2.597063e+00
1882.3125,1882.46875,0.15625,2.840170e+00,4.238859e-02,2.797781e+00
1882.46875,1882.625,0.15625,3.043878e+00,4.238859e-02,3.001489e+00
1882.625,1882.78125,0.15625,3.244348e+00,4.238859e-02,3.201959e+00
1882.78125,1882.9375,0.15625,3.440475e+00,4.238859e-02,3.398087e+00
1882.9375,1883.09375,0.15625,3.631457e+00,4.238859e-02,3.589069e+00
1883.09375,1883.25,0.15625,3.812375e+00,4.238859e-02,3.769987e+00
1883.25,1883.40625,0.15625,3.972156e+00,4.238859e-02,3.929768e+00
1883.40625,1883.5625,0.15625,4.094858e+00,4.238859e-02,4.052470e+00
1883.5625,1883.71875,0.15625,4.163839e+00,4.238859e-02,4.121451e+00
1883.71875,1883.875,0.15625,4.102051e+00,4.238859e-02,4.059663e+00
1883.875,1884.03125,0.15625,3.976627e+00,4.238859e-02,3.934238e+00
1884.03125,1884.1875,0.15625,3.807972e+00,4.238859e-02,3.765584e+00
1884.1875,1884.34375,0.15625,3.617237e+00,4.238859e-02,3.574848e+00
1884.34375,1884.5,0.15625,3.423407e+00,4.238859e-02,3.381019e+00
1884.5,1884.65625,0.15625,3.238075e+00,4.238859e-02,3.195686e+00
1884.65625,1884.8125,0.15625,3.063160e+00,4.238859e-02,3.020771e+00
1884.8125,1884.96875,0.15625,2.892491e+00,4.238859e-02,2.850102e+00
1884.96875,1885.125,0.15625,2.716664e+00,4.238859e-02,2.674275e+00
1885.125,1885.28125,0.15625,2.529360e+00,4.238859e-02,2.486972e+00
1885.28125,1885.4375,0.15625,2.332721e+00,4.238859e-02,2.290332e+00
1885.4375,1885.59375,0.15625,2.139750e+00,4.238859e-02,2.097361e+00
1885.59375,1885.75,0.15625,1.972822e+00,4.238859e-02,1.930433e+00
1885.75,1885.90625,0.15625,1.858740e+00,4.238859e-02,1.816351e+00
1885.90625,1886.0625,0.15625,1.821923e+00,4.238859e-02,1.779534e+00
1886.0625,1886.21875,0.15625,1.821923e+00,4.238859e-02,1.779534e+00
1886.21875,1886.375,0.15625,1.877810e+00,4.238859e-02,1.835422e+00
1886.375,1886.53125,0.15625,2.028349e+00,4.238859e-02,1.985961e+00
1886.53125,1886.6875,0.15625,2.260692e+00,4.238859e-02,2.218304e+00
1886.6875,1886.84375,0.15625,2.549259e+00,4.238859e-02,2.506870e+00
1886.84375,1887.0,0.15625,2.860440e+00,4.238859e-02,2.818051e+00
1887.0,1887.15625,0.15625,3.158680e+00,4.238859e-02,3.116292e+00
1887.15625,1887.3125,0.15625,3.412514e+00,4.238859e-02,3.370126e+00
1887.3125,1887.46875,0.15625,3.599362e+00,4.238859e-02,3.556973e+00
1887.46875,1887.625,0.15625,3.708292e+00,4.238859e-02,3.665904e+00
1887.625,1887.78125,0.15625,3.707222e+00,4.238859e-02,3.664833e+00
1887.78125,1887.9375,0.15625,3.626678e+00,4.238859e-02,3.584290e+00
1887.9375,1888.09375,0.15625,3.519035e+00,4.238859e-02,3.476647e+00
1888.09375,1888.25,0.15625,3.402340e+00,4.238859e-02,3.359952e+00
1888.25,1888.40625,0.15625,3.289562e+00,4.238859e-02,3.247173e+00
1888.40625,1888.5625,0.15625,3.188026e+00,4.238859e-02,3.145638e+00
1888.5625,1888.71875,0.15625,3.101390e+00,4.238859e-02,3.059002e+00
1888.71875,1888.875,0.15625,3.033278e+00,4.238859e-02,2.990889e+00
1888.875,1889.03125,0.15625,2.990848e+00,4.238859e-02,2.948460e+00
1889.03125,1889.1875,0.15625,2.986299e+00,4.238859e-02,2.943911e+00
1889.1875,1889.34375,0.15625,2.986299e+00,4.238859e-02,2.943911e+00
1889.34375,1889.5,0.15625,3.035000e+00,4.238859e-02,2.992612e+00
1889.5,1889.65625,0.15625,3.150375e+00,4.238859e-02,3.107986e+00
1889.65625,1889.8125,0.15625,3.337238e+00,4.238859e-02,3.294850e+00
1889.8125,1889.96875,0.15625,3.586329e+00,4.238859e-02,3.543940e+00
1889.96875,1890.125,0.15625,3.872655e+00,4.238859e-02,3.830267e+00
1890.125,1890.28125,0.15625,4.158993e+00,4.238859e-02,4.116604e+00
1890.28125,1890.4375,0.15625,4.403852e+00,4.238859e-02,4.361463e+00
1890.4375,1890.59375,0.15625,4.571415e+00,4.238859e-02,4.529026e+00
1890.59375,1890.75,0.15625,4.606550e+00,4.238859e-02,4.564162e+00
1890.75,1890.90625,0.15625,4.484930e+00,4.238859e-02,4.442541e+00
1890.90625,1891.0625,0.15625,4.300730e+00,4.238859e-02,4.258341e+00
1891.0625,1891.21875,0.15625,4.083334e+00,4.238859e-02,4.040945e+00
1891.21875,1891.375,0.15625,3.859139e+00,4.238859e-02,3.816750e+00
1891.375,1891.53125,0.15625,3.647524e+00,4.238859e-02,3.605135e+00
1891.53125,1891.6875,0.15625,3.459947e+00,4.238859e-02,3.417559e+00
1891.6875,1891.84375,0.15625,3.301117e+00,4.238859e-02,3.258728e+00
1891.84375,1892.0,0.15625,3.170649e+00,4.238859e-02,3.128260e+00
1892.0,1892.15625,0.15625,3.064142e+00,4.238859e-02,3.021753e+00
1892.15625,1892.3125,0.15625,2.973620e+00,4.238859e-02,2.931231e+00
1892.3125,1892.46875,0.15625,2.888186e+00,4.238859e-02,2.845797e+00
1892.46875,1892.625,0.15625,2.795841e+00,4.238859e-02,2.753453e+00
1892.625,1892.78125,0.15625,2.686732e+00,4.238859e-02,2.644344e+00
1892.78125,1892.9375,0.15625,2.557023e+00,4.238859e-02,2.514635e+00
1892.9375,1893.09375,0.15625,2.411820e+00,4.238859e-02,2.369431e+00
1893.09375,1893.25,0.15625,2.265575e+00,4.238859e-02,2.223186e+00
1893.25,1893.40625,0.15625,2.139250e+00,4.238859e-02,2.096861e+00
1893.40625,1893.5625,0.15625,2.054847e+00,4.238859e-02,2.012458e+00
1893.5625,1893.71875,0.15625,2.029049e+00,4.238859e-02,1.986661e+00
1893.71875,1893.875,0.15625,2.029049e+00,4.238859e-02,1.986661e+00
1893.875,1894.03125,0.15625,2.068218e+00,4.238859e-02,2.025830e+00
1894.03125,1894.1875,0.15625,2.166543e+00,4.238859e-02,2.124155e+00
1894.1875,1894.34375,0.15625,2.307997e+00,4.238859e-02,2.265608e+00
1894.34375,1894.5,0.15625,2.471336e+00,4.238859e-02,2.428948e+00
1894.5,1894.65625,0.15625,2.636280e+00,4.238859e-02,2.593892e+00
1894.65625,1894.8125,0.15625,2.788645e+00,4.238859e-02,2.746256e+00
1894.8125,1894.96875,0.15625,2.922750e+00,4.238859e-02,2.880361e+00
1894.96875,1895.125,0.15625,3.040586e+00,4.238859e-02,2.998197e+00
1895.125,1895.28125,0.15625,3.148522e+00,4.238859e-02,3.106133e+00
1895.28125,1895.4375,0.15625,3.253185e+00,4.238859e-02,3.210797e+00
1895.4375,1895.59375,0.15625,3.358214e+00,4.238859e-02,3.315826e+00
1895.59375,1895.75,0.15625,3.462923e+00,4.238859e-02,3.420534e+00
1895.75,1895.90625,0.15625,3.562938e+00,4.238859e-02,3.520550e+00
1895.90625,1896.0625,0.15625,3.652053e+00,4.238859e-02,3.609664e+00
1896.0625,1896.21875,0.15625,3.724253e+00,4.238859e-02,3.681864e+00
1896.21875,1896.375,0.15625,3.775091e+00,4.238859e-02,3.732703e+00
1896.375,1896.53125,0.15625,3.802098e+00,4.238859e-02,3.759709e+00
1896.53125,1896.6875,0.15625,3.781822e+00,4.238859e-02,3.739434e+00
1896.6875,1896.84375,0.15625,3.734498e+00,4.238859e-02,3.692109e+00
1896.84375,1897.0,0.15625,3.662509e+00,4.238859e-02,3.620121e+00
1897.0,1897.15625,0.15625,3.566638e+00,4.238859e-02,3.524250e+00
1897.15625,1897.3125,0.15625,3.449558e+00,4.238859e-02,3.407169e+00
1897.3125,1897.46875,0.15625,3.317140e+00,4.238859e-02,3.274752e+00
1897.46875,1897.625,0.15625,3.179095e+00,4.238859e-02,3.136706e+00
1897.625,1897.78125,0.15625,3.048254e+00,4.238859e-02,3.005865e+00
1897.78125,1897.9375,0.15625,2.938320e+00,4.238859e-02,2.895931e+00
1897.9375,1898.09375,0.15625,2.860685e+00,4.238859e-02,2.818297e+00
1898.09375,1898.25,0.15625,2.821568e+00,4.238859e-02,2.779180e+00
1898.25,1898.40625,0.15625,2.820810e+00,4.238859e-02,2.778422e+00
1898.40625,1898.5625,0.15625,2.820810e+00,4.238859e-02,2.778422e+00
1898.5625,1898.71875,0.15625,2.853069e+00,4.238859e-02,2.810680e+00
1898.71875,1898.875,0.15625,2.910988e+00,4.238859e-02,2.868599e+00
1898.875,1899.03125,0.15625,2.988890e+00,4.238859e-02,2.946501e+00
1899.03125,1899.1875,0.15625,3.085131e+00,4.238859e-02,3.042743e+00
1899.1875,1899.34375,0.15625,3.201780e+00,4.238859e-02,3.159391e+00
1899.34375,1899.5,0.15625,3.341540e+00,4.238859e-02,3.299151e+00
1899.5,1899.65625,0.15625,3.503223e+00,4.238859e-02,3.460835e+00
1899.65625,1899.8125,0.15625,3.677899e+00,4.238859e-02,3.635511e+00
1899.8125,1899.96875,0.15625,3.847728e+00,4.238859e-02,3.805339e+00
1899.96875,1900.125,0.15625,3.988468e+00,4.238859e-02,3.946080e+00
1900.125,1900.28125,0.15625,4.075167e+00,4.238859e-02,4.032778e+00
1900.28125,1900.4375,0.15625,4.024620e+00,4.238859e-02,3.982232e+00
1900.4375,1900.59375,0.15625,3.890601e+00,4.238859e-02,3.848212e+00
1900.59375,1900.75,0.15625,3.710654e+00,4.238859e-02,3.668266e+00
1900.75,1900.90625,0.15625,3.517114e+00,4.238859e-02,3.474725e+00
1900.90625,1901.0625,0.15625,3.343505e+00,4.238859e-02,3.301117e+00
1901.0625,1901.21875,0.15625,3.216749e+00,4.238859e-02,3.174360e+00
1901.21875,1901.375,0.15625,3.151479e+00,4.238859e-02,3.109091e+00
1901.375,1901.53125,0.15625,3.147926e+00,4.238859e-02,3.105537e+00
1901.53125,1901.6875,0.15625,3.147926e+00,4.238859e-02,3.105537e+00
1901.6875,1901.84375,0.15625,3.193543e+00,4.238859e-02,3.151155e+00
1901.84375,1902.0,0.15625,3.267416e+00,4.238859e-02,3.225028e+00
1902.0,1902.15625,0.15625,3.345784e+00,4.238859e-02,3.303395e+00
1902.15625,1902.3125,0.15625,3.407091e+00,4.238859e-02,3.364702e+00
1902.3125,1902.46875,0.15625,3.423111e+00,4.238859e-02,3.380722e+00
1902.46875,1902.625,0.15625,3.369615e+00,4.238859e-02,3.327226e+00
1902.625,1902.78125,0.15625,3.282187e+00,4.238859e-02,3.239798e+00
1902.78125,1902.9375,0.15625,3.173198e+00,4.238859e-02,3.130809e+00
1902.9375,1903.09375,0.15625,3.057269e+00,4.238859e-02,3.014881e+00
1903.09375,1903.25,0.15625,2.947433e+00,4.238859e-02,2.905045e+00
1903.25,1903.40625,0.15625,2.851260e+00,4.238859e-02,2.808872e+00
1903.40625,1903.5625,0.15625,2.768231e+00,4.238859e-02,2.725842e+00
1903.5625,1903.71875,0.15625,2.689570e+00,4.238859e-02,2.647182e+00
1903.71875,1903.875,0.15625,2.601116e+00,4.238859e-02,2.558727e+00
1903.875,1904.03125,0.15625,2.488641e+00,4.238859e-02,2.446252e+00
1904.03125,1904.1875,0.15625,2.344035e+00,4.238859e-02,2.301647e+00
1904.1875,1904.34375,0.15625,2.170258e+00,4.238859e-02,2.127870e+00
1904.34375,1904.5,0.15625,1.983336e+00,4.238859e-02,1.940947e+00
1904.5,1904.65625,0.15625,1.810657e+00,4.238859e-02,1.768268e+00
1904.65625,1904.8125,0.15625,1.686000e+00,4.238859e-02,1.643611e+00
1904.8125,1904.96875,0.15625,1.642641e+00,4.238859e-02,1.600252e+00
1904.96875,1905.125,0.15625,1.642641e+00,4.238859e-02,1.600252e+00
1905.125,1905.28125,0.15625,1.706258e+00,4.238859e-02,1.663870e+00
1905.28125,1905.4375,0.15625,1.889230e+00,4.238859e-02,1.846842e+00
1905.4375,1905.59375,0.15625,2.187445e+00,4.238859e-02,2.145057e+00
1905.59375,1905.75,0.15625,2.580164e+00,4.238859e-02,2.537775e+00
1905.75,1905.90625,0.15625,3.032898e+00,4.238859e-02,2.990510e+00
1905.90625,1906.0625,0.15625,3.502736e+00,4.238859e-02,3.460347e+00
1906.0625,1906.21875,0.15625,3.945053e+00,4.238859e-02,3.902664e+00
1906.21875,1906.375,0.15625,4.320283e+00,4.238859e-02,4.277894e+00
1906.375,1906.53125,0.15625,4.599375e+00,4.238859e-02,4.556986e+00
1906.53125,1906.6875,0.15625,4.766950e+00,4.238859e-02,4.724561e+00
1906.6875,1906.84375,0.15625,4.775089e+00,4.238859e-02,4.732700e+00
1906.84375,1907.0,0.15625,4.647092e+00,4.238859e-02,4.604704e+00
1907.0,1907.15625,0.15625,4.463370e+00,4.238859e-02,4.420982e+00
1907.15625,1907.3125,0.15625,4.251068e+00,4.238859e-02,4.208680e+00
1907.3125,1907.46875,0.15625,4.035639e+00,4.238859e-02,3.993251e+00
1907.46875,1907.625,0.15625,3.838112e+00,4.238859e-02,3.795723e+00
1907.625,1907.78125,0.15625,3.673033e+00,4.238859e-02,3.630645e+00
1907.78125,1907.9375,0.15625,3.547387e+00,4.238859e-02,3.504998e+00
1907.9375,1908.09375,0.15625,3.460766e+00,4.238859e-02,3.418378e+00
1908.09375,1908.25,0.15625,3.406851e+00,4.238859e-02,3.364462e+00
1908.25,1908.40625,0.15625,3.375782e+00,4.238859e-02,3.333394e+00
1908.40625,1908.5625,0.15625,3.356699e+00,4.238859e-02,3.314311e+00
1908.5625,1908.71875,0.15625,3.339713e+00,4.238859e-02,3.297325e+00
1908.71875,1908.875,0.15625,3.317013e+00,4.238859e-02,3.274625e+00
1908.875,1909.03125,0.15625,3.283319e+00,4.238859e-02,3.240930e+00
1909.03125,1909.1875,0.15625,3.236191e+00,4.238859e-02,3.193803e+00
1909.1875,1909.34375,0.15625,3.176538e+00,4.238859e-02,3.134149e+00
1909.34375,1909.5,0.15625,3.109142e+00,4.238859e-02,3.066754e+00
1909.5,1909.65625,0.15625,3.042609e+00,4.238859e-02,3.000220e+00
1909.65625,1909.8125,0.15625,2.988090e+00,4.238859e-02,2.945702e+00
1909.8125,1909.96875,0.15625,2.956707e+00,4.238859e-02,2.914319e+00
1909.96875,1910.125,0.15625,2.956312e+00,4.238859e-02,2.913923e+00
1910.125,1910.28125,0.15625,2.956312e+00,4.238859e-02,2.913923e+00
1910.28125,1910.4375,0.15625,2.988773e+00,4.238859e-02,2.946385e+00
1910.4375,1910.59375,0.15625,3.048868e+00,4.238859e-02,3.006479e+00
1910.59375,1910.75,0.15625,3.125189e+00,4.238859e-02,3.082801e+00
1910.75,1910.90625,0.15625,3.202625e+00,4.238859e-02,3.160237e+00
1910.90625,1911.0625,0.15625,3.265410e+00,4.238859e-02,3.223022e+00
1911.0625,1911.21875,0.15625,3.295852e+00,4.238859e-02,3.253464e+00
1911.21875,1911.375,0.15625,3.248683e+00,4.238859e-02,3.206295e+00
1911.375,1911.53125,0.15625,3.159185e+00,4.238859e-02,3.116796e+00
1911.53125,1911.6875,0.15625,3.034677e+00,4.238859e-02,2.992289e+00
1911.6875,1911.84375,0.15625,2.888892e+00,4.238859e-02,2.846503e+00
1911.84375,1912.0,0.15625,2.740676e+00,4.238859e-02,2.698288e+00
1912.0,1912.15625,0.15625,2.611019e+00,4.238859e-02,2.568631e+00
1912.15625,1912.3125,0.15625,2.518740e+00,4.238859e-02,2.476351e+00
1912.3125,1912.46875,0.15625,2.476078e+00,4.238859e-02,2.433689e+00
1912.46875,1912.625,0.15625,2.476078e+00,4.238859e-02,2.433689e+00
1912.625,1912.78125,0.15625,2.485826e+00,4.238859e-02,2.443438e+00
1912.78125,1912.9375,0.15625,2.541304e+00,4.238859e-02,2.498915e+00
1912.9375,1913.09375,0.15625,2.629381e+00,4.238859e-02,2.586992e+00
1913.09375,1913.25,0.15625,2.735474e+00,4.238859e-02,2.693085e+00
1913.25,1913.40625,0.15625,2.848517e+00,4.238859e-02,2.806128e+00
1913.40625,1913.5625,0.15625,2.963862e+00,4.238859e-02,2.921473e+00
1913.5625,1913.71875,0.15625,3.082960e+00,4.238859e-02,3.040571e+00
1913.71875,1913.875,0.15625,3.210039e+00,4.238859e-02,3.167651e+00
1913.875,1914.03125,0.15625,3.347288e+00,4.238859e-02,3.304900e+00
1914.03125,1914.1875,0.15625,3.490618e+00,4.238859e-02,3.448230e+00
1914.1875,1914.34375,0.15625,3.627797e+00,4.238859e-02,3.585408e+00
1914.34375,1914.5,0.15625,3.739771e+00,4.238859e-02,3.697382e+00
1914.5,1914.65625,0.15625,3.804282e+00,4.238859e-02,3.761894e+00
1914.65625,1914.8125,0.15625,3.728191e+00,4.238859e-02,3.685802e+00
1914.8125,1914.96875,0.15625,3.579277e+00,4.238859e-02,3.536888e+00
1914.96875,1915.125,0.15625,3.374256e+00,4.238859e-02,3.331867e+00
1915.125,1915.28125,0.15625,3.141941e+00,4.238859e-02,3.099553e+00
1915.28125,1915.4375,0.15625,2.918443e+00,4.238859e-02,2.876054e+00
1915.4375,1915.59375,0.15625,2.740369e+00,4.238859e-02,2.697980e+00
1915.59375,1915.75,0.15625,2.637487e+00,4.238859e-02,2.595098e+00
1915.75,1915.90625,0.15625,2.626527e+00,4.238859e-02,2.584139e+00
1915.90625,1916.0625,0.15625,2.626527e+00,4.238859e-02,2.584139e+00
1916.0625,1916.21875,0.15625,2.707630e+00,4.238859e-02,2.665241e+00
1916.21875,1916.375,0.15625,2.864282e+00,4.238859e-02,2.821893e+00
1916.375,1916.53125,0.15625,3.066725e+00,4.238859e-02,3.024336e+00
1916.53125,1916.6875,0.15625,3.277958e+00,4.238859e-02,3.235569e+00
1916.6875,1916.84375,0.15625,3.460939e+00,4.238859e-02,3.418551e+00
1916.84375,1917.0,0.15625,3.585525e+00,4.238859e-02,3.543136e+00
1917.0,1917.15625,0.15625,3.604073e+00,4.238859e-02,3.561684e+00
1917.15625,1917.3125,0.15625,3.510045e+00,4.238859e-02,3.467657e+00
1917.3125,1917.46875,0.15625,3.380148e+00,4.238859e-02,3.337760e+00
1917.46875,1917.625,0.15625,3.252018e+00,4.238859e-02,3.209630e+00
1917.625,1917.78125,0.15625,3.165698e+00,4.238859e-02,3.123310e+00
1917.78125,1917.9375,0.15625,3.155595e+00,4.238859e-02,3.113206e+00
1917.9375,1918.09375,0.15625,3.155595e+00,4.238859e-02,3.113206e+00
1918.09375,1918.25,0.15625,3.242917e+00,4.238859e-02,3.200529e+00
1918.25,1918.40625,0.15625,3.430432e+00,4.238859e-02,3.388043e+00
1918.40625,1918.5625,0.15625,3.700995e+00,4.238859e-02,3.658606e+00
1918.5625,1918.71875,0.15625,4.020443e+00,4.238859e-02,3.978055e+00
1918.71875,1918.875,0.15625,4.344161e+00,4.238859e-02,4.301773e+00
1918.875,1919.03125,0.15625,4.625559e+00,4.238859e-02,4.583171e+00
1919.03125,1919.1875,0.15625,4.824214e+00,4.238859e-02,4.781825e+00
1919.1875,1919.34375,0.15625,4.874220e+00,4.238859e-02,4.831831e+00
1919.34375,1919.5,0.15625,4.712010e+00,4.238859e-02,4.669621e+00
1919.5,1919.65625,0.15625,4.436987e+00,4.238859e-02,4.394599e+00
1919.65625,1919.8125,0.15625,4.069651e+00,4.238859e-02,4.027262e+00
1919.8125,1919.96875,0.15625,3.636434e+00,4.238859e-02,3.594045e+00
1919.96875,1920.125,0.15625,3.167739e+00,4.238859e-02,3.125350e+00
1920.125,1920.28125,0.15625,2.696333e+00,4.238859e-02,2.653944e+00
1920.28125,1920.4375,0.15625,2.255521e+00,4.238859e-02,2.213132e+00
1920.4375,1920.59375,0.15625,1.876708e+00,4.238859e-02,1.834320e+00
1920.59375,1920.75,0.15625,1.586362e+00,4.238859e-02,1.543973e+00
1920.75,1920.90625,0.15625,1.402818e+00,4.238859e-02,1.360429e+00
1920.90625,1921.0625,0.15625,1.333621e+00,4.238859e-02,1.291233e+00
1921.0625,1921.21875,0.15625,1.333621e+00,4.238859e-02,1.291233e+00
1921.21875,1921.375,0.15625,1.374132e+00,4.238859e-02,1.331744e+00
1921.375,1921.53125,0.15625,1.507956e+00,4.238859e-02,1.465567e+00
1921.53125,1921.6875,0.15625,1.709477e+00,4.238859e-02,1.667088e+00
1921.6875,1921.84375,0.15625,1.948296e+00,4.238859e-02,1.905908e+00
1921.84375,1922.0,0.15625,2.194823e+00,4.238859e-02,2.152434e+00
1922.0,1922.15625,0.15625,2.425750e+00,4.238859e-02,2.383362e+00
1922.15625,1922.3125,0.15625,2.627933e+00,4.238859e-02,2.585545e+00
1922.3125,1922.46875,0.15625,2.799450e+00,4.238859e-02,2.757062e+00
1922.46875,1922.625,0.15625,2.947458e+00,4.238859e-02,2.905070e+00
1922.625,1922.78125,0.15625,3.083516e+00,4.238859e-02,3.041128e+00
1922.78125,1922.9375,0.15625,3.217974e+00,4.238859e-02,3.175585e+00
1922.9375,1923.09375,0.15625,3.355329e+00,4.238859e-02,3.312941e+00
1923.09375,1923.25,0.15625,3.492062e+00,4.238859e-02,3.449673e+00
1923.25,1923.40625,0.15625,3.617477e+00,4.238859e-02,3.575088e+00
1923.40625,1923.5625,0.15625,3.717064e+00,4.238859e-02,3.674675e+00
1923.5625,1923.71875,0.15625,3.777125e+00,4.238859e-02,3.734736e+00
1923.71875,1923.875,0.15625,3.752941e+00,4.238859e-02,3.710552e+00
1923.875,1924.03125,0.15625,3.677030e+00,4.238859e-02,3.634642e+00
1924.03125,1924.1875,0.15625,3.577467e+00,4.238859e-02,3.535078e+00
1924.1875,1924.34375,0.15625,3.474245e+00,4.238859e-02,3.431856e+00
1924.34375,1924.5,0.15625,3.387068e+00,4.238859e-02,3.344680e+00
1924.5,1924.65625,0.15625,3.331436e+00,4.238859e-02,3.289047e+00
1924.65625,1924.8125,0.15625,3.316214e+00,4.238859e-02,3.273825e+00
1924.8125,1924.96875,0.15625,3.316214e+00,4.238859e-02,3.273825e+00
1924.96875,1925.125,0.15625,3.343278e+00,4.238859e-02,3.300889e+00
1925.125,1925.28125,0.15625,3.408974e+00,4.238859e-02,3.366586e+00
1925.28125,1925.4375,0.15625,3.506414e+00,4.238859e-02,3.464026e+00
1925.4375,1925.59375,0.15625,3.627330e+00,4.238859e-02,3.584942e+00
1925.59375,1925.75,0.15625,3.762598e+00,4.238859e-02,3.720210e+00
1925.75,1925.90625,0.15625,3.901392e+00,4.238859e-02,3.859003e+00
1925.90625,1926.0625,0.15625,4.029823e+00,4.238859e-02,3.987434e+00
1926.0625,1926.21875,0.15625,4.130381e+00,4.238859e-02,4.087992e+00
1926.21875,1926.375,0.15625,4.169728e+00,4.238859e-02,4.127340e+00
1926.375,1926.53125,0.15625,4.077092e+00,4.238859e-02,4.034704e+00
1926.53125,1926.6875,0.15625,3.903246e+00,4.238859e-02,3.860858e+00
1926.6875,1926.84375,0.15625,3.659613e+00,4.238859e-02,3.617224e+00
1926.84375,1927.0,0.15625,3.370905e+00,4.238859e-02,3.328516e+00
1927.0,1927.15625,0.15625,3.071453e+00,4.238859e-02,3.029065e+00
1927.15625,1927.3125,0.15625,2.798792e+00,4.238859e-02,2.756403e+00
1927.3125,1927.46875,0.15625,2.586100e+00,4.238859e-02,2.543711e+00
1927.46875,1927.625,0.15625,2.455560e+00,4.238859e-02,2.413171e+00
1927.625,1927.78125,0.15625,2.414492e+00,4.238859e-02,2.372103e+00
1927.78125,1927.9375,0.15625,2.414492e+00,4.238859e-02,2.372103e+00
1927.9375,1928.09375,0.15625,2.455341e+00,4.238859e-02,2.412952e+00
1928.09375,1928.25,0.15625,2.559394e+00,4.238859e-02,2.517006e+00
1928.25,1928.40625,0.15625,2.702911e+00,4.238859e-02,2.660522e+00
1928.40625,1928.5625,0.15625,2.863569e+00,4.238859e-02,2.821181e+00
1928.5625,1928.71875,0.15625,3.025155e+00,4.238859e-02,2.982767e+00
1928.71875,1928.875,0.15625,3.179143e+00,4.238859e-02,3.136755e+00
1928.875,1929.03125,0.15625,3.323087e+00,4.238859e-02,3.280698e+00
1929.03125,1929.1875,0.15625,3.456912e+00,4.238859e-02,3.414523e+00
1929.1875,1929.34375,0.15625,3.578882e+00,4.238859e-02,3.536493e+00
1929.34375,1929.5,0.15625,3.682913e+00,4.238859e-02,3.640524e+00
1929.5,1929.65625,0.15625,3.758234e+00,4.238859e-02,3.715845e+00
1929.65625,1929.8125,0.15625,3.770163e+00,4.238859e-02,3.727775e+00
1929.8125,1929.96875,0.15625,3.687295e+00,4.238859e-02,3.644906e+00
1929.96875,1930.125,0.15625,3.544349e+00,4.238859e-02,3.501961e+00
1930.125,1930.28125,0.15625,3.353125e+00,4.238859e-02,3.310737e+00
1930.28125,1930.4375,0.15625,3.134917e+00,4.238859e-02,3.092528e+00
1930.4375,1930.59375,0.15625,2.917209e+00,4.238859e-02,2.874820e+00
1930.59375,1930.75,0.15625,2.728416e+00,4.238859e-02,2.686027e+00
1930.75,1930.90625,0.15625,2.591911e+00,4.238859e-02,2.549523e+00
1930.90625,1931.0625,0.15625,2.520993e+00,4.238859e-02,2.478604e+00
1931.0625,1931.21875,0.15625,2.516338e+00,4.238859e-02,2.473950e+00
1931.21875,1931.375,0.15625,2.516338e+00,4.238859e-02,2.473950e+00
1931.375,1931.53125,0.15625,2.566778e+00,4.238859e-02,2.524389e+00
1931.53125,1931.6875,0.15625,2.653082e+00,4.238859e-02,2.610694e+00
1931.6875,1931.84375,0.15625,2.753351e+00,4.238859e-02,2.710963e+00
1931.84375,1932.0,0.15625,2.848066e+00,4.238859e-02,2.805677e+00
1932.0,1932.15625,0.15625,2.923163e+00,4.238859e-02,2.880774e+00
1932.15625,1932.3125,0.15625,2.970540e+00,4.238859e-02,2.928151e+00
1932.3125,1932.46875,0.15625,2.970671e+00,4.238859e-02,2.928283e+00
1932.46875,1932.625,0.15625,2.923836e+00,4.238859e-02,2.881448e+00
1932.625,1932.78125,0.15625,2.850402e+00,4.238859e-02,2.808013e+00
1932.78125,1932.9375,0.15625,2.759799e+00,4.238859e-02,2.717410e+00
1932.9375,1933.09375,0.15625,2.668322e+00,4.238859e-02,2.625933e+00
1933.09375,1933.25,0.15625,2.598705e+00,4.238859e-02,2.556316e+00
1933.25,1933.40625,0.15625,2.576689e+00,4.238859e-02,2.534300e+00
1933.40625,1933.5625,0.15625,2.576689e+00,4.238859e-02,2.534300e+00
1933.5625,1933.71875,0.15625,2.625042e+00,4.238859e-02,2.582653e+00
1933.71875,1933.875,0.15625,2.756757e+00,4.238859e-02,2.714368e+00
1933.875,1934.03125,0.15625,2.969783e+00,4.238859e-02,2.927395e+00
1934.03125,1934.1875,0.15625,3.245330e+00,4.238859e-02,3.202941e+00
1934.1875,1934.34375,0.15625,3.550693e+00,4.238859e-02,3.508304e+00
1934.34375,1934.5,0.15625,3.846047e+00,4.238859e-02,3.803658e+00
1934.5,1934.65625,0.15625,4.093332e+00,4.238859e-02,4.050943e+00
1934.65625,1934.8125,0.15625,4.264640e+00,4.238859e-02,4.222252e+00
1934.8125,1934.96875,0.15625,4.347077e+00,4.238859e-02,4.304688e+00
1934.96875,1935.125,0.15625,4.280854e+00,4.238859e-02,4.238466e+00
1935.125,1935.28125,0.15625,4.174542e+00,4.238859e-02,4.132153e+00
1935.28125,1935.4375,0.15625,4.053980e+00,4.238859e-02,4.011591e+00
1935.4375,1935.59375,0.15625,3.939618e+00,4.238859e-02,3.897230e+00
1935.59375,1935.75,0.15625,3.843465e+00,4.238859e-02,3.801077e+00
1935.75,1935.90625,0.15625,3.768940e+00,4.238859e-02,3.726552e+00
1935.90625,1936.0625,0.15625,3.712895e+00,4.238859e-02,3.670506e+00
1936.0625,1936.21875,0.15625,3.668604e+00,4.238859e-02,3.626215e+00
1936.21875,1936.375,0.15625,3.628663e+00,4.238859e-02,3.586274e+00
1936.375,1936.53125,0.15625,3.587168e+00,4.238859e-02,3.544780e+00
1936.53125,1936.6875,0.15625,3.541006e+00,4.238859e-02,3.498617e+00
1936.6875,1936.84375,0.15625,3.490252e+00,4.238859e-02,3.447863e+00
1936.84375,1937.0,0.15625,3.437743e+00,4.238859e-02,3.395355e+00
1937.0,1937.15625,0.15625,3.387902e+00,4.238859e-02,3.345513e+00
1937.15625,1937.3125,0.15625,3.345080e+00,4.238859e-02,3.302692e+00
1937.3125,1937.46875,0.15625,3.311941e+00,4.238859e-02,3.269552e+00
1937.46875,1937.625,0.15625,3.288454e+00,4.238859e-02,3.246065e+00
1937.625,1937.78125,0.15625,3.271873e+00,4.238859e-02,3.229484e+00
1937.78125,1937.9375,0.15625,3.257520e+00,4.238859e-02,3.215131e+00
1937.9375,1938.09375,0.15625,3.239810e+00,4.238859e-02,3.197422e+00
1938.09375,1938.25,0.15625,3.212854e+00,4.238859e-02,3.170465e+00
1938.25,1938.40625,0.15625,3.170401e+00,4.238859e-02,3.128012e+00
1938.40625,1938.5625,0.15625,3.105534e+00,4.238859e-02,3.063145e+00
1938.5625,1938.71875,0.15625,3.010918e+00,4.238859e-02,2.968530e+00
1938.71875,1938.875,0.15625,2.880283e+00,4.238859e-02,2.837894e+00
1938.875,1939.03125,0.15625,2.711146e+00,4.238859e-02,2.668758e+00
1939.03125,1939.1875,0.15625,2.507924e+00,4.238859e-02,2.465536e+00
1939.1875,1939.34375,0.15625,2.284042e+00,4.238859e-02,2.241654e+00
1939.34375,1939.5,0.15625,2.061800e+00,4.238859e-02,2.019411e+00
1939.5,1939.65625,0.15625,1.869473e+00,4.238859e-02,1.827084e+00
1939.65625,1939.8125,0.15625,1.736170e+00,4.238859e-02,1.693782e+00
1939.8125,1939.96875,0.15625,1.685805e+00,4.238859e-02,1.643416e+00
1939.96875,1940.125,0.15625,1.685805e+00,4.238859e-02,1.643416e+00
1940.125,1940.28125,0.15625,1.731872e+00,4.238859e-02,1.689483e+00
1940.28125,1940.4375,0.15625,1.874505e+00,4.238859e-02,1.832116e+00
1940.4375,1940.59375,0.15625,2.100544e+00,4.238859e-02,2.058155e+00
1940.59375,1940.75,0.15625,2.386515e+00,4.238859e-02,2.344127e+00
1940.75,1940.90625,0.15625,2.703597e+00,4.238859e-02,2.661209e+00
1940.90625,1941.0625,0.15625,3.023192e+00,4.238859e-02,2.980803e+00
1941.0625,1941.21875,0.15625,3.321679e+00,4.238859e-02,3.279290e+00
1941.21875,1941.375,0.15625,3.583320e+00,4.238859e-02,3.540932e+00
1941.375,1941.53125,0.15625,3.800938e+00,4.238859e-02,3.758549e+00
1941.53125,1941.6875,0.15625,3.974638e+00,4.238859e-02,3.932250e+00
1941.6875,1941.84375,0.15625,4.109317e+00,4.238859e-02,4.066929e+00
1941.84375,1942.0,0.15625,4.211762e+00,4.238859e-02,4.169374e+00
1942.0,1942.15625,0.15625,4.288015e+00,4.238859e-02,4.245627e+00
1942.15625,1942.3125,0.15625,4.341388e+00,4.238859e-02,4.299000e+00
1942.3125,1942.46875,0.15625,4.371295e+00,4.238859e-02,4.328907e+00
1942.46875,1942.625,0.15625,4.338261e+00,4.238859e-02,4.295872e+00
1942.625,1942.78125,0.15625,4.257139e+00,4.238859e-02,4.214751e+00
1942.78125,1942.9375,0.15625,4.120496e+00,4.238859e-02,4.078108e+00
1942.9375,1943.09375,0.15625,3.923223e+00,4.238859e-02,3.880835e+00
1943.09375,1943.25,0.15625,3.667364e+00,4.238859e-02,3.624975e+00
1943.25,1943.40625,0.15625,3.364392e+00,4.238859e-02,3.322003e+00
1943.40625,1943.5625,0.15625,3.035815e+00,4.238859e-02,2.993426e+00
1943.5625,1943.71875,0.15625,2.711549e+00,4.238859e-02,2.669160e+00
1943.71875,1943.875,0.15625,2.426044e+00,4.238859e-02,2.383655e+00
1943.875,1944.03125,0.15625,2.212782e+00,4.238859e-02,2.170393e+00
1944.03125,1944.1875,0.15625,2.098326e+00,4.238859e-02,2.055938e+00
1944.1875,1944.34375,0.15625,2.097371e+00,4.238859e-02,2.054982e+00
1944.34375,1944.5,0.15625,2.097371e+00,4.238859e-02,2.054982e+00
1944.5,1944.65625,0.15625,2.210039e+00,4.238859e-02,2.167650e+00
1944.65625,1944.8125,0.15625,2.422123e+00,4.238859e-02,2.379735e+00
1944.8125,1944.96875,0.15625,2.708124e+00,4.238859e-02,2.665735e+00
1944.96875,1945.125,0.15625,3.036165e+00,4.238859e-02,2.993777e+00
1945.125,1945.28125,0.15625,3.373398e+00,4.238859e-02,3.331010e+00
1945.28125,1945.4375,0.15625,3.690491e+00,4.238859e-02,3.648103e+00
1945.4375,1945.59375,0.15625,3.964293e+00,4.238859e-02,3.921904e+00
1945.59375,1945.75,0.15625,4.178501e+00,4.238859e-02,4.136112e+00
1945.75,1945.90625,0.15625,4.322899e+00,4.238859e-02,4.280510e+00
1945.90625,1946.0625,0.15625,4.385083e+00,4.238859e-02,4.342694e+00
1946.0625,1946.21875,0.15625,4.304914e+00,4.238859e-02,4.262525e+00
1946.21875,1946.375,0.15625,4.160194e+00,4.238859e-02,4.117806e+00
1946.375,1946.53125,0.15625,3.965658e+00,4.238859e-02,3.923269e+00
1946.53125,1946.6875,0.15625,3.741973e+00,4.238859e-02,3.699584e+00
1946.6875,1946.84375,0.15625,3.513711e+00,4.238859e-02,3.471322e+00
1946.84375,1947.0,0.15625,3.305574e+00,4.238859e-02,3.263185e+00
1947.0,1947.15625,0.15625,3.137781e+00,4.238859e-02,3.095392e+00
1947.15625,1947.3125,0.15625,3.022084e+00,4.238859e-02,2.979696e+00
1947.3125,1947.46875,0.15625,2.959846e+00,4.238859e-02,2.917457e+00
1947.46875,1947.625,0.15625,2.942885e+00,4.238859e-02,2.900496e+00
1947.625,1947.78125,0.15625,2.942885e+00,4.238859e-02,2.900496e+00
1947.78125,1947.9375,0.15625,2.956713e+00,4.238859e-02,2.914324e+00
1947.9375,1948.09375,0.15625,2.984805e+00,4.238859e-02,2.942417e+00
1948.09375,1948.25,0.15625,3.012215e+00,4.238859e-02,2.969826e+00
1948.25,1948.40625,0.15625,3.021867e+00,4.238859e-02,2.979479e+00
1948.40625,1948.5625,0.15625,2.989438e+00,4.238859e-02,2.947050e+00
1948.5625,1948.71875,0.15625,2.925147e+00,4.238859e-02,2.882759e+00
1948.71875,1948.875,0.15625,2.826208e+00,4.238859e-02,2.783820e+00
1948.875,1949.03125,0.15625,2.694197e+00,4.238859e-02,2.651808e+00
1949.03125,1949.1875,0.15625,2.537643e+00,4.238859e-02,2.495255e+00
1949.1875,1949.34375,0.15625,2.373379e+00,4.238859e-02,2.330991e+00
1949.34375,1949.5,0.15625,2.225335e+00,4.238859e-02,2.182947e+00
1949.5,1949.65625,0.15625,2.120498e+00,4.238859e-02,2.078109e+00
1949.65625,1949.8125,0.15625,2.082954e+00,4.238859e-02,2.040565e+00
1949.8125,1949.96875,0.15625,2.082954e+00,4.238859e-02,2.040565e+00
1949.96875,1950.125,0.15625,2.127804e+00,4.238859e-02,2.085415e+00
1950.125,1950.28125,0.15625,2.256858e+00,4.238859e-02,2.214469e+00
1950.28125,1950.4375,0.15625,2.457427e+00,4.238859e-02,2.415038e+00
1950.4375,1950.59375,0.15625,2.704512e+00,4.238859e-02,2.662124e+00
1950.59375,1950.75,0.15625,2.965661e+00,4.238859e-02,2.923272e+00
1950.75,1950.90625,0.15625,3.207119e+00,4.238859e-02,3.164731e+00
1950.90625,1951.0625,0.15625,3.399847e+00,4.238859e-02,3.357459e+00
1951.0625,1951.21875,0.15625,3.524266e+00,4.238859e-02,3.481878e+00
1951.21875,1951.375,0.15625,3.552645e+00,4.238859e-02,3.510257e+00
1951.375,1951.53125,0.15625,3.480920e+00,4.238859e-02,3.438532e+00
1951.53125,1951.6875,0.15625,3.385379e+00,4.238859e-02,3.342990e+00
1951.6875,1951.84375,0.15625,3.297741e+00,4.238859e-02,3.255353e+00
1951.84375,1952.0,0.15625,3.248047e+00,4.238859e-02,3.205658e+00
1952.0,1952.15625,0.15625,3.248047e+00,4.238859e-02,3.205658e+00
1952.15625,1952.3125,0.15625,3.258423e+00,4.238859e-02,3.216034e+00
1952.3125,1952.46875,0.15625,3.338099e+00,4.238859e-02,3.295710e+00
1952.46875,1952.625,0.15625,3.481107e+00,4.238859e-02,3.438719e+00
1952.625,1952.78125,0.15625,3.667565e+00,4.238859e-02,3.625177e+00
1952.78125,1952.9375,0.15625,3.868408e+00,4.238859e-02,3.826020e+00
1952.9375,1953.09375,0.15625,4.052376e+00,4.238859e-02,4.009987e+00
1953.09375,1953.25,0.15625,4.193287e+00,4.238859e-02,4.150899e+00
1953.25,1953.40625,0.15625,4.275575e+00,4.238859e-02,4.233186e+00
1953.40625,1953.5625,0.15625,4.265484e+00,4.238859e-02,4.223095e+00
1953.5625,1953.71875,0.15625,4.198772e+00,4.238859e-02,4.156384e+00
1953.71875,1953.875,0.15625,4.115111e+00,4.238859e-02,4.072723e+00
1953.875,1954.03125,0.15625,4.029986e+00,4.238859e-02,3.987597e+00
1954.03125,1954.1875,0.15625,3.952274e+00,4.238859e-02,3.909886e+00
1954.1875,1954.34375,0.15625,3.883079e+00,4.238859e-02,3.840690e+00
1954.34375,1954.5,0.15625,3.816675e+00,4.238859e-02,3.774286e+00
1954.5,1954.65625,0.15625,3.742939e+00,4.238859e-02,3.700551e+00
1954.65625,1954.8125,0.15625,3.650503e+00,4.238859e-02,3.608114e+00
1954.8125,1954.96875,0.15625,3.530026e+00,4.238859e-02,3.487637e+00
1954.96875,1955.125,0.15625,3.377159e+00,4.238859e-02,3.334771e+00
1955.125,1955.28125,0.15625,3.194716e+00,4.238859e-02,3.152327e+00
1955.28125,1955.4375,0.15625,2.993464e+00,4.238859e-02,2.951076e+00
1955.4375,1955.59375,0.15625,2.790976e+00,4.238859e-02,2.748588e+00
1955.59375,1955.75,0.15625,2.608299e+00,4.238859e-02,2.565910e+00
1955.75,1955.90625,0.15625,2.464971e+00,4.238859e-02,2.422582e+00
1955.90625,1956.0625,0.15625,2.373731e+00,4.238859e-02,2.331342e+00
1956.0625,1956.21875,0.15625,2.336733e+00,4.238859e-02,2.294344e+00
1956.21875,1956.375,0.15625,2.336733e+00,4.238859e-02,2.294344e+00
1956.375,1956.53125,0.15625,2.344885e+00,4.238859e-02,2.302496e+00
1956.53125,1956.6875,0.15625,2.380949e+00,4.238859e-02,2.338560e+00
1956.6875,1956.84375,0.15625,2.425638e+00,4.238859e-02,2.383250e+00
1956.84375,1957.0,0.15625,2.464707e+00,4.238859e-02,2.422318e+00
1957.0,1957.15625,0.15625,2.494450e+00,4.238859e-02,2.452062e+00
1957.15625,1957.3125,0.15625,2.523462e+00,4.238859e-02,2.481074e+00
1957.3125,1957.46875,0.15625,2.569776e+00,4.238859e-02,2.527387e+00
1957.46875,1957.625,0.15625,2.654151e+00,4.238859e-02,2.611763e+00
1957.625,1957.78125,0.15625,2.791704e+00,4.238859e-02,2.749316e+00
1957.78125,1957.9375,0.15625,2.984664e+00,4.238859e-02,2.942276e+00
1957.9375,1958.09375,0.15625,3.218742e+00,4.238859e-02,3.176354e+00
1958.09375,1958.25,0.15625,3.464399e+00,4.238859e-02,3.422010e+00
1958.25,1958.40625,0.15625,3.682787e+00,4.238859e-02,3.640399e+00
1958.40625,1958.5625,0.15625,3.834744e+00,4.238859e-02,3.792356e+00
1958.5625,1958.71875,0.15625,3.836656e+00,4.238859e-02,3.794267e+00
1958.71875,1958.875,0.15625,3.681110e+00,4.238859e-02,3.638722e+00
1958.875,1959.03125,0.15625,3.450606e+00,4.238859e-02,3.408218e+00
1959.03125,1959.1875,0.15625,3.185682e+00,4.238859e-02,3.143293e+00
1959.1875,1959.34375,0.15625,2.931852e+00,4.238859e-02,2.889464e+00
1959.34375,1959.5,0.15625,2.730120e+00,4.238859e-02,2.687731e+00
1959.5,1959.65625,0.15625,2.609056e+00,4.238859e-02,2.566668e+00
1959.65625,1959.8125,0.15625,2.580321e+00,4.238859e-02,2.537933e+00
1959.8125,1959.96875,0.15625,2.580321e+00,4.238859e-02,2.537933e+00
1959.96875,1960.125,0.15625,2.638494e+00,4.238859e-02,2.596106e+00
1960.125,1960.28125,0.15625,2.764821e+00,4.238859e-02,2.722433e+00
1960.28125,1960.4375,0.15625,2.933412e+00,4.238859e-02,2.891023e+00
1960.4375,1960.59375,0.15625,3.117833e+00,4.238859e-02,3.075445e+00
1960.59375,1960.75,0.15625,3.296216e+00,4.238859e-02,3.253828e+00
1960.75,1960.90625,0.15625,3.453757e+00,4.238859e-02,3.411369e+00
1960.90625,1961.0625,0.15625,3.582544e+00,4.238859e-02,3.540155e+00
1961.0625,1961.21875,0.15625,3.679529e+00,4.238859e-02,3.637140e+00
1961.21875,1961.375,0.15625,3.743882e+00,4.238859e-02,3.701493e+00
1961.375,1961.53125,0.15625,3.770848e+00,4.238859e-02,3.728459e+00
1961.53125,1961.6875,0.15625,3.729843e+00,4.238859e-02,3.687455e+00
1961.6875,1961.84375,0.15625,3.650995e+00,4.238859e-02,3.608606e+00
1961.84375,1962.0,0.15625,3.536815e+00,4.238859e-02,3.494426e+00
1962.0,1962.15625,0.15625,3.395229e+00,4.238859e-02,3.352841e+00
1962.15625,1962.3125,0.15625,3.240637e+00,4.238859e-02,3.198248e+00
1962.3125,1962.46875,0.15625,3.093212e+00,4.238859e-02,3.050823e+00
1962.46875,1962.625,0.15625,2.976105e+00,4.238859e-02,2.933716e+00
1962.625,1962.78125,0.15625,2.910914e+00,4.238859e-02,2.868526e+00
1962.78125,1962.9375,0.15625,2.910914e+00,4.238859e-02,2.868526e+00
1962.9375,1963.09375,0.15625,2.912548e+00,4.238859e-02,2.870160e+00
1963.09375,1963.25,0.15625,2.985068e+00,4.238859e-02,2.942679e+00
1963.25,1963.40625,0.15625,3.119947e+00,4.238859e-02,3.077558e+00
1963.40625,1963.5625,0.15625,3.297482e+00,4.238859e-02,3.255094e+00
1963.5625,1963.71875,0.15625,3.491056e+00,4.238859e-02,3.448667e+00
1963.71875,1963.875,0.15625,3.673059e+00,4.238859e-02,3.630670e+00
1963.875,1964.03125,0.15625,3.820844e+00,4.238859e-02,3.778456e+00
1964.03125,1964.1875,0.15625,3.921167e+00,4.238859e-02,3.878778e+00
1964.1875,1964.34375,0.15625,3.972108e+00,4.238859e-02,3.929720e+00
1964.34375,1964.5,0.15625,3.967017e+00,4.238859e-02,3.924628e+00
1964.5,1964.65625,0.15625,3.944425e+00,4.238859e-02,3.902037e+00
1964.65625,1964.8125,0.15625,3.929219e+00,4.238859e-02,3.886830e+00
1964.8125,1964.96875,0.15625,3.928871e+00,4.238859e-02,3.886483e+00
1964.96875,1965.125,0.15625,3.928871e+00,4.238859e-02,3.886483e+00
1965.125,1965.28125,0.15625,3.941150e+00,4.238859e-02,3.898761e+00
1965.28125,1965.4375,0.15625,3.949086e+00,4.238859e-02,3.906697e+00
1965.4375,1965.59375,0.15625,3.903894e+00,4.238859e-02,3.861506e+00
1965.59375,1965.75,0.15625,3.798795e+00,4.238859e-02,3.756407e+00
1965.75,1965.90625,0.15625,3.620601e+00,4.238859e-02,3.578213e+00
1965.90625,1966.0625,0.15625,3.366145e+00,4.238859e-02,3.323757e+00
1966.0625,1966.21875,0.15625,3.043830e+00,4.238859e-02,3.001441e+00
1966.21875,1966.375,0.15625,2.673142e+00,4.238859e-02,2.630753e+00
1966.375,1966.53125,0.15625,2.282329e+00,4.238859e-02,2.239940e+00
1966.53125,1966.6875,0.15625,1.904768e+00,4.238859e-02,1.862379e+00
1966.6875,1966.84375,0.15625,1.574775e+00,4.238859e-02,1.532386e+00
1966.84375,1967.0,0.15625,1.323581e+00,4.238859e-02,1.281192e+00
1967.0,1967.15625,0.15625,1.176014e+00,4.238859e-02,1.133625e+00
1967.15625,1967.3125,0.15625,1.148062e+00,4.238859e-02,1.105674e+00
1967.3125,1967.46875,0.15625,1.148062e+00,4.238859e-02,1.105674e+00
1967.46875,1967.625,0.15625,1.245237e+00,4.238859e-02,1.202849e+00
1967.625,1967.78125,0.15625,1.461608e+00,4.238859e-02,1.419219e+00
1967.78125,1967.9375,0.15625,1.779523e+00,4.238859e-02,1.737135e+00
1967.9375,1968.09375,0.15625,2.170340e+00,4.238859e-02,2.127951e+00
1968.09375,1968.25,0.15625,2.596606e+00,4.238859e-02,2.554218e+00
1968.25,1968.40625,0.15625,3.016034e+00,4.238859e-02,2.973646e+00
1968.40625,1968.5625,0.15625,3.387129e+00,4.238859e-02,3.344740e+00
1968.5625,1968.71875,0.15625,3.675733e+00,4.238859e-02,3.633345e+00
1968.71875,1968.875,0.15625,3.861170e+00,4.238859e-02,3.818782e+00
1968.875,1969.03125,0.15625,3.928965e+00,4.238859e-02,3.886577e+00
1969.03125,1969.1875,0.15625,3.857704e+00,4.238859e-02,3.815315e+00
1969.1875,1969.34375,0.15625,3.766158e+00,4.238859e-02,3.723770e+00
1969.34375,1969.5,0.15625,3.693490e+00,4.238859e-02,3.651102e+00
1969.5,1969.65625,0.15625,3.669425e+00,4.238859e-02,3.627036e+00
1969.65625,1969.8125,0.15625,3.669425e+00,4.238859e-02,3.627036e+00
1969.8125,1969.96875,0.15625,3.707473e+00,4.238859e-02,3.665085e+00
1969.96875,1970.125,0.15625,3.802317e+00,4.238859e-02,3.759928e+00
1970.125,1970.28125,0.15625,3.932109e+00,4.238859e-02,3.889720e+00
1970.28125,1970.4375,0.15625,4.065020e+00,4.238859e-02,4.022631e+00
1970.4375,1970.59375,0.15625,4.168111e+00,4.238859e-02,4.125722e+00
1970.59375,1970.75,0.15625,4.196436e+00,4.238859e-02,4.154048e+00
1970.75,1970.90625,0.15625,4.112535e+00,4.238859e-02,4.070146e+00
1970.90625,1971.0625,0.15625,3.979449e+00,4.238859e-02,3.937060e+00
1971.0625,1971.21875,0.15625,3.818899e+00,4.238859e-02,3.776511e+00
1971.21875,1971.375,0.15625,3.652524e+00,4.238859e-02,3.610135e+00
1971.375,1971.53125,0.15625,3.496742e+00,4.238859e-02,3.454353e+00
1971.53125,1971.6875,0.15625,3.360567e+00,4.238859e-02,3.318178e+00
1971.6875,1971.84375,0.15625,3.246514e+00,4.238859e-02,3.204126e+00
1971.84375,1972.0,0.15625,3.153468e+00,4.238859e-02,3.111080e+00
1972.0,1972.15625,0.15625,3.079733e+00,4.238859e-02,3.037344e+00
1972.15625,1972.3125,0.15625,3.024756e+00,4.238859e-02,2.982367e+00
1972.3125,1972.46875,0.15625,2.989005e+00,4.238859e-02,2.946617e+00
1972.46875,1972.625,0.15625,2.972632e+00,4.238859e-02,2.930243e+00
1972.625,1972.78125,0.15625,2.972632e+00,4.238859e-02,2.930243e+00
1972.78125,1972.9375,0.15625,2.974214e+00,4.238859e-02,2.931825e+00
1972.9375,1973.09375,0.15625,2.990694e+00,4.238859e-02,2.948305e+00
1973.09375,1973.25,0.15625,3.018751e+00,4.238859e-02,2.976362e+00
1973.25,1973.40625,0.15625,3.056806e+00,4.238859e-02,3.014417e+00
1973.40625,1973.5625,0.15625,3.106308e+00,4.238859e-02,3.063919e+00
1973.5625,1973.71875,0.15625,3.171215e+00,4.238859e-02,3.128827e+00
1973.71875,1973.875,0.15625,3.255502e+00,4.238859e-02,3.213114e+00
1973.875,1974.03125,0.15625,3.359584e+00,4.238859e-02,3.317195e+00
1974.03125,1974.1875,0.15625,3.477199e+00,4.238859e-02,3.434811e+00
1974.1875,1974.34375,0.15625,3.594159e+00,4.238859e-02,3.551771e+00
1974.34375,1974.5,0.15625,3.689672e+00,4.238859e-02,3.647283e+00
1974.5,1974.65625,0.15625,3.723376e+00,4.238859e-02,3.680988e+00
1974.65625,1974.8125,0.15625,3.625257e+00,4.238859e-02,3.582868e+00
1974.8125,1974.96875,0.15625,3.442219e+00,4.238859e-02,3.399830e+00
1974.96875,1975.125,0.15625,3.184313e+00,4.238859e-02,3.141925e+00
1975.125,1975.28125,0.15625,2.875142e+00,4.238859e-02,2.832753e+00
1975.28125,1975.4375,0.15625,2.549732e+00,4.238859e-02,2.507344e+00
1975.4375,1975.59375,0.15625,2.250397e+00,4.238859e-02,2.208008e+00
1975.59375,1975.75,0.15625,2.021001e+00,4.238859e-02,1.978613e+00
1975.75,1975.90625,0.15625,1.900272e+00,4.238859e-02,1.857884e+00
1975.90625,1976.0625,0.15625,1.900272e+00,4.238859e-02,1.857884e+00
1976.0625,1976.21875,0.15625,1.914974e+00,4.238859e-02,1.872585e+00
1976.21875,1976.375,0.15625,2.073997e+00,4.238859e-02,2.031609e+00
1976.375,1976.53125,0.15625,2.364589e+00,4.238859e-02,2.322201e+00
1976.53125,1976.6875,0.15625,2.751963e+00,4.238859e-02,2.709574e+00
1976.6875,1976.84375,0.15625,3.183212e+00,4.238859e-02,3.140823e+00
1976.84375,1977.0,0.15625,3.595626e+00,4.238859e-02,3.553237e+00
1977.0,1977.15625,0.15625,3.928254e+00,4.238859e-02,3.885865e+00
1977.15625,1977.3125,0.15625,4.134238e+00,4.238859e-02,4.091849e+00
1977.3125,1977.46875,0.15625,4.102980e+00,4.238859e-02,4.060591e+00
1977.46875,1977.625,0.15625,3.902159e+00,4.238859e-02,3.859770e+00
1977.625,1977.78125,0.15625,3.635604e+00,4.238859e-02,3.593216e+00
1977.78125,1977.9375,0.15625,3.354157e+00,4.238859e-02,3.311768e+00
1977.9375,1978.09375,0.15625,3.099460e+00,4.238859e-02,3.057072e+00
1978.09375,1978.25,0.15625,2.895472e+00,4.238859e-02,2.853083e+00
1978.25,1978.40625,0.15625,2.746450e+00,4.238859e-02,2.704061e+00
1978.40625,1978.5625,0.15625,2.641459e+00,4.238859e-02,2.599071e+00
1978.5625,1978.71875,0.15625,2.563241e+00,4.238859e-02,2.520852e+00
1978.71875,1978.875,0.15625,2.497976e+00,4.238859e-02,2.455587e+00
1978.875,1979.03125,0.15625,2.442456e+00,4.238859e-02,2.400067e+00
1979.03125,1979.1875,0.15625,2.406345e+00,4.238859e-02,2.363956e+00
1979.1875,1979.34375,0.15625,2.406345e+00,4.238859e-02,2.363956e+00
1979.34375,1979.5,0.15625,2.409054e+00,4.238859e-02,2.366665e+00
1979.5,1979.65625,0.15625,2.472638e+00,4.238859e-02,2.430249e+00
1979.65625,1979.8125,0.15625,2.613342e+00,4.238859e-02,2.570954e+00
1979.8125,1979.96875,0.15625,2.834709e+00,4.238859e-02,2.792320e+00
1979.96875,1980.125,0.15625,3.124446e+00,4.238859e-02,3.082058e+00
1980.125,1980.28125,0.15625,3.455939e+00,4.238859e-02,3.413550e+00
1980.28125,1980.4375,0.15625,3.793746e+00,4.238859e-02,3.751357e+00
1980.4375,1980.59375,0.15625,4.101295e+00,4.238859e-02,4.058906e+00
1980.59375,1980.75,0.15625,4.348439e+00,4.238859e-02,4.306050e+00
1980.75,1980.90625,0.15625,4.516806e+00,4.238859e-02,4.474417e+00
1980.90625,1981.0625,0.15625,4.601745e+00,4.238859e-02,4.559357e+00
1981.0625,1981.21875,0.15625,4.559757e+00,4.238859e-02,4.517368e+00
1981.21875,1981.375,0.15625,4.467489e+00,4.238859e-02,4.425101e+00
1981.375,1981.53125,0.15625,4.351576e+00,4.238859e-02,4.309188e+00
1981.53125,1981.6875,0.15625,4.225188e+00,4.238859e-02,4.182799e+00
1981.6875,1981.84375,0.15625,4.095891e+00,4.238859e-02,4.053502e+00
1981.84375,1982.0,0.15625,3.966089e+00,4.238859e-02,3.923700e+00
1982.0,1982.15625,0.15625,3.834657e+00,4.238859e-02,3.792269e+00
1982.15625,1982.3125,0.15625,3.699228e+00,4.238859e-02,3.656839e+00
1982.3125,1982.46875,0.15625,3.558543e+00,4.238859e-02,3.516154e+00
1982.46875,1982.625,0.15625,3.414247e+00,4.238859e-02,3.371859e+00
1982.625,1982.78125,0.15625,3.271468e+00,4.238859e-02,3.229079e+00
1982.78125,1982.9375,0.15625,3.137789e+00,4.238859e-02,3.095401e+00
1982.9375,1983.09375,0.15625,3.020770e+00,4.238859e-02,2.978381e+00
1983.09375,1983.25,0.15625,2.924864e+00,4.238859e-02,2.882475e+00
1983.25,1983.40625,0.15625,2.849118e+00,4.238859e-02,2.806730e+00
1983.40625,1983.5625,0.15625,2.786928e+00,4.238859e-02,2.744539e+00
1983.5625,1983.71875,0.15625,2.728338e+00,4.238859e-02,2.685950e+00
1983.71875,1983.875,0.15625,2.664220e+00,4.238859e-02,2.621832e+00
1983.875,1984.03125,0.15625,2.590594e+00,4.238859e-02,2.548205e+00
1984.03125,1984.1875,0.15625,2.511115e+00,4.238859e-02,2.468726e+00
1984.1875,1984.34375,0.15625,2.436395e+00,4.238859e-02,2.394006e+00
1984.34375,1984.5,0.15625,2.380197e+00,4.238859e-02,2.337808e+00
1984.5,1984.65625,0.15625,2.353981e+00,4.238859e-02,2.311593e+00
1984.65625,1984.8125,0.15625,2.353981e+00,4.238859e-02,2.311593e+00
1984.8125,1984.96875,0.15625,2.362108e+00,4.238859e-02,2.319720e+00
1984.96875,1985.125,0.15625,2.399790e+00,4.238859e-02,2.357402e+00
1985.125,1985.28125,0.15625,2.454736e+00,4.238859e-02,2.412347e+00
1985.28125,1985.4375,0.15625,2.511829e+00,4.238859e-02,2.469441e+00
1985.4375,1985.59375,0.15625,2.558877e+00,4.238859e-02,2.516488e+00
1985.59375,1985.75,0.15625,2.591020e+00,4.238859e-02,2.548631e+00
1985.75,1985.90625,0.15625,2.612066e+00,4.238859e-02,2.569677e+00
1985.90625,1986.0625,0.15625,2.632403e+00,4.238859e-02,2.590014e+00
1986.0625,1986.21875,0.15625,2.664689e+00,4.238859e-02,2.622301e+00
1986.21875,1986.375,0.15625,2.719398e+00,4.238859e-02,2.677009e+00
1986.375,1986.53125,0.15625,2.802164e+00,4.238859e-02,2.759775e+00
1986.53125,1986.6875,0.15625,2.913776e+00,4.238859e-02,2.871388e+00
1986.6875,1986.84375,0.15625,3.052196e+00,4.238859e-02,3.009807e+00
1986.84375,1987.0,0.15625,3.214894e+00,4.238859e-02,3.172506e+00
1987.0,1987.15625,0.15625,3.399721e+00,4.238859e-02,3.357332e+00
1987.15625,1987.3125,0.15625,3.603413e+00,4.238859e-02,3.561024e+00
1987.3125,1987.46875,0.15625,3.818397e+00,4.238859e-02,3.776008e+00
1987.46875,1987.625,0.15625,4.029755e+00,4.238859e-02,3.987366e+00
1987.625,1987.78125,0.15625,4.214594e+00,4.238859e-02,4.172205e+00
1987.78125,1987.9375,0.15625,4.345186e+00,4.238859e-02,4.302797e+00
1987.9375,1988.09375,0.15625,4.349819e+00,4.238859e-02,4.307431e+00
1988.09375,1988.25,0.15625,4.208433e+00,4.238859e-02,4.166044e+00
1988.25,1988.40625,0.15625,3.991145e+00,4.238859e-02,3.948757e+00
1988.40625,1988.5625,0.15625,3.733863e+00,4.238859e-02,3.691474e+00
1988.5625,1988.71875,0.15625,3.480933e+00,4.238859e-02,3.438544e+00
1988.71875,1988.875,0.15625,3.274824e+00,4.238859e-02,3.232435e+00
1988.875,1989.03125,0.15625,3.146331e+00,4.238859e-02,3.103942e+00
1989.03125,1989.1875,0.15625,3.108053e+00,4.238859e-02,3.065664e+00
1989.1875,1989.34375,0.15625,3.108053e+00,4.238859e-02,3.065664e+00
1989.34375,1989.5,0.15625,3.152679e+00,4.238859e-02,3.110291e+00
1989.5,1989.65625,0.15625,3.256040e+00,4.238859e-02,3.213651e+00
1989.65625,1989.8125,0.15625,3.383567e+00,4.238859e-02,3.341179e+00
1989.8125,1989.96875,0.15625,3.498192e+00,4.238859e-02,3.455803e+00
1989.96875,1990.125,0.15625,3.567779e+00,4.238859e-02,3.525391e+00
1990.125,1990.28125,0.15625,3.499787e+00,4.238859e-02,3.457399e+00
1990.28125,1990.4375,0.15625,3.362011e+00,4.238859e-02,3.319622e+00
1990.4375,1990.59375,0.15625,3.178223e+00,4.238859e-02,3.135834e+00
1990.59375,1990.75,0.15625,2.978917e+00,4.238859e-02,2.936528e+00
1990.75,1990.90625,0.15625,2.798943e+00,4.238859e-02,2.756554e+00
1990.90625,1991.0625,0.15625,2.671089e+00,4.238859e-02,2.628701e+00
1991.0625,1991.21875,0.15625,2.619864e+00,4.238859e-02,2.577475e+00
1991.21875,1991.375,0.15625,2.619864e+00,4.238859e-02,2.577475e+00
1991.375,1991.53125,0.15625,2.656896e+00,4.238859e-02,2.614507e+00
1991.53125,1991.6875,0.15625,2.779123e+00,4.238859e-02,2.736734e+00
1991.6875,1991.84375,0.15625,2.970223e+00,4.238859e-02,2.927834e+00
1991.84375,1992.0,0.15625,3.204763e+00,4.238859e-02,3.162375e+00
1992.0,1992.15625,0.15625,3.453745e+00,4.238859e-02,3.411357e+00
1992.15625,1992.3125,0.15625,3.689894e+00,4.238859e-02,3.647505e+00
1992.3125,1992.46875,0.15625,3.891338e+00,4.238859e-02,3.848949e+00
1992.46875,1992.625,0.15625,4.043052e+00,4.238859e-02,4.000664e+00
1992.625,1992.78125,0.15625,4.136294e+00,4.238859e-02,4.093905e+00
1992.78125,1992.9375,0.15625,4.133532e+00,4.238859e-02,4.091144e+00
1992.9375,1993.09375,0.15625,4.036870e+00,4.238859e-02,3.994482e+00
1993.09375,1993.25,0.15625,3.879990e+00,4.238859e-02,3.837602e+00
1993.25,1993.40625,0.15625,3.669851e+00,4.238859e-02,3.627463e+00
1993.40625,1993.5625,0.15625,3.418963e+00,4.238859e-02,3.376575e+00
1993.5625,1993.71875,0.15625,3.146161e+00,4.238859e-02,3.103772e+00
1993.71875,1993.875,0.15625,2.875498e+00,4.238859e-02,2.833109e+00
1993.875,1994.03125,0.15625,2.632891e+00,4.238859e-02,2.590502e+00
1994.03125,1994.1875,0.15625,2.441023e+00,4.238859e-02,2.398635e+00
1994.1875,1994.34375,0.15625,2.313910e+00,4.238859e-02,2.271522e+00
1994.34375,1994.5,0.15625,2.252984e+00,4.238859e-02,2.210596e+00
1994.5,1994.65625,0.15625,2.246356e+00,4.238859e-02,2.203968e+00
1994.65625,1994.8125,0.15625,2.246356e+00,4.238859e-02,2.203968e+00
1994.8125,1994.96875,0.15625,2.271981e+00,4.238859e-02,2.229592e+00
1994.96875,1995.125,0.15625,2.304137e+00,4.238859e-02,2.261749e+00
1995.125,1995.28125,0.15625,2.313657e+00,4.238859e-02,2.271268e+00
1995.28125,1995.4375,0.15625,2.285668e+00,4.238859e-02,2.243279e+00
1995.4375,1995.59375,0.15625,2.256246e+00,4.238859e-02,2.213858e+00
1995.59375,1995.75,0.15625,2.252880e+00,4.238859e-02,2.210491e+00
1995.75,1995.90625,0.15625,2.252880e+00,4.238859e-02,2.210491e+00
1995.90625,1996.0625,0.15625,2.303619e+00,4.238859e-02,2.261231e+00
1996.0625,1996.21875,0.15625,2.428614e+00,4.238859e-02,2.386225e+00
1996.21875,1996.375,0.15625,2.633782e+00,4.238859e-02,2.591394e+00
1996.375,1996.53125,0.15625,2.908366e+00,4.238859e-02,2.865977e+00
1996.53125,1996.6875,0.15625,3.226874e+00,4.238859e-02,3.184486e+00
1996.6875,1996.84375,0.15625,3.554642e+00,4.238859e-02,3.512253e+00
1996.84375,1997.0,0.15625,3.855259e+00,4.238859e-02,3.812870e+00
1997.0,1997.15625,0.15625,4.097768e+00,4.238859e-02,4.055379e+00
1997.15625,1997.3125,0.15625,4.261784e+00,4.238859e-02,4.219396e+00
1997.3125,1997.46875,0.15625,4.334630e+00,4.238859e-02,4.292242e+00
1997.46875,1997.625,0.15625,4.259096e+00,4.238859e-02,4.216708e+00
1997.625,1997.78125,0.15625,4.129230e+00,4.238859e-02,4.086842e+00
1997.78125,1997.9375,0.15625,3.962616e+00,4.238859e-02,3.920228e+00
1997.9375,1998.09375,0.15625,3.776520e+00,4.238859e-02,3.734132e+00
1998.09375,1998.25,0.15625,3.587735e+00,4.238859e-02,3.545346e+00
1998.25,1998.40625,0.15625,3.412985e+00,4.238859e-02,3.370596e+00
1998.40625,1998.5625,0.15625,3.268857e+00,4.238859e-02,3.226468e+00
1998.5625,1998.71875,0.15625,3.170614e+00,4.238859e-02,3.128225e+00
1998.71875,1998.875,0.15625,3.130066e+00,4.238859e-02,3.087677e+00
1998.875,1999.03125,0.15625,3.130066e+00,4.238859e-02,3.087677e+00
1999.03125,1999.1875,0.15625,3.153344e+00,4.238859e-02,3.110955e+00
1999.1875,1999.34375,0.15625,3.239602e+00,4.238859e-02,3.197213e+00
1999.34375,1999.5,0.15625,3.381196e+00,4.238859e-02,3.338808e+00
1999.5,1999.65625,0.15625,3.565123e+00,4.238859e-02,3.522734e+00
1999.65625,1999.8125,0.15625,3.774846e+00,4.238859e-02,3.732457e+00
1999.8125,1999.96875,0.15625,3.991611e+00,4.238859e-02,3.949222e+00
1999.96875,2000.125,0.15625,4.194879e+00,4.238859e-02,4.152491e+00
# Tail theorem (tools/tail_certificate.py): Q(t) >= 0.079 for all t >= 2000
# Union of rows proven (exact rational arithmetic) to cover [1737, 2000] with no gaps.
