t_lo,t_hi,delta,pair_Q_lowerbound,threshold_L2d2_over_8,certified_margin
12.25,12.40625,0.15625,5.730495e-02,4.238859e-02,1.491637e-02
12.40625,12.5625,0.15625,1.007956e-01,4.238859e-02,5.840698e-02
12.5625,12.71875,0.15625,1.688313e-01,4.238859e-02,1.264427e-01
12.71875,12.875,0.15625,2.693054e-01,4.238859e-02,2.269168e-01
12.875,13.03125,0.15625,4.090956e-01,4.238859e-02,3.667070e-01
13.03125,13.1875,0.15625,5.918270e-01,4.238859e-02,5.494384e-01
13.1875,13.34375,0.15625,8.153726e-01,4.238859e-02,7.729840e-01
13.34375,13.5,0.15625,1.069818e+00,4.238859e-02,1.027429e+00
13.5,13.65625,0.15625,1.336771e+00,4.238859e-02,1.294383e+00
13.65625,13.8125,0.15625,1.590737e+00,4.238859e-02,1.548348e+00
13.8125,13.96875,0.15625,1.802741e+00,4.238859e-02,1.760352e+00
13.96875,14.125,0.15625,1.945639e+00,4.238859e-02,1.903250e+00
14.125,14.28125,0.15625,1.957500e+00,4.238859e-02,1.915112e+00
14.28125,14.4375,0.15625,1.824790e+00,4.238859e-02,1.782401e+00
14.4375,14.59375,0.15625,1.620010e+00,4.238859e-02,1.577622e+00
14.59375,14.75,0.15625,1.369672e+00,4.238859e-02,1.327284e+00
14.75,14.90625,0.15625,1.102831e+00,4.238859e-02,1.060443e+00
14.90625,15.0625,0.15625,8.456581e-01,4.238859e-02,8.032695e-01
15.0625,15.21875,0.15625,6.175524e-01,4.238859e-02,5.751638e-01
15.21875,15.375,0.15625,4.294824e-01,4.238859e-02,3.870938e-01
15.375,15.53125,0.15625,2.844511e-01,4.238859e-02,2.420625e-01
15.53125,15.6875,0.15625,1.794141e-01,4.238859e-02,1.370255e-01
15.6875,15.84375,0.15625,1.077672e-01,4.238859e-02,6.537861e-02
15.84375,16,0.15625,6.164356e-02,4.238859e-02,1.925497e-02
19.125,19.28125,0.15625,5.469841e-02,4.238859e-02,1.230983e-02
19.28125,19.4375,0.15625,9.658110e-02,4.238859e-02,5.419251e-02
19.4375,19.59375,0.15625,1.623957e-01,4.238859e-02,1.200072e-01
19.59375,19.75,0.15625,2.600380e-01,4.238859e-02,2.176494e-01
19.75,19.90625,0.15625,3.965393e-01,4.238859e-02,3.541507e-01
19.90625,20.0625,0.15625,5.758728e-01,4.238859e-02,5.334842e-01
20.0625,20.21875,0.15625,7.964509e-01,4.238859e-02,7.540623e-01
20.21875,20.375,0.15625,1.049021e+00,4.238859e-02,1.006633e+00
20.375,20.53125,0.15625,1.315839e+00,4.238859e-02,1.273450e+00
20.53125,20.6875,0.15625,1.571864e+00,4.238859e-02,1.529475e+00
20.6875,20.84375,0.15625,1.788221e+00,4.238859e-02,1.745832e+00
20.84375,21,0.15625,1.937409e+00,4.238859e-02,1.895021e+00
21,21.15625,0.15625,1.964282e+00,4.238859e-02,1.921893e+00
21.15625,21.3125,0.15625,1.838173e+00,4.238859e-02,1.795784e+00
21.3125,21.46875,0.15625,1.638189e+00,4.238859e-02,1.595800e+00
21.46875,21.625,0.15625,1.390397e+00,4.238859e-02,1.348008e+00
21.625,21.78125,0.15625,1.123878e+00,4.238859e-02,1.081489e+00
21.78125,21.9375,0.15625,8.652329e-01,4.238859e-02,8.228443e-01
21.9375,22.09375,0.15625,6.345707e-01,4.238859e-02,5.921821e-01
22.09375,22.25,0.15625,4.437169e-01,4.238859e-02,4.013283e-01
22.25,22.40625,0.15625,2.966251e-01,4.238859e-02,2.542365e-01
22.40625,22.5625,0.15625,1.913670e-01,4.238859e-02,1.489784e-01
22.5625,22.71875,0.15625,1.228409e-01,4.238859e-02,8.045228e-02
22.71875,22.875,0.15625,8.541819e-02,4.238859e-02,4.302960e-02
22.875,23.03125,0.15625,7.501480e-02,4.238859e-02,3.262622e-02
23.03125,23.1875,0.15625,7.501480e-02,4.238859e-02,3.262622e-02
23.1875,23.34375,0.15625,9.034297e-02,4.238859e-02,4.795439e-02
23.34375,23.5,0.15625,1.332752e-01,4.238859e-02,9.088663e-02
23.5,23.65625,0.15625,2.083112e-01,4.238859e-02,1.659226e-01
23.65625,23.8125,0.15625,3.211612e-01,4.238859e-02,2.787726e-01
23.8125,23.96875,0.15625,4.765398e-01,4.238859e-02,4.341512e-01
23.96875,24.125,0.15625,6.754587e-01,4.238859e-02,6.330701e-01
24.125,24.28125,0.15625,9.125890e-01,4.238859e-02,8.702004e-01
24.28125,24.4375,0.15625,1.174506e+00,4.238859e-02,1.132118e+00
24.4375,24.59375,0.15625,1.439663e+00,4.238859e-02,1.397274e+00
24.59375,24.75,0.15625,1.680619e+00,4.238859e-02,1.638230e+00
24.75,24.90625,0.15625,1.868419e+00,4.238859e-02,1.826031e+00
24.90625,25.0625,0.15625,1.978218e+00,4.238859e-02,1.935830e+00
25.0625,25.21875,0.15625,1.915386e+00,4.238859e-02,1.872998e+00
25.21875,25.375,0.15625,1.751615e+00,4.238859e-02,1.709226e+00
25.375,25.53125,0.15625,1.525509e+00,4.238859e-02,1.483121e+00
25.53125,25.6875,0.15625,1.265275e+00,4.238859e-02,1.222887e+00
25.6875,25.84375,0.15625,9.994215e-01,4.238859e-02,9.570329e-01
25.84375,26,0.15625,7.518058e-01,4.238859e-02,7.094173e-01
26,26.15625,0.15625,5.385867e-01,4.238859e-02,4.961981e-01
26.15625,26.3125,0.15625,3.674495e-01,4.238859e-02,3.250609e-01
26.3125,26.46875,0.15625,2.387428e-01,4.238859e-02,1.963542e-01
26.46875,26.625,0.15625,1.477240e-01,4.238859e-02,1.053354e-01
26.625,26.78125,0.15625,8.704856e-02,4.238859e-02,4.465997e-02
26.78125,26.9375,0.15625,4.885380e-02,4.238859e-02,6.465218e-03
28.5,28.65625,0.15625,4.918726e-02,4.238859e-02,6.798676e-03
28.65625,28.8125,0.15625,8.759465e-02,4.238859e-02,4.520607e-02
28.8125,28.96875,0.15625,1.485686e-01,4.238859e-02,1.061800e-01
28.96875,29.125,0.15625,2.399751e-01,4.238859e-02,1.975866e-01
29.125,29.28125,0.15625,3.691429e-01,4.238859e-02,3.267543e-01
29.28125,29.4375,0.15625,5.407720e-01,4.238859e-02,4.983834e-01
29.4375,29.59375,0.15625,7.544451e-01,4.238859e-02,7.120565e-01
29.59375,29.75,0.15625,1.002392e+00,4.238859e-02,9.600033e-01
29.75,29.90625,0.15625,1.268378e+00,4.238859e-02,1.225989e+00
29.90625,30.0625,0.15625,1.528519e+00,4.238859e-02,1.486130e+00
30.0625,30.21875,0.15625,1.754386e+00,4.238859e-02,1.711997e+00
30.21875,30.375,0.15625,1.918037e+00,4.238859e-02,1.875649e+00
30.375,30.53125,0.15625,1.983669e+00,4.238859e-02,1.941280e+00
30.53125,30.6875,0.15625,1.879490e+00,4.238859e-02,1.837101e+00
30.6875,30.84375,0.15625,1.703346e+00,4.238859e-02,1.660957e+00
30.84375,31,0.15625,1.484025e+00,4.238859e-02,1.441636e+00
31,31.15625,0.15625,1.255929e+00,4.238859e-02,1.213541e+00
31.15625,31.3125,0.15625,1.053371e+00,4.238859e-02,1.010982e+00
31.3125,31.46875,0.15625,9.055892e-01,4.238859e-02,8.632006e-01
31.46875,31.625,0.15625,8.331723e-01,4.238859e-02,7.907837e-01
31.625,31.78125,0.15625,8.331723e-01,4.238859e-02,7.907837e-01
31.78125,31.9375,0.15625,8.459755e-01,4.238859e-02,8.035869e-01
31.9375,32.09375,0.15625,9.422677e-01,4.238859e-02,8.998791e-01
32.09375,32.25,0.15625,1.108874e+00,4.238859e-02,1.066485e+00
32.25,32.40625,0.15625,1.322361e+00,4.238859e-02,1.279973e+00
32.40625,32.5625,0.15625,1.551544e+00,4.238859e-02,1.509156e+00
32.5625,32.71875,0.15625,1.761512e+00,4.238859e-02,1.719124e+00
32.71875,32.875,0.15625,1.918930e+00,4.238859e-02,1.876541e+00
32.875,33.03125,0.15625,1.983808e+00,4.238859e-02,1.941419e+00
33.03125,33.1875,0.15625,1.877479e+00,4.238859e-02,1.835090e+00
33.1875,33.34375,0.15625,1.692738e+00,4.238859e-02,1.650349e+00
33.34375,33.5,0.15625,1.453666e+00,4.238859e-02,1.411277e+00
33.5,33.65625,0.15625,1.188950e+00,4.238859e-02,1.146561e+00
33.65625,33.8125,0.15625,9.261265e-01,4.238859e-02,8.837379e-01
33.8125,33.96875,0.15625,6.870339e-01,4.238859e-02,6.446453e-01
33.96875,34.125,0.15625,4.853871e-01,4.238859e-02,4.429985e-01
34.125,34.28125,0.15625,3.266024e-01,4.238859e-02,2.842138e-01
34.28125,34.4375,0.15625,2.093441e-01,4.238859e-02,1.669556e-01
34.4375,34.59375,0.15625,1.279387e-01,4.238859e-02,8.555015e-02
34.59375,34.75,0.15625,7.483623e-02,4.238859e-02,3.244764e-02
34.75,34.90625,0.15625,4.257601e-02,4.238859e-02,1.874212e-04
35.6875,35.84375,0.15625,5.538541e-02,4.238859e-02,1.299683e-02
35.84375,36,0.15625,9.645543e-02,4.238859e-02,5.406685e-02
36,36.15625,0.15625,1.617212e-01,4.238859e-02,1.193326e-01
36.15625,36.3125,0.15625,2.588859e-01,4.238859e-02,2.164973e-01
36.3125,36.46875,0.15625,3.949117e-01,4.238859e-02,3.525231e-01
36.46875,36.625,0.15625,5.737778e-01,4.238859e-02,5.313892e-01
36.625,36.78125,0.15625,7.939514e-01,4.238859e-02,7.515628e-01
36.78125,36.9375,0.15625,1.046262e+00,4.238859e-02,1.003873e+00
36.9375,37.09375,0.15625,1.313049e+00,4.238859e-02,1.270661e+00
37.09375,37.25,0.15625,1.569335e+00,4.238859e-02,1.526947e+00
37.25,37.40625,0.15625,1.786260e+00,4.238859e-02,1.743872e+00
37.40625,37.5625,0.15625,1.936282e+00,4.238859e-02,1.893893e+00
37.5625,37.71875,0.15625,1.965212e+00,4.238859e-02,1.922823e+00
37.71875,37.875,0.15625,1.840106e+00,4.238859e-02,1.797718e+00
37.875,38.03125,0.15625,1.641057e+00,4.238859e-02,1.598668e+00
38.03125,38.1875,0.15625,1.394275e+00,4.238859e-02,1.351886e+00
38.1875,38.34375,0.15625,1.129255e+00,4.238859e-02,1.086866e+00
38.34375,38.5,0.15625,8.734307e-01,4.238859e-02,8.310421e-01
38.5,38.65625,0.15625,6.483645e-01,4.238859e-02,6.059759e-01
38.65625,38.8125,0.15625,4.682055e-01,4.238859e-02,4.258169e-01
38.8125,38.96875,0.15625,3.403349e-01,4.238859e-02,2.979463e-01
38.96875,39.125,0.15625,2.674411e-01,4.238859e-02,2.250525e-01
39.125,39.28125,0.15625,2.499596e-01,4.238859e-02,2.075710e-01
39.28125,39.4375,0.15625,2.499596e-01,4.238859e-02,2.075710e-01
39.4375,39.59375,0.15625,2.878653e-01,4.238859e-02,2.454768e-01
39.59375,39.75,0.15625,3.811491e-01,4.238859e-02,3.387605e-01
39.75,39.90625,0.15625,5.288082e-01,4.238859e-02,4.864196e-01
39.90625,40.0625,0.15625,7.267172e-01,4.238859e-02,6.843286e-01
40.0625,40.21875,0.15625,9.651991e-01,4.238859e-02,9.228106e-01
40.21875,40.375,0.15625,1.227372e+00,4.238859e-02,1.184984e+00
40.375,40.53125,0.15625,1.489275e+00,4.238859e-02,1.446887e+00
40.53125,40.6875,0.15625,1.722321e+00,4.238859e-02,1.679932e+00
40.6875,40.84375,0.15625,1.897885e+00,4.238859e-02,1.855497e+00
40.84375,41,0.15625,1.993020e+00,4.238859e-02,1.950631e+00
41,41.15625,0.15625,1.908237e+00,4.238859e-02,1.865849e+00
41.15625,41.3125,0.15625,1.747257e+00,4.238859e-02,1.704869e+00
41.3125,41.46875,0.15625,1.541149e+00,4.238859e-02,1.498761e+00
41.46875,41.625,0.15625,1.324834e+00,4.238859e-02,1.282445e+00
41.625,41.78125,0.15625,1.133779e+00,4.238859e-02,1.091391e+00
41.78125,41.9375,0.15625,9.984004e-01,4.238859e-02,9.560118e-01
41.9375,42.09375,0.15625,9.397393e-01,4.238859e-02,8.973507e-01
42.09375,42.25,0.15625,9.397393e-01,4.238859e-02,8.973507e-01
42.25,42.40625,0.15625,9.667825e-01,4.238859e-02,9.243939e-01
42.40625,42.5625,0.15625,1.075397e+00,4.238859e-02,1.033008e+00
42.5625,42.71875,0.15625,1.248813e+00,4.238859e-02,1.206424e+00
42.71875,42.875,0.15625,1.459693e+00,4.238859e-02,1.417304e+00
42.875,43.03125,0.15625,1.673853e+00,4.238859e-02,1.631465e+00
43.03125,43.1875,0.15625,1.855462e+00,4.238859e-02,1.813073e+00
43.1875,43.34375,0.15625,1.973029e+00,4.238859e-02,1.930641e+00
43.34375,43.5,0.15625,1.943617e+00,4.238859e-02,1.901228e+00
43.5,43.65625,0.15625,1.795711e+00,4.238859e-02,1.753322e+00
43.65625,43.8125,0.15625,1.580577e+00,4.238859e-02,1.538189e+00
43.8125,43.96875,0.15625,1.325148e+00,4.238859e-02,1.282759e+00
43.96875,44.125,0.15625,1.058138e+00,4.238859e-02,1.015749e+00
44.125,44.28125,0.15625,8.046943e-01,4.238859e-02,7.623057e-01
44.28125,44.4375,0.15625,5.828050e-01,4.238859e-02,5.404164e-01
44.4375,44.59375,0.15625,4.019969e-01,4.238859e-02,3.596083e-01
44.59375,44.75,0.15625,2.640966e-01,4.238859e-02,2.217080e-01
44.75,44.90625,0.15625,1.653105e-01,4.238859e-02,1.229219e-01
44.90625,45.0625,0.15625,9.874659e-02,4.238859e-02,5.635801e-02
45.0625,45.21875,0.15625,5.667219e-02,4.238859e-02,1.428361e-02
46.15625,46.3125,0.15625,6.618395e-02,4.238859e-02,2.379536e-02
46.3125,46.46875,0.15625,1.142247e-01,4.238859e-02,7.183612e-02
46.46875,46.625,0.15625,1.888644e-01,4.238859e-02,1.464758e-01
46.625,46.78125,0.15625,2.978207e-01,4.238859e-02,2.554321e-01
46.78125,46.9375,0.15625,4.474390e-01,4.238859e-02,4.050504e-01
46.9375,47.09375,0.15625,6.403461e-01,4.238859e-02,5.979575e-01
47.09375,47.25,0.15625,8.730352e-01,4.238859e-02,8.306466e-01
47.25,47.40625,0.15625,1.134175e+00,4.238859e-02,1.091786e+00
47.40625,47.5625,0.15625,1.404532e+00,4.238859e-02,1.362144e+00
47.5625,47.71875,0.15625,1.659151e+00,4.238859e-02,1.616762e+00
47.71875,47.875,0.15625,1.871780e+00,4.238859e-02,1.829391e+00
47.875,48.03125,0.15625,2.020735e+00,4.238859e-02,1.978347e+00
48.03125,48.1875,0.15625,2.094618e+00,4.238859e-02,2.052230e+00
48.1875,48.34375,0.15625,2.042067e+00,4.238859e-02,1.999678e+00
48.34375,48.5,0.15625,1.960338e+00,4.238859e-02,1.917950e+00
48.5,48.65625,0.15625,1.882512e+00,4.238859e-02,1.840123e+00
48.65625,48.8125,0.15625,1.835914e+00,4.238859e-02,1.793526e+00
48.8125,48.96875,0.15625,1.835914e+00,4.238859e-02,1.793526e+00
48.96875,49.125,0.15625,1.836275e+00,4.238859e-02,1.793886e+00
49.125,49.28125,0.15625,1.883474e+00,4.238859e-02,1.841085e+00
49.28125,49.4375,0.15625,1.961574e+00,4.238859e-02,1.919185e+00
49.4375,49.59375,0.15625,2.043132e+00,4.238859e-02,2.000743e+00
49.59375,49.75,0.15625,2.094152e+00,4.238859e-02,2.051763e+00
49.75,49.90625,0.15625,2.019267e+00,4.238859e-02,1.976878e+00
49.90625,50.0625,0.15625,1.869533e+00,4.238859e-02,1.827145e+00
50.0625,50.21875,0.15625,1.656726e+00,4.238859e-02,1.614338e+00
50.21875,50.375,0.15625,1.403034e+00,4.238859e-02,1.360645e+00
50.375,50.53125,0.15625,1.135482e+00,4.238859e-02,1.093093e+00
50.53125,50.6875,0.15625,8.803271e-01,4.238859e-02,8.379385e-01
50.6875,50.84375,0.15625,6.589694e-01,4.238859e-02,6.165808e-01
50.84375,51,0.15625,4.861581e-01,4.238859e-02,4.437695e-01
51,51.15625,0.15625,3.703672e-01,4.238859e-02,3.279786e-01
51.15625,51.3125,0.15625,3.155136e-01,4.238859e-02,2.731250e-01
51.3125,51.46875,0.15625,3.155136e-01,4.238859e-02,2.731250e-01
51.46875,51.625,0.15625,3.228901e-01,4.238859e-02,2.805015e-01
51.625,51.78125,0.15625,3.923129e-01,4.238859e-02,3.499243e-01
51.78125,51.9375,0.15625,5.219343e-01,4.238859e-02,4.795458e-01
51.9375,52.09375,0.15625,7.067863e-01,4.238859e-02,6.643977e-01
52.09375,52.25,0.15625,9.367112e-01,4.238859e-02,8.943226e-01
52.25,52.40625,0.15625,1.194725e+00,4.238859e-02,1.152337e+00
52.40625,52.5625,0.15625,1.456890e+00,4.238859e-02,1.414501e+00
52.5625,52.71875,0.15625,1.694377e+00,4.238859e-02,1.651988e+00
52.71875,52.875,0.15625,1.877674e+00,4.238859e-02,1.835286e+00
52.875,53.03125,0.15625,1.982033e+00,4.238859e-02,1.939644e+00
53.03125,53.1875,0.15625,1.907908e+00,4.238859e-02,1.865519e+00
53.1875,53.34375,0.15625,1.739797e+00,4.238859e-02,1.697409e+00
53.34375,53.5,0.15625,1.511048e+00,4.238859e-02,1.468659e+00
53.5,53.65625,0.15625,1.250200e+00,4.238859e-02,1.207811e+00
53.65625,53.8125,0.15625,9.859393e-01,4.238859e-02,9.435507e-01
53.8125,53.96875,0.15625,7.423761e-01,4.238859e-02,6.999875e-01
53.96875,54.125,0.15625,5.363459e-01,4.238859e-02,4.939573e-01
54.125,54.28125,0.15625,3.770667e-01,4.238859e-02,3.346781e-01
54.28125,54.4375,0.15625,2.677136e-01,4.238859e-02,2.253250e-01
54.4375,54.59375,0.15625,2.080084e-01,4.238859e-02,1.656198e-01
54.59375,54.75,0.15625,1.968004e-01,4.238859e-02,1.544118e-01
54.75,54.90625,0.15625,1.968004e-01,4.238859e-02,1.544118e-01
54.90625,55.0625,0.15625,2.337864e-01,4.238859e-02,1.913978e-01
55.0625,55.21875,0.15625,3.198600e-01,4.238859e-02,2.774714e-01
55.21875,55.375,0.15625,4.559915e-01,4.238859e-02,4.136029e-01
55.375,55.53125,0.15625,6.409600e-01,4.238859e-02,5.985714e-01
55.53125,55.6875,0.15625,8.686458e-01,4.238859e-02,8.262572e-01
55.6875,55.84375,0.15625,1.125855e+00,4.238859e-02,1.083467e+00
55.84375,56,0.15625,1.391681e+00,4.238859e-02,1.349292e+00
56,56.15625,0.15625,1.639093e+00,4.238859e-02,1.596705e+00
56.15625,56.3125,0.15625,1.838819e+00,4.238859e-02,1.796431e+00
56.3125,56.46875,0.15625,1.964754e+00,4.238859e-02,1.922366e+00
56.46875,56.625,0.15625,1.938304e+00,4.238859e-02,1.895915e+00
56.625,56.78125,0.15625,1.790435e+00,4.238859e-02,1.748047e+00
56.78125,56.9375,0.15625,1.577171e+00,4.238859e-02,1.534783e+00
56.9375,57.09375,0.15625,1.327527e+00,4.238859e-02,1.285138e+00
57.09375,57.25,0.15625,1.072861e+00,4.238859e-02,1.030473e+00
57.25,57.40625,0.15625,8.420180e-01,4.238859e-02,7.996294e-01
57.40625,57.5625,0.15625,6.581149e-01,4.238859e-02,6.157263e-01
57.5625,57.71875,0.15625,5.373105e-01,4.238859e-02,4.949220e-01
57.71875,57.875,0.15625,4.890757e-01,4.238859e-02,4.466871e-01
57.875,58.03125,0.15625,4.890757e-01,4.238859e-02,4.466871e-01
58.03125,58.1875,0.15625,5.170467e-01,4.238859e-02,4.746581e-01
58.1875,58.34375,0.15625,6.195824e-01,4.238859e-02,5.771938e-01
58.34375,58.5,0.15625,7.896217e-01,4.238859e-02,7.472331e-01
58.5,58.65625,0.15625,1.014104e+00,4.238859e-02,9.717156e-01
58.65625,58.8125,0.15625,1.273759e+00,4.238859e-02,1.231370e+00
58.8125,58.96875,0.15625,1.544206e+00,4.238859e-02,1.501818e+00
58.96875,59.125,0.15625,1.798936e+00,4.238859e-02,1.756547e+00
59.125,59.28125,0.15625,2.013913e+00,4.238859e-02,1.971525e+00
59.28125,59.4375,0.15625,2.172678e+00,4.238859e-02,2.130290e+00
59.4375,59.59375,0.15625,2.270204e+00,4.238859e-02,2.227815e+00
59.59375,59.75,0.15625,2.313884e+00,4.238859e-02,2.271495e+00
59.75,59.90625,0.15625,2.312123e+00,4.238859e-02,2.269734e+00
59.90625,60.0625,0.15625,2.305400e+00,4.238859e-02,2.263011e+00
60.0625,60.21875,0.15625,2.305400e+00,4.238859e-02,2.263011e+00
60.21875,60.375,0.15625,2.308913e+00,4.238859e-02,2.266524e+00
60.375,60.53125,0.15625,2.318555e+00,4.238859e-02,2.276167e+00
60.53125,60.6875,0.15625,2.290432e+00,4.238859e-02,2.248043e+00
60.6875,60.84375,0.15625,2.212587e+00,4.238859e-02,2.170199e+00
60.84375,61,0.15625,2.074324e+00,4.238859e-02,2.031936e+00
61,61.15625,0.15625,1.875895e+00,4.238859e-02,1.833506e+00
61.15625,61.3125,0.15625,1.629326e+00,4.238859e-02,1.586937e+00
61.3125,61.46875,0.15625,1.355146e+00,4.238859e-02,1.312757e+00
61.46875,61.625,0.15625,1.077185e+00,4.238859e-02,1.034796e+00
61.625,61.78125,0.15625,8.172801e-01,4.238859e-02,7.748915e-01
61.78125,61.9375,0.15625,5.914197e-01,4.238859e-02,5.490311e-01
61.9375,62.09375,0.15625,4.080664e-01,4.238859e-02,3.656778e-01
62.09375,62.25,0.15625,2.685897e-01,4.238859e-02,2.262011e-01
62.25,62.40625,0.15625,1.691363e-01,4.238859e-02,1.267478e-01
62.40625,62.5625,0.15625,1.030813e-01,4.238859e-02,6.069272e-02
62.5625,62.71875,0.15625,6.334009e-02,4.238859e-02,2.095150e-02
62.71875,62.875,0.15625,4.413735e-02,4.238859e-02,1.748762e-03
63.1875,63.34375,0.15625,5.692634e-02,4.238859e-02,1.453775e-02
63.34375,63.5,0.15625,9.117766e-02,4.238859e-02,4.878907e-02
63.5,63.65625,0.15625,1.501112e-01,4.238859e-02,1.077227e-01
63.65625,63.8125,0.15625,2.405598e-01,4.238859e-02,1.981712e-01
63.8125,63.96875,0.15625,3.693042e-01,4.238859e-02,3.269156e-01
63.96875,64.125,0.15625,5.407933e-01,4.238859e-02,4.984047e-01
64.125,64.28125,0.15625,7.545476e-01,4.238859e-02,7.121590e-01
64.28125,64.4375,0.15625,1.002891e+00,4.238859e-02,9.605027e-01
64.4375,64.59375,0.15625,1.269874e+00,4.238859e-02,1.227485e+00
64.59375,64.75,0.15625,1.532186e+00,4.238859e-02,1.489797e+00
64.75,64.90625,0.15625,1.762435e+00,4.238859e-02,1.720047e+00
64.90625,65.0625,0.15625,1.934408e+00,4.238859e-02,1.892020e+00
65.0625,65.21875,0.15625,2.029152e+00,4.238859e-02,1.986764e+00
65.21875,65.375,0.15625,1.976203e+00,4.238859e-02,1.933814e+00
65.375,65.53125,0.15625,1.860162e+00,4.238859e-02,1.817774e+00
65.53125,65.6875,0.15625,1.724838e+00,4.238859e-02,1.682449e+00
65.6875,65.84375,0.15625,1.605726e+00,4.238859e-02,1.563338e+00
65.84375,66,0.15625,1.533109e+00,4.238859e-02,1.490721e+00
66,66.15625,0.15625,1.525193e+00,4.238859e-02,1.482805e+00
66.15625,66.3125,0.15625,1.525193e+00,4.238859e-02,1.482805e+00
66.3125,66.46875,0.15625,1.583971e+00,4.238859e-02,1.541583e+00
66.46875,66.625,0.15625,1.694784e+00,4.238859e-02,1.652395e+00
66.625,66.78125,0.15625,1.829692e+00,4.238859e-02,1.787303e+00
66.78125,66.9375,0.15625,1.953888e+00,4.238859e-02,1.911500e+00
66.9375,67.09375,0.15625,2.033653e+00,4.238859e-02,1.991265e+00
67.09375,67.25,0.15625,1.973881e+00,4.238859e-02,1.931492e+00
67.25,67.40625,0.15625,1.828706e+00,4.238859e-02,1.786317e+00
67.40625,67.5625,0.15625,1.628312e+00,4.238859e-02,1.585924e+00
67.5625,67.71875,0.15625,1.402715e+00,4.238859e-02,1.360326e+00
67.71875,67.875,0.15625,1.186066e+00,4.238859e-02,1.143677e+00
67.875,68.03125,0.15625,1.010661e+00,4.238859e-02,9.682721e-01
68.03125,68.1875,0.15625,9.020382e-01,4.238859e-02,8.596496e-01
68.1875,68.34375,0.15625,8.756772e-01,4.238859e-02,8.332886e-01
68.34375,68.5,0.15625,8.756772e-01,4.238859e-02,8.332886e-01
68.5,68.65625,0.15625,9.352438e-01,4.238859e-02,8.928552e-01
68.65625,68.8125,0.15625,1.072174e+00,4.238859e-02,1.029785e+00
68.8125,68.96875,0.15625,1.266507e+00,4.238859e-02,1.224118e+00
68.96875,69.125,0.15625,1.489104e+00,4.238859e-02,1.446715e+00
69.125,69.28125,0.15625,1.705433e+00,4.238859e-02,1.663045e+00
69.28125,69.4375,0.15625,1.880769e+00,4.238859e-02,1.838380e+00
69.4375,69.59375,0.15625,1.986098e+00,4.238859e-02,1.943710e+00
69.59375,69.75,0.15625,1.929692e+00,4.238859e-02,1.887303e+00
69.75,69.90625,0.15625,1.776502e+00,4.238859e-02,1.734113e+00
69.90625,70.0625,0.15625,1.568543e+00,4.238859e-02,1.526154e+00
70.0625,70.21875,0.15625,1.338378e+00,4.238859e-02,1.295990e+00
70.21875,70.375,0.15625,1.120766e+00,4.238859e-02,1.078377e+00
70.375,70.53125,0.15625,9.472469e-01,4.238859e-02,9.048584e-01
70.53125,70.6875,0.15625,8.420115e-01,4.238859e-02,7.996229e-01
70.6875,70.84375,0.15625,8.192988e-01,4.238859e-02,7.769102e-01
70.84375,71,0.15625,8.192988e-01,4.238859e-02,7.769102e-01
71,71.15625,0.15625,8.821366e-01,4.238859e-02,8.397480e-01
71.15625,71.3125,0.15625,1.022097e+00,4.238859e-02,9.797086e-01
71.3125,71.46875,0.15625,1.219985e+00,4.238859e-02,1.177597e+00
71.46875,71.625,0.15625,1.447676e+00,4.238859e-02,1.405288e+00
71.625,71.78125,0.15625,1.671410e+00,4.238859e-02,1.629021e+00
71.78125,71.9375,0.15625,1.856551e+00,4.238859e-02,1.814163e+00
71.9375,72.09375,0.15625,1.973221e+00,4.238859e-02,1.930833e+00
72.09375,72.25,0.15625,1.935579e+00,4.238859e-02,1.893190e+00
72.25,72.40625,0.15625,1.783345e+00,4.238859e-02,1.740956e+00
72.40625,72.5625,0.15625,1.565151e+00,4.238859e-02,1.522762e+00
72.5625,72.71875,0.15625,1.308437e+00,4.238859e-02,1.266048e+00
72.71875,72.875,0.15625,1.042052e+00,4.238859e-02,9.996637e-01
72.875,73.03125,0.15625,7.910917e-01,4.238859e-02,7.487031e-01
73.03125,73.1875,0.15625,5.735865e-01,4.238859e-02,5.311979e-01
73.1875,73.34375,0.15625,3.995581e-01,4.238859e-02,3.571695e-01
73.34375,73.5,0.15625,2.721678e-01,4.238859e-02,2.297792e-01
73.5,73.65625,0.15625,1.901853e-01,4.238859e-02,1.477967e-01
73.65625,73.8125,0.15625,1.508210e-01,4.238859e-02,1.084324e-01
73.8125,73.96875,0.15625,1.508210e-01,4.238859e-02,1.084324e-01
73.96875,74.125,0.15625,1.520845e-01,4.238859e-02,1.096959e-01
74.125,74.28125,0.15625,1.940943e-01,4.238859e-02,1.517057e-01
74.28125,74.4375,0.15625,2.790694e-01,4.238859e-02,2.366808e-01
74.4375,74.59375,0.15625,4.100250e-01,4.238859e-02,3.676364e-01
74.59375,74.75,0.15625,5.884863e-01,4.238859e-02,5.460977e-01
74.75,74.90625,0.15625,8.118356e-01,4.238859e-02,7.694470e-01
74.90625,75.0625,0.15625,1.071157e+00,4.238859e-02,1.028769e+00
75.0625,75.21875,0.15625,1.350519e+00,4.238859e-02,1.308131e+00
75.21875,75.375,0.15625,1.628388e+00,4.238859e-02,1.586000e+00
75.375,75.53125,0.15625,1.881258e+00,4.238859e-02,1.838869e+00
75.53125,75.6875,0.15625,2.088733e+00,4.238859e-02,2.046344e+00
75.6875,75.84375,0.15625,2.238544e+00,4.238859e-02,2.196155e+00
75.84375,76,0.15625,2.329686e+00,4.238859e-02,2.287298e+00
76,76.15625,0.15625,2.372272e+00,4.238859e-02,2.329884e+00
76.15625,76.3125,0.15625,2.382807e+00,4.238859e-02,2.340419e+00
76.3125,76.46875,0.15625,2.382319e+00,4.238859e-02,2.339931e+00
76.46875,76.625,0.15625,2.382319e+00,4.238859e-02,2.339931e+00
76.625,76.78125,0.15625,2.382839e+00,4.238859e-02,2.340451e+00
76.78125,76.9375,0.15625,2.359636e+00,4.238859e-02,2.317247e+00
76.9375,77.09375,0.15625,2.298244e+00,4.238859e-02,2.255855e+00
77.09375,77.25,0.15625,2.187249e+00,4.238859e-02,2.144860e+00
77.25,77.40625,0.15625,2.026466e+00,4.238859e-02,1.984077e+00
77.40625,77.5625,0.15625,1.828927e+00,4.238859e-02,1.786538e+00
77.5625,77.71875,0.15625,1.618969e+00,4.238859e-02,1.576580e+00
77.71875,77.875,0.15625,1.427170e+00,4.238859e-02,1.384781e+00
77.875,78.03125,0.15625,1.283677e+00,4.238859e-02,1.241289e+00
78.03125,78.1875,0.15625,1.211640e+00,4.238859e-02,1.169251e+00
78.1875,78.34375,0.15625,1.211640e+00,4.238859e-02,1.169251e+00
78.34375,78.5,0.15625,1.222140e+00,4.238859e-02,1.179751e+00
78.5,78.65625,0.15625,1.311537e+00,4.238859e-02,1.269148e+00
78.65625,78.8125,0.15625,1.461605e+00,4.238859e-02,1.419217e+00
78.8125,78.96875,0.15625,1.642448e+00,4.238859e-02,1.600060e+00
78.96875,79.125,0.15625,1.817746e+00,4.238859e-02,1.775357e+00
79.125,79.28125,0.15625,1.951441e+00,4.238859e-02,1.909053e+00
79.28125,79.4375,0.15625,1.990477e+00,4.238859e-02,1.948088e+00
79.4375,79.59375,0.15625,1.877761e+00,4.238859e-02,1.835372e+00
79.59375,79.75,0.15625,1.689226e+00,4.238859e-02,1.646837e+00
79.75,79.90625,0.15625,1.448253e+00,4.238859e-02,1.405865e+00
79.90625,80.0625,0.15625,1.183144e+00,4.238859e-02,1.140756e+00
80.0625,80.21875,0.15625,9.212998e-01,4.238859e-02,8.789113e-01
80.21875,80.375,0.15625,6.847335e-01,4.238859e-02,6.423449e-01
80.375,80.53125,0.15625,4.878232e-01,4.238859e-02,4.454346e-01
80.53125,80.6875,0.15625,3.374171e-01,4.238859e-02,2.950285e-01
80.6875,80.84375,0.15625,2.347207e-01,4.238859e-02,1.923321e-01
80.84375,81,0.15625,1.780297e-01,4.238859e-02,1.356411e-01
81,81.15625,0.15625,1.653431e-01,4.238859e-02,1.229545e-01
81.15625,81.3125,0.15625,1.653431e-01,4.238859e-02,1.229545e-01
81.3125,81.46875,0.15625,1.961001e-01,4.238859e-02,1.537115e-01
81.46875,81.625,0.15625,2.716045e-01,4.238859e-02,2.292159e-01
81.625,81.78125,0.15625,3.940368e-01,4.238859e-02,3.516482e-01
81.78125,81.9375,0.15625,5.643014e-01,4.238859e-02,5.219128e-01
81.9375,82.09375,0.15625,7.792937e-01,4.238859e-02,7.369051e-01
82.09375,82.25,0.15625,1.029460e+00,4.238859e-02,9.870710e-01
82.25,82.40625,0.15625,1.297651e+00,4.238859e-02,1.255263e+00
82.40625,82.5625,0.15625,1.560108e+00,4.238859e-02,1.517719e+00
82.5625,82.71875,0.15625,1.789872e+00,4.238859e-02,1.747484e+00
82.71875,82.875,0.15625,1.962142e+00,4.238859e-02,1.919754e+00
82.875,83.03125,0.15625,2.060259e+00,4.238859e-02,2.017871e+00
83.03125,83.1875,0.15625,2.034256e+00,4.238859e-02,1.991868e+00
83.1875,83.34375,0.15625,1.945817e+00,4.238859e-02,1.903429e+00
83.34375,83.5,0.15625,1.847290e+00,4.238859e-02,1.804902e+00
83.5,83.65625,0.15625,1.770607e+00,4.238859e-02,1.728218e+00
83.65625,83.8125,0.15625,1.739507e+00,4.238859e-02,1.697119e+00
83.8125,83.96875,0.15625,1.739507e+00,4.238859e-02,1.697119e+00
83.96875,84.125,0.15625,1.763453e+00,4.238859e-02,1.721065e+00
84.125,84.28125,0.15625,1.835183e+00,4.238859e-02,1.792795e+00
84.28125,84.4375,0.15625,1.932604e+00,4.238859e-02,1.890215e+00
84.4375,84.59375,0.15625,2.024492e+00,4.238859e-02,1.982103e+00
84.59375,84.75,0.15625,2.068932e+00,4.238859e-02,2.026543e+00
84.75,84.90625,0.15625,1.983261e+00,4.238859e-02,1.940872e+00
84.90625,85.0625,0.15625,1.824159e+00,4.238859e-02,1.781771e+00
85.0625,85.21875,0.15625,1.608513e+00,4.238859e-02,1.566125e+00
85.21875,85.375,0.15625,1.363154e+00,4.238859e-02,1.320765e+00
85.375,85.53125,0.15625,1.119200e+00,4.238859e-02,1.076812e+00
85.53125,85.6875,0.15625,9.066307e-01,4.238859e-02,8.642421e-01
85.6875,85.84375,0.15625,7.502427e-01,4.238859e-02,7.078541e-01
85.84375,86,0.15625,6.673830e-01,4.238859e-02,6.249944e-01
86,86.15625,0.15625,6.670957e-01,4.238859e-02,6.247071e-01
86.15625,86.3125,0.15625,6.670957e-01,4.238859e-02,6.247071e-01
86.3125,86.46875,0.15625,7.500284e-01,4.238859e-02,7.076398e-01
86.46875,86.625,0.15625,9.085925e-01,4.238859e-02,8.662040e-01
86.625,86.78125,0.15625,1.127361e+00,4.238859e-02,1.084973e+00
86.78125,86.9375,0.15625,1.384156e+00,4.238859e-02,1.341767e+00
86.9375,87.09375,0.15625,1.652403e+00,4.238859e-02,1.610014e+00
87.09375,87.25,0.15625,1.904975e+00,4.238859e-02,1.862586e+00
87.25,87.40625,0.15625,2.118994e+00,4.238859e-02,2.076606e+00
87.40625,87.5625,0.15625,2.280324e+00,4.238859e-02,2.237935e+00
87.5625,87.71875,0.15625,2.386136e+00,4.238859e-02,2.343748e+00
87.71875,87.875,0.15625,2.444331e+00,4.238859e-02,2.401942e+00
87.875,88.03125,0.15625,2.469623e+00,4.238859e-02,2.427235e+00
88.03125,88.1875,0.15625,2.477431e+00,4.238859e-02,2.435042e+00
88.1875,88.34375,0.15625,2.470877e+00,4.238859e-02,2.428488e+00
88.34375,88.5,0.15625,2.447826e+00,4.238859e-02,2.405437e+00
88.5,88.65625,0.15625,2.393279e+00,4.238859e-02,2.350890e+00
88.65625,88.8125,0.15625,2.291892e+00,4.238859e-02,2.249504e+00
88.8125,88.96875,0.15625,2.134340e+00,4.238859e-02,2.091952e+00
88.96875,89.125,0.15625,1.921327e+00,4.238859e-02,1.878939e+00
89.125,89.28125,0.15625,1.664249e+00,4.238859e-02,1.621860e+00
89.28125,89.4375,0.15625,1.382572e+00,4.238859e-02,1.340183e+00
89.4375,89.59375,0.15625,1.099154e+00,4.238859e-02,1.056765e+00
89.59375,89.75,0.15625,8.352688e-01,4.238859e-02,7.928802e-01
89.75,89.90625,0.15625,6.068822e-01,4.238859e-02,5.644936e-01
89.90625,90.0625,0.15625,4.230417e-01,4.238859e-02,3.806531e-01
90.0625,90.21875,0.15625,2.863918e-01,4.238859e-02,2.440032e-01
90.21875,90.375,0.15625,1.951964e-01,4.238859e-02,1.528078e-01
90.375,90.53125,0.15625,1.459654e-01,4.238859e-02,1.035768e-01
90.53125,90.6875,0.15625,1.358350e-01,4.238859e-02,9.344640e-02
90.6875,90.84375,0.15625,1.358350e-01,4.238859e-02,9.344640e-02
90.84375,91,0.15625,1.640810e-01,4.238859e-02,1.216924e-01
91,91.15625,0.15625,2.324228e-01,4.238859e-02,1.900342e-01
91.15625,91.3125,0.15625,3.440395e-01,4.238859e-02,3.016509e-01
91.3125,91.46875,0.15625,5.014710e-01,4.238859e-02,4.590824e-01
91.46875,91.625,0.15625,7.038531e-01,4.238859e-02,6.614645e-01
91.625,91.78125,0.15625,9.442188e-01,4.238859e-02,9.018302e-01
91.78125,91.9375,0.15625,1.207789e+00,4.238859e-02,1.165401e+00
91.9375,92.09375,0.15625,1.472137e+00,4.238859e-02,1.429748e+00
92.09375,92.25,0.15625,1.709719e+00,4.238859e-02,1.667330e+00
92.25,92.40625,0.15625,1.892592e+00,4.238859e-02,1.850204e+00
92.40625,92.5625,0.15625,1.998325e+00,4.238859e-02,1.955937e+00
92.5625,92.71875,0.15625,1.947513e+00,4.238859e-02,1.905124e+00
92.71875,92.875,0.15625,1.812472e+00,4.238859e-02,1.770084e+00
92.875,93.03125,0.15625,1.640719e+00,4.238859e-02,1.598331e+00
93.03125,93.1875,0.15625,1.468920e+00,4.238859e-02,1.426531e+00
93.1875,93.34375,0.15625,1.333180e+00,4.238859e-02,1.290792e+00
93.34375,93.5,0.15625,1.262412e+00,4.238859e-02,1.220023e+00
93.5,93.65625,0.15625,1.262412e+00,4.238859e-02,1.220023e+00
93.65625,93.8125,0.15625,1.273348e+00,4.238859e-02,1.230960e+00
93.8125,93.96875,0.15625,1.368105e+00,4.238859e-02,1.325716e+00
93.96875,94.125,0.15625,1.534636e+00,4.238859e-02,1.492247e+00
94.125,94.28125,0.15625,1.749934e+00,4.238859e-02,1.707545e+00
94.28125,94.4375,0.15625,1.985291e+00,4.238859e-02,1.942903e+00
94.4375,94.59375,0.15625,2.212461e+00,4.238859e-02,2.170072e+00
94.59375,94.75,0.15625,2.409173e+00,4.238859e-02,2.366784e+00
94.75,94.90625,0.15625,2.562502e+00,4.238859e-02,2.520114e+00
94.90625,95.0625,0.15625,2.669123e+00,4.238859e-02,2.626734e+00
95.0625,95.21875,0.15625,2.732499e+00,4.238859e-02,2.690111e+00
95.21875,95.375,0.15625,2.749551e+00,4.238859e-02,2.707162e+00
95.375,95.53125,0.15625,2.704738e+00,4.238859e-02,2.662349e+00
95.53125,95.6875,0.15625,2.617735e+00,4.238859e-02,2.575346e+00
95.6875,95.84375,0.15625,2.481375e+00,4.238859e-02,2.438986e+00
95.84375,96,0.15625,2.291878e+00,4.238859e-02,2.249490e+00
96,96.15625,0.15625,2.052587e+00,4.238859e-02,2.010198e+00
96.15625,96.3125,0.15625,1.775421e+00,4.238859e-02,1.733032e+00
96.3125,96.46875,0.15625,1.479575e+00,4.238859e-02,1.437187e+00
96.46875,96.625,0.15625,1.188152e+00,4.238859e-02,1.145764e+00
96.625,96.78125,0.15625,9.241072e-01,4.238859e-02,8.817186e-01
96.78125,96.9375,0.15625,7.069312e-01,4.238859e-02,6.645427e-01
96.9375,97.09375,0.15625,5.508885e-01,4.238859e-02,5.084999e-01
97.09375,97.25,0.15625,4.648061e-01,4.238859e-02,4.224175e-01
97.25,97.40625,0.15625,4.527415e-01,4.238859e-02,4.103529e-01
97.40625,97.5625,0.15625,4.527415e-01,4.238859e-02,4.103529e-01
97.5625,97.71875,0.15625,5.146061e-01,4.238859e-02,4.722175e-01
97.71875,97.875,0.15625,6.460695e-01,4.238859e-02,6.036809e-01
97.875,98.03125,0.15625,8.376447e-01,4.238859e-02,7.952561e-01
98.03125,98.1875,0.15625,1.073503e+00,4.238859e-02,1.031115e+00
98.1875,98.34375,0.15625,1.330980e+00,4.238859e-02,1.288592e+00
98.34375,98.5,0.15625,1.581721e+00,4.238859e-02,1.539333e+00
98.5,98.65625,0.15625,1.794910e+00,4.238859e-02,1.752522e+00
98.65625,98.8125,0.15625,1.942231e+00,4.238859e-02,1.899842e+00
98.8125,98.96875,0.15625,1.970658e+00,4.238859e-02,1.928270e+00
98.96875,99.125,0.15625,1.850951e+00,4.238859e-02,1.808563e+00
99.125,99.28125,0.15625,1.664893e+00,4.238859e-02,1.622505e+00
99.28125,99.4375,0.15625,1.443045e+00,4.238859e-02,1.400656e+00
99.4375,99.59375,0.15625,1.220462e+00,4.238859e-02,1.178074e+00
99.59375,99.75,0.15625,1.030969e+00,4.238859e-02,9.885805e-01
99.75,99.90625,0.15625,9.023075e-01,4.238859e-02,8.599189e-01
99.90625,100.0625,0.15625,8.527545e-01,4.238859e-02,8.103659e-01
100.0625,100.21875,0.15625,8.527545e-01,4.238859e-02,8.103659e-01
100.21875,100.375,0.15625,8.892291e-01,4.238859e-02,8.468405e-01
100.375,100.53125,0.15625,1.006655e+00,4.238859e-02,9.642666e-01
100.53125,100.6875,0.15625,1.188434e+00,4.238859e-02,1.146045e+00
100.6875,100.84375,0.15625,1.408142e+00,4.238859e-02,1.365754e+00
100.84375,101,0.15625,1.632708e+00,4.238859e-02,1.590319e+00
101,101.15625,0.15625,1.827109e+00,4.238859e-02,1.784720e+00
101.15625,101.3125,0.15625,1.960128e+00,4.238859e-02,1.917740e+00
101.3125,101.46875,0.15625,1.969141e+00,4.238859e-02,1.926752e+00
101.46875,101.625,0.15625,1.845002e+00,4.238859e-02,1.802613e+00
101.625,101.78125,0.15625,1.659458e+00,4.238859e-02,1.617069e+00
101.78125,101.9375,0.15625,1.444196e+00,4.238859e-02,1.401807e+00
101.9375,102.09375,0.15625,1.234982e+00,4.238859e-02,1.192594e+00
102.09375,102.25,0.15625,1.065612e+00,4.238859e-02,1.023223e+00
102.25,102.40625,0.15625,9.627708e-01,4.238859e-02,9.203822e-01
102.40625,102.5625,0.15625,9.424352e-01,4.238859e-02,9.000467e-01
102.5625,102.71875,0.15625,9.424352e-01,4.238859e-02,9.000467e-01
102.71875,102.875,0.15625,1.007971e+00,4.238859e-02,9.655820e-01
102.875,103.03125,0.15625,1.149862e+00,4.238859e-02,1.107474e+00
103.03125,103.1875,0.15625,1.347070e+00,4.238859e-02,1.304681e+00
103.1875,103.34375,0.15625,1.570094e+00,4.238859e-02,1.527705e+00
103.34375,103.5,0.15625,1.785735e+00,4.238859e-02,1.743346e+00
103.5,103.65625,0.15625,1.963118e+00,4.238859e-02,1.920730e+00
103.65625,103.8125,0.15625,2.079935e+00,4.238859e-02,2.037547e+00
103.8125,103.96875,0.15625,2.112113e+00,4.238859e-02,2.069725e+00
103.96875,104.125,0.15625,2.054652e+00,4.238859e-02,2.012264e+00
104.125,104.28125,0.15625,1.983703e+00,4.238859e-02,1.941315e+00
104.28125,104.4375,0.15625,1.928384e+00,4.238859e-02,1.885995e+00
104.4375,104.59375,0.15625,1.910161e+00,4.238859e-02,1.867772e+00
104.59375,104.75,0.15625,1.910161e+00,4.238859e-02,1.867772e+00
104.75,104.90625,0.15625,1.937016e+00,4.238859e-02,1.894628e+00
104.90625,105.0625,0.15625,2.001617e+00,4.238859e-02,1.959228e+00
105.0625,105.21875,0.15625,2.084084e+00,4.238859e-02,2.041696e+00
105.21875,105.375,0.15625,2.158562e+00,4.238859e-02,2.116174e+00
105.375,105.53125,0.15625,2.199439e+00,4.238859e-02,2.157050e+00
105.53125,105.6875,0.15625,2.152842e+00,4.238859e-02,2.110453e+00
105.6875,105.84375,0.15625,2.076418e+00,4.238859e-02,2.034029e+00
105.84375,106,0.15625,1.994186e+00,4.238859e-02,1.951798e+00
106,106.15625,0.15625,1.931838e+00,4.238859e-02,1.889449e+00
106.15625,106.3125,0.15625,1.908443e+00,4.238859e-02,1.866054e+00
106.3125,106.46875,0.15625,1.908443e+00,4.238859e-02,1.866054e+00
106.46875,106.625,0.15625,1.930118e+00,4.238859e-02,1.887729e+00
106.625,106.78125,0.15625,1.987593e+00,4.238859e-02,1.945204e+00
106.78125,106.9375,0.15625,2.058355e+00,4.238859e-02,2.015966e+00
106.9375,107.09375,0.15625,2.112658e+00,4.238859e-02,2.070269e+00
107.09375,107.25,0.15625,2.064170e+00,4.238859e-02,2.021781e+00
107.25,107.40625,0.15625,1.933158e+00,4.238859e-02,1.890769e+00
107.40625,107.5625,0.15625,1.735310e+00,4.238859e-02,1.692921e+00
107.5625,107.71875,0.15625,1.489185e+00,4.238859e-02,1.446796e+00
107.71875,107.875,0.15625,1.219868e+00,4.238859e-02,1.177480e+00
107.875,108.03125,0.15625,9.530254e-01,4.238859e-02,9.106368e-01
108.03125,108.1875,0.15625,7.099300e-01,4.238859e-02,6.675414e-01
108.1875,108.34375,0.15625,5.045968e-01,4.238859e-02,4.622082e-01
108.34375,108.5,0.15625,3.432963e-01,4.238859e-02,3.009077e-01
108.5,108.65625,0.15625,2.260032e-01,4.238859e-02,1.836146e-01
108.65625,108.8125,0.15625,1.489384e-01,4.238859e-02,1.065498e-01
108.8125,108.96875,0.15625,1.073304e-01,4.238859e-02,6.494179e-02
108.96875,109.125,0.15625,9.773606e-02,4.238859e-02,5.534748e-02
109.125,109.28125,0.15625,9.773606e-02,4.238859e-02,5.534748e-02
109.28125,109.4375,0.15625,1.195382e-01,4.238859e-02,7.714959e-02
109.4375,109.59375,0.15625,1.754641e-01,4.238859e-02,1.330756e-01
109.59375,109.75,0.15625,2.711028e-01,4.238859e-02,2.287142e-01
109.75,109.90625,0.15625,4.134864e-01,4.238859e-02,3.710978e-01
109.90625,110.0625,0.15625,6.089249e-01,4.238859e-02,5.665364e-01
110.0625,110.21875,0.15625,8.604556e-01,4.238859e-02,8.180670e-01
110.21875,110.375,0.15625,1.165466e+00,4.238859e-02,1.123078e+00
110.375,110.53125,0.15625,1.514147e+00,4.238859e-02,1.471758e+00
110.53125,110.6875,0.15625,1.889312e+00,4.238859e-02,1.846923e+00
110.6875,110.84375,0.15625,2.267793e+00,4.238859e-02,2.225405e+00
110.84375,111,0.15625,2.623136e+00,4.238859e-02,2.580747e+00
111,111.15625,0.15625,2.928915e+00,4.238859e-02,2.886526e+00
111.15625,111.3125,0.15625,3.161891e+00,4.238859e-02,3.119503e+00
111.3125,111.46875,0.15625,3.304411e+00,4.238859e-02,3.262023e+00
111.46875,111.625,0.15625,3.283470e+00,4.238859e-02,3.241081e+00
111.625,111.78125,0.15625,3.122418e+00,4.238859e-02,3.080029e+00
111.78125,111.9375,0.15625,2.875944e+00,4.238859e-02,2.833555e+00
111.9375,112.09375,0.15625,2.564736e+00,4.238859e-02,2.522347e+00
112.09375,112.25,0.15625,2.215651e+00,4.238859e-02,2.173262e+00
112.25,112.40625,0.15625,1.859475e+00,4.238859e-02,1.817086e+00
112.40625,112.5625,0.15625,1.527876e+00,4.238859e-02,1.485487e+00
112.5625,112.71875,0.15625,1.250011e+00,4.238859e-02,1.207622e+00
112.71875,112.875,0.15625,1.049338e+00,4.238859e-02,1.006949e+00
112.875,113.03125,0.15625,9.410633e-01,4.238859e-02,8.986747e-01
113.03125,113.1875,0.15625,9.304128e-01,4.238859e-02,8.880242e-01
113.1875,113.34375,0.15625,9.304128e-01,4.238859e-02,8.880242e-01
113.34375,113.5,0.15625,1.011762e+00,4.238859e-02,9.693730e-01
113.5,113.65625,0.15625,1.168706e+00,4.238859e-02,1.126317e+00
113.65625,113.8125,0.15625,1.375338e+00,4.238859e-02,1.332949e+00
113.8125,113.96875,0.15625,1.599057e+00,4.238859e-02,1.556668e+00
113.96875,114.125,0.15625,1.805061e+00,4.238859e-02,1.762672e+00
114.125,114.28125,0.15625,1.962113e+00,4.238859e-02,1.919725e+00
114.28125,114.4375,0.15625,2.048537e+00,4.238859e-02,2.006149e+00
114.4375,114.59375,0.15625,1.996041e+00,4.238859e-02,1.953652e+00
114.59375,114.75,0.15625,1.889141e+00,4.238859e-02,1.846753e+00
114.75,114.90625,0.15625,1.768657e+00,4.238859e-02,1.726269e+00
114.90625,115.0625,0.15625,1.668567e+00,4.238859e-02,1.626178e+00
115.0625,115.21875,0.15625,1.616227e+00,4.238859e-02,1.573838e+00
115.21875,115.375,0.15625,1.616227e+00,4.238859e-02,1.573838e+00
115.375,115.53125,0.15625,1.625746e+00,4.238859e-02,1.583357e+00
115.53125,115.6875,0.15625,1.694548e+00,4.238859e-02,1.652159e+00
115.6875,115.84375,0.15625,1.803990e+00,4.238859e-02,1.761601e+00
115.84375,116,0.15625,1.923863e+00,4.238859e-02,1.881475e+00
116,116.15625,0.15625,2.019656e+00,4.238859e-02,1.977267e+00
116.15625,116.3125,0.15625,2.027388e+00,4.238859e-02,1.985000e+00
116.3125,116.46875,0.15625,1.915045e+00,4.238859e-02,1.872656e+00
116.46875,116.625,0.15625,1.734786e+00,4.238859e-02,1.692397e+00
116.625,116.78125,0.15625,1.510422e+00,4.238859e-02,1.468034e+00
116.78125,116.9375,0.15625,1.273268e+00,4.238859e-02,1.230879e+00
116.9375,117.09375,0.15625,1.056200e+00,4.238859e-02,1.013812e+00
117.09375,117.25,0.15625,8.884213e-01,4.238859e-02,8.460327e-01
117.25,117.40625,0.15625,7.917074e-01,4.238859e-02,7.493188e-01
117.40625,117.5625,0.15625,7.782347e-01,4.238859e-02,7.358461e-01
117.5625,117.71875,0.15625,7.782347e-01,4.238859e-02,7.358461e-01
117.71875,117.875,0.15625,8.496129e-01,4.238859e-02,8.072243e-01
117.875,118.03125,0.15625,9.967320e-01,4.238859e-02,9.543434e-01
118.03125,118.1875,0.15625,1.200348e+00,4.238859e-02,1.157959e+00
118.1875,118.34375,0.15625,1.432697e+00,4.238859e-02,1.390309e+00
118.34375,118.5,0.15625,1.660543e+00,4.238859e-02,1.618155e+00
118.5,118.65625,0.15625,1.849748e+00,4.238859e-02,1.807360e+00
118.65625,118.8125,0.15625,1.970841e+00,4.238859e-02,1.928453e+00
118.8125,118.96875,0.15625,1.944979e+00,4.238859e-02,1.902590e+00
118.96875,119.125,0.15625,1.801998e+00,4.238859e-02,1.759609e+00
119.125,119.28125,0.15625,1.598013e+00,4.238859e-02,1.555624e+00
119.28125,119.4375,0.15625,1.364209e+00,4.238859e-02,1.321820e+00
119.4375,119.59375,0.15625,1.134849e+00,4.238859e-02,1.092460e+00
119.59375,119.75,0.15625,9.419335e-01,4.238859e-02,8.995450e-01
119.75,119.90625,0.15625,8.111057e-01,4.238859e-02,7.687171e-01
119.90625,120.0625,0.15625,7.591283e-01,4.238859e-02,7.167397e-01
120.0625,120.21875,0.15625,7.591283e-01,4.238859e-02,7.167397e-01
120.21875,120.375,0.15625,7.927035e-01,4.238859e-02,7.503149e-01
120.375,120.53125,0.15625,9.081951e-01,4.238859e-02,8.658065e-01
120.53125,120.6875,0.15625,1.092031e+00,4.238859e-02,1.049642e+00
120.6875,120.84375,0.15625,1.321954e+00,4.238859e-02,1.279566e+00
120.84375,121,0.15625,1.569556e+00,4.238859e-02,1.527167e+00
121,121.15625,0.15625,1.804356e+00,4.238859e-02,1.761968e+00
121.15625,121.3125,0.15625,1.999146e+00,4.238859e-02,1.956757e+00
121.3125,121.46875,0.15625,2.135521e+00,4.238859e-02,2.093133e+00
121.46875,121.625,0.15625,2.208022e+00,4.238859e-02,2.165633e+00
121.625,121.78125,0.15625,2.207637e+00,4.238859e-02,2.165248e+00
121.78125,121.9375,0.15625,2.180923e+00,4.238859e-02,2.138534e+00
121.9375,122.09375,0.15625,2.169324e+00,4.238859e-02,2.126935e+00
122.09375,122.25,0.15625,2.169324e+00,4.238859e-02,2.126935e+00
122.25,122.40625,0.15625,2.188496e+00,4.238859e-02,2.146107e+00
122.40625,122.5625,0.15625,2.241895e+00,4.238859e-02,2.199507e+00
122.5625,122.71875,0.15625,2.321245e+00,4.238859e-02,2.278857e+00
122.71875,122.875,0.15625,2.410824e+00,4.238859e-02,2.368435e+00
122.875,123.03125,0.15625,2.493757e+00,4.238859e-02,2.451368e+00
123.03125,123.1875,0.15625,2.557810e+00,4.238859e-02,2.515421e+00
123.1875,123.34375,0.15625,2.598427e+00,4.238859e-02,2.556039e+00
123.34375,123.5,0.15625,2.618021e+00,4.238859e-02,2.575632e+00
123.5,123.65625,0.15625,2.614223e+00,4.238859e-02,2.571835e+00
123.65625,123.8125,0.15625,2.592127e+00,4.238859e-02,2.549738e+00
123.8125,123.96875,0.15625,2.546920e+00,4.238859e-02,2.504531e+00
123.96875,124.125,0.15625,2.465669e+00,4.238859e-02,2.423280e+00
124.125,124.28125,0.15625,2.336313e+00,4.238859e-02,2.293924e+00
124.28125,124.4375,0.15625,2.152826e+00,4.238859e-02,2.110438e+00
124.4375,124.59375,0.15625,1.918565e+00,4.238859e-02,1.876176e+00
124.59375,124.75,0.15625,1.646578e+00,4.238859e-02,1.604189e+00
124.75,124.90625,0.15625,1.356985e+00,4.238859e-02,1.314596e+00
124.90625,125.0625,0.15625,1.072596e+00,4.238859e-02,1.030207e+00
125.0625,125.21875,0.15625,8.144450e-01,4.238859e-02,7.720564e-01
125.21875,125.375,0.15625,5.986769e-01,4.238859e-02,5.562883e-01
125.375,125.53125,0.15625,4.354671e-01,4.238859e-02,3.930785e-01
125.53125,125.6875,0.15625,3.298169e-01,4.238859e-02,2.874283e-01
125.6875,125.84375,0.15625,2.834014e-01,4.238859e-02,2.410128e-01
125.84375,126,0.15625,2.834014e-01,4.238859e-02,2.410128e-01
126,126.15625,0.15625,2.964163e-01,4.238859e-02,2.540277e-01
126.15625,126.3125,0.15625,3.685179e-01,4.238859e-02,3.261293e-01
126.3125,126.46875,0.15625,4.983946e-01,4.238859e-02,4.560060e-01
126.46875,126.625,0.15625,6.820864e-01,4.238859e-02,6.396978e-01
126.625,126.78125,0.15625,9.107188e-01,4.238859e-02,8.683302e-01
126.78125,126.9375,0.15625,1.168690e+00,4.238859e-02,1.126301e+00
126.9375,127.09375,0.15625,1.433394e+00,4.238859e-02,1.391005e+00
127.09375,127.25,0.15625,1.677210e+00,4.238859e-02,1.634821e+00
127.25,127.40625,0.15625,1.871771e+00,4.238859e-02,1.829382e+00
127.40625,127.5625,0.15625,1.993680e+00,4.238859e-02,1.951292e+00
127.5625,127.71875,0.15625,1.982899e+00,4.238859e-02,1.940511e+00
127.71875,127.875,0.15625,1.868834e+00,4.238859e-02,1.826445e+00
127.875,128.03125,0.15625,1.717329e+00,4.238859e-02,1.674940e+00
128.03125,128.1875,0.15625,1.564412e+00,4.238859e-02,1.522023e+00
128.1875,128.34375,0.15625,1.445403e+00,4.238859e-02,1.403014e+00
128.34375,128.5,0.15625,1.387686e+00,4.238859e-02,1.345297e+00
128.5,128.65625,0.15625,1.387686e+00,4.238859e-02,1.345297e+00
128.65625,128.8125,0.15625,1.405262e+00,4.238859e-02,1.362874e+00
128.8125,128.96875,0.15625,1.496258e+00,4.238859e-02,1.453869e+00
128.96875,129.125,0.15625,1.643916e+00,4.238859e-02,1.601528e+00
129.125,129.28125,0.15625,1.820906e+00,4.238859e-02,1.778517e+00
129.28125,129.4375,0.15625,1.996032e+00,4.238859e-02,1.953644e+00
129.4375,129.59375,0.15625,2.141808e+00,4.238859e-02,2.099420e+00
129.59375,129.75,0.15625,2.240945e+00,4.238859e-02,2.198557e+00
129.75,129.90625,0.15625,2.289914e+00,4.238859e-02,2.247525e+00
129.90625,130.0625,0.15625,2.284863e+00,4.238859e-02,2.242474e+00
130.0625,130.21875,0.15625,2.269101e+00,4.238859e-02,2.226712e+00
130.21875,130.375,0.15625,2.264992e+00,4.238859e-02,2.222603e+00
130.375,130.53125,0.15625,2.264992e+00,4.238859e-02,2.222603e+00
130.53125,130.6875,0.15625,2.275148e+00,4.238859e-02,2.232759e+00
130.6875,130.84375,0.15625,2.289764e+00,4.238859e-02,2.247375e+00
130.84375,131,0.15625,2.253871e+00,4.238859e-02,2.211483e+00
131,131.15625,0.15625,2.164974e+00,4.238859e-02,2.122586e+00
131.15625,131.3125,0.15625,2.017276e+00,4.238859e-02,1.974888e+00
131.3125,131.46875,0.15625,1.818488e+00,4.238859e-02,1.776099e+00
131.46875,131.625,0.15625,1.588902e+00,4.238859e-02,1.546513e+00
131.625,131.78125,0.15625,1.357269e+00,4.238859e-02,1.314880e+00
131.78125,131.9375,0.15625,1.155055e+00,4.238859e-02,1.112667e+00
131.9375,132.09375,0.15625,1.010682e+00,4.238859e-02,9.682936e-01
132.09375,132.25,0.15625,9.448915e-01,4.238859e-02,9.025029e-01
132.25,132.40625,0.15625,9.448915e-01,4.238859e-02,9.025029e-01
132.40625,132.5625,0.15625,9.677970e-01,4.238859e-02,9.254084e-01
132.5625,132.71875,0.15625,1.077693e+00,4.238859e-02,1.035305e+00
132.71875,132.875,0.15625,1.261548e+00,4.238859e-02,1.219159e+00
132.875,133.03125,0.15625,1.497114e+00,4.238859e-02,1.454725e+00
133.03125,133.1875,0.15625,1.756578e+00,4.238859e-02,1.714189e+00
133.1875,133.34375,0.15625,2.011362e+00,4.238859e-02,1.968973e+00
133.34375,133.5,0.15625,2.237223e+00,4.238859e-02,2.194835e+00
133.5,133.65625,0.15625,2.418352e+00,4.238859e-02,2.375963e+00
133.65625,133.8125,0.15625,2.549139e+00,4.238859e-02,2.506751e+00
133.8125,133.96875,0.15625,2.632890e+00,4.238859e-02,2.590501e+00
133.96875,134.125,0.15625,2.677828e+00,4.238859e-02,2.635440e+00
134.125,134.28125,0.15625,2.678180e+00,4.238859e-02,2.635792e+00
134.28125,134.4375,0.15625,2.633447e+00,4.238859e-02,2.591058e+00
134.4375,134.59375,0.15625,2.549355e+00,4.238859e-02,2.506967e+00
134.59375,134.75,0.15625,2.416783e+00,4.238859e-02,2.374394e+00
134.75,134.90625,0.15625,2.230768e+00,4.238859e-02,2.188380e+00
134.90625,135.0625,0.15625,1.994252e+00,4.238859e-02,1.951863e+00
135.0625,135.21875,0.15625,1.719115e+00,4.238859e-02,1.676727e+00
135.21875,135.375,0.15625,1.424298e+00,4.238859e-02,1.381910e+00
135.375,135.53125,0.15625,1.131872e+00,4.238859e-02,1.089484e+00
135.53125,135.6875,0.15625,8.626531e-01,4.238859e-02,8.202646e-01
135.6875,135.84375,0.15625,6.328466e-01,4.238859e-02,5.904580e-01
135.84375,136,0.15625,4.526072e-01,4.238859e-02,4.102186e-01
136,136.15625,0.15625,3.265696e-01,4.238859e-02,2.841810e-01
136.15625,136.3125,0.15625,2.557065e-01,4.238859e-02,2.133179e-01
136.3125,136.46875,0.15625,2.395288e-01,4.238859e-02,1.971403e-01
136.46875,136.625,0.15625,2.395288e-01,4.238859e-02,1.971403e-01
136.625,136.78125,0.15625,2.776706e-01,4.238859e-02,2.352820e-01
136.78125,136.9375,0.15625,3.702217e-01,4.238859e-02,3.278331e-01
136.9375,137.09375,0.15625,5.166479e-01,4.238859e-02,4.742593e-01
137.09375,137.25,0.15625,7.136562e-01,4.238859e-02,6.712676e-01
137.25,137.40625,0.15625,9.528166e-01,4.238859e-02,9.104280e-01
137.40625,137.5625,0.15625,1.219005e+00,4.238859e-02,1.176616e+00
137.5625,137.71875,0.15625,1.490665e+00,4.238859e-02,1.448276e+00
137.71875,137.875,0.15625,1.742433e+00,4.238859e-02,1.700045e+00
137.875,138.03125,0.15625,1.949867e+00,4.238859e-02,1.907479e+00
138.03125,138.1875,0.15625,2.095132e+00,4.238859e-02,2.052744e+00
138.1875,138.34375,0.15625,2.171882e+00,4.238859e-02,2.129494e+00
138.34375,138.5,0.15625,2.161737e+00,4.238859e-02,2.119349e+00
138.5,138.65625,0.15625,2.121350e+00,4.238859e-02,2.078962e+00
138.65625,138.8125,0.15625,2.092955e+00,4.238859e-02,2.050566e+00
138.8125,138.96875,0.15625,2.092955e+00,4.238859e-02,2.050566e+00
138.96875,139.125,0.15625,2.095604e+00,4.238859e-02,2.053215e+00
139.125,139.28125,0.15625,2.135979e+00,4.238859e-02,2.093590e+00
139.28125,139.4375,0.15625,2.207648e+00,4.238859e-02,2.165259e+00
139.4375,139.59375,0.15625,2.294583e+00,4.238859e-02,2.252195e+00
139.59375,139.75,0.15625,2.377586e+00,4.238859e-02,2.335197e+00
139.75,139.90625,0.15625,2.441188e+00,4.238859e-02,2.398799e+00
139.90625,140.0625,0.15625,2.478458e+00,4.238859e-02,2.436069e+00
140.0625,140.21875,0.15625,2.490825e+00,4.238859e-02,2.448436e+00
140.21875,140.375,0.15625,2.484921e+00,4.238859e-02,2.442532e+00
140.375,140.53125,0.15625,2.479324e+00,4.238859e-02,2.436935e+00
140.53125,140.6875,0.15625,2.470856e+00,4.238859e-02,2.428468e+00
140.6875,140.84375,0.15625,2.448606e+00,4.238859e-02,2.406217e+00
140.84375,141,0.15625,2.398164e+00,4.238859e-02,2.355776e+00
141,141.15625,0.15625,2.307963e+00,4.238859e-02,2.265574e+00
141.15625,141.3125,0.15625,2.175242e+00,4.238859e-02,2.132854e+00
141.3125,141.46875,0.15625,2.009378e+00,4.238859e-02,1.966989e+00
141.46875,141.625,0.15625,1.831277e+00,4.238859e-02,1.788888e+00
141.625,141.78125,0.15625,1.668967e+00,4.238859e-02,1.626578e+00
141.78125,141.9375,0.15625,1.550697e+00,4.238859e-02,1.508308e+00
141.9375,142.09375,0.15625,1.497561e+00,4.238859e-02,1.455172e+00
142.09375,142.25,0.15625,1.497561e+00,4.238859e-02,1.455172e+00
142.25,142.40625,0.15625,1.517656e+00,4.238859e-02,1.475268e+00
142.40625,142.5625,0.15625,1.603303e+00,4.238859e-02,1.560915e+00
142.5625,142.71875,0.15625,1.732019e+00,4.238859e-02,1.689630e+00
142.71875,142.875,0.15625,1.871023e+00,4.238859e-02,1.828635e+00
142.875,143.03125,0.15625,1.984219e+00,4.238859e-02,1.941831e+00
143.03125,143.1875,0.15625,2.017579e+00,4.238859e-02,1.975191e+00
143.1875,143.34375,0.15625,1.911460e+00,4.238859e-02,1.869072e+00
143.34375,143.5,0.15625,1.731160e+00,4.238859e-02,1.688771e+00
143.5,143.65625,0.15625,1.498471e+00,4.238859e-02,1.456083e+00
143.65625,143.8125,0.15625,1.242203e+00,4.238859e-02,1.199814e+00
143.8125,143.96875,0.15625,9.924720e-01,4.238859e-02,9.500834e-01
143.96875,144.125,0.15625,7.760376e-01,4.238859e-02,7.336490e-01
144.125,144.28125,0.15625,6.135637e-01,4.238859e-02,5.711751e-01
144.28125,144.4375,0.15625,5.188305e-01,4.238859e-02,4.764419e-01
144.4375,144.59375,0.15625,4.992052e-01,4.238859e-02,4.568166e-01
144.59375,144.75,0.15625,4.992052e-01,4.238859e-02,4.568166e-01
144.75,144.90625,0.15625,5.564024e-01,4.238859e-02,5.140138e-01
144.90625,145.0625,0.15625,6.867882e-01,4.238859e-02,6.443996e-01
145.0625,145.21875,0.15625,8.810597e-01,4.238859e-02,8.386712e-01
145.21875,145.375,0.15625,1.123788e+00,4.238859e-02,1.081400e+00
145.375,145.53125,0.15625,1.393711e+00,4.238859e-02,1.351322e+00
145.53125,145.6875,0.15625,1.665593e+00,4.238859e-02,1.623205e+00
145.6875,145.84375,0.15625,1.913891e+00,4.238859e-02,1.871502e+00
145.84375,146,0.15625,2.117569e+00,4.238859e-02,2.075181e+00
146,146.15625,0.15625,2.264642e+00,4.238859e-02,2.222254e+00
146.15625,146.3125,0.15625,2.354691e+00,4.238859e-02,2.312302e+00
146.3125,146.46875,0.15625,2.398106e+00,4.238859e-02,2.355718e+00
146.46875,146.625,0.15625,2.411901e+00,4.238859e-02,2.369513e+00
146.625,146.78125,0.15625,2.413275e+00,4.238859e-02,2.370887e+00
146.78125,146.9375,0.15625,2.412490e+00,4.238859e-02,2.370101e+00
146.9375,147.09375,0.15625,2.401032e+00,4.238859e-02,2.358643e+00
147.09375,147.25,0.15625,2.362199e+00,4.238859e-02,2.319810e+00
147.25,147.40625,0.15625,2.278841e+00,4.238859e-02,2.236453e+00
147.40625,147.5625,0.15625,2.139986e+00,4.238859e-02,2.097597e+00
147.5625,147.71875,0.15625,1.945481e+00,4.238859e-02,1.903092e+00
147.71875,147.875,0.15625,1.707301e+00,4.238859e-02,1.664912e+00
147.875,148.03125,0.15625,1.447481e+00,4.238859e-02,1.405092e+00
148.03125,148.1875,0.15625,1.193776e+00,4.238859e-02,1.151388e+00
148.1875,148.34375,0.15625,9.746730e-01,4.238859e-02,9.322844e-01
148.34375,148.5,0.15625,8.151596e-01,4.238859e-02,7.727711e-01
148.5,148.65625,0.15625,7.339869e-01,4.238859e-02,6.915984e-01
148.65625,148.8125,0.15625,7.339869e-01,4.238859e-02,6.915984e-01
148.8125,148.96875,0.15625,7.423678e-01,4.238859e-02,6.999792e-01
148.96875,149.125,0.15625,8.436124e-01,4.238859e-02,8.012238e-01
149.125,149.28125,0.15625,1.033172e+00,4.238859e-02,9.907839e-01
149.28125,149.4375,0.15625,1.298889e+00,4.238859e-02,1.256500e+00
149.4375,149.59375,0.15625,1.621616e+00,4.238859e-02,1.579227e+00
149.59375,149.75,0.15625,1.976551e+00,4.238859e-02,1.934163e+00
149.75,149.90625,0.15625,2.335441e+00,4.238859e-02,2.293052e+00
149.90625,150.0625,0.15625,2.669444e+00,4.238859e-02,2.627056e+00
150.0625,150.21875,0.15625,2.952100e+00,4.238859e-02,2.909712e+00
150.21875,150.375,0.15625,3.161777e+00,4.238859e-02,3.119389e+00
150.375,150.53125,0.15625,3.283241e+00,4.238859e-02,3.240852e+00
150.53125,150.6875,0.15625,3.236651e+00,4.238859e-02,3.194263e+00
150.6875,150.84375,0.15625,3.075047e+00,4.238859e-02,3.032658e+00
150.84375,151,0.15625,2.838556e+00,4.238859e-02,2.796168e+00
151,151.15625,0.15625,2.549824e+00,4.238859e-02,2.507435e+00
151.15625,151.3125,0.15625,2.237981e+00,4.238859e-02,2.195593e+00
151.3125,151.46875,0.15625,1.936042e+00,4.238859e-02,1.893653e+00
151.46875,151.625,0.15625,1.676884e+00,4.238859e-02,1.634495e+00
151.625,151.78125,0.15625,1.488388e+00,4.238859e-02,1.445999e+00
151.78125,151.9375,0.15625,1.388660e+00,4.238859e-02,1.346272e+00
151.9375,152.09375,0.15625,1.382400e+00,4.238859e-02,1.340012e+00
152.09375,152.25,0.15625,1.382400e+00,4.238859e-02,1.340012e+00
152.25,152.40625,0.15625,1.459338e+00,4.238859e-02,1.416950e+00
152.40625,152.5625,0.15625,1.595309e+00,4.238859e-02,1.552920e+00
152.5625,152.71875,0.15625,1.756037e+00,4.238859e-02,1.713648e+00
152.71875,152.875,0.15625,1.903121e+00,4.238859e-02,1.860732e+00
152.875,153.03125,0.15625,2.001095e+00,4.238859e-02,1.958706e+00
153.03125,153.1875,0.15625,1.960141e+00,4.238859e-02,1.917752e+00
153.1875,153.34375,0.15625,1.813150e+00,4.238859e-02,1.770762e+00
153.34375,153.5,0.15625,1.600378e+00,4.238859e-02,1.557990e+00
153.5,153.65625,0.15625,1.348094e+00,4.238859e-02,1.305705e+00
153.65625,153.8125,0.15625,1.085733e+00,4.238859e-02,1.043344e+00
153.8125,153.96875,0.15625,8.406260e-01,4.238859e-02,7.982374e-01
153.96875,154.125,0.15625,6.345014e-01,4.238859e-02,5.921128e-01
154.125,154.28125,0.15625,4.822539e-01,4.238859e-02,4.398653e-01
154.28125,154.4375,0.15625,3.926071e-01,4.238859e-02,3.502185e-01
154.4375,154.59375,0.15625,3.697184e-01,4.238859e-02,3.273298e-01
154.59375,154.75,0.15625,3.697184e-01,4.238859e-02,3.273298e-01
154.75,154.90625,0.15625,4.146283e-01,4.238859e-02,3.722397e-01
154.90625,155.0625,0.15625,5.257486e-01,4.238859e-02,4.833600e-01
155.0625,155.21875,0.15625,6.981758e-01,4.238859e-02,6.557872e-01
155.21875,155.375,0.15625,9.222821e-01,4.238859e-02,8.798935e-01
155.375,155.53125,0.15625,1.182538e+00,4.238859e-02,1.140150e+00
155.53125,155.6875,0.15625,1.457647e+00,4.238859e-02,1.415258e+00
155.6875,155.84375,0.15625,1.722720e+00,4.238859e-02,1.680331e+00
155.84375,156,0.15625,1.953451e+00,4.238859e-02,1.911062e+00
156,156.15625,0.15625,2.131333e+00,4.238859e-02,2.088945e+00
156.15625,156.3125,0.15625,2.248247e+00,4.238859e-02,2.205858e+00
156.3125,156.46875,0.15625,2.308654e+00,4.238859e-02,2.266265e+00
156.46875,156.625,0.15625,2.328287e+00,4.238859e-02,2.285898e+00
156.625,156.78125,0.15625,2.329438e+00,4.238859e-02,2.287050e+00
156.78125,156.9375,0.15625,2.334272e+00,4.238859e-02,2.291883e+00
156.9375,157.09375,0.15625,2.358454e+00,4.238859e-02,2.316065e+00
157.09375,157.25,0.15625,2.407327e+00,4.238859e-02,2.364938e+00
157.25,157.40625,0.15625,2.475893e+00,4.238859e-02,2.433504e+00
157.40625,157.5625,0.15625,2.552323e+00,4.238859e-02,2.509934e+00
157.5625,157.71875,0.15625,2.623300e+00,4.238859e-02,2.580912e+00
157.71875,157.875,0.15625,2.678835e+00,4.238859e-02,2.636446e+00
157.875,158.03125,0.15625,2.714550e+00,4.238859e-02,2.672161e+00
158.03125,158.1875,0.15625,2.728972e+00,4.238859e-02,2.686583e+00
158.1875,158.34375,0.15625,2.708378e+00,4.238859e-02,2.665990e+00
158.34375,158.5,0.15625,2.663426e+00,4.238859e-02,2.621037e+00
158.5,158.65625,0.15625,2.584750e+00,4.238859e-02,2.542362e+00
158.65625,158.8125,0.15625,2.462695e+00,4.238859e-02,2.420306e+00
158.8125,158.96875,0.15625,2.292168e+00,4.238859e-02,2.249779e+00
158.96875,159.125,0.15625,2.076789e+00,4.238859e-02,2.034401e+00
159.125,159.28125,0.15625,1.830652e+00,4.238859e-02,1.788263e+00
159.28125,159.4375,0.15625,1.577021e+00,4.238859e-02,1.534633e+00
159.4375,159.59375,0.15625,1.344434e+00,4.238859e-02,1.302046e+00
159.59375,159.75,0.15625,1.161397e+00,4.238859e-02,1.119008e+00
159.75,159.90625,0.15625,1.051056e+00,4.238859e-02,1.008668e+00
159.90625,160.0625,0.15625,1.026914e+00,4.238859e-02,9.845256e-01
160.0625,160.21875,0.15625,1.026914e+00,4.238859e-02,9.845256e-01
160.21875,160.375,0.15625,1.090193e+00,4.238859e-02,1.047804e+00
160.375,160.53125,0.15625,1.229128e+00,4.238859e-02,1.186739e+00
160.53125,160.6875,0.15625,1.420300e+00,4.238859e-02,1.377911e+00
160.6875,160.84375,0.15625,1.632034e+00,4.238859e-02,1.589645e+00
160.84375,161,0.15625,1.829647e+00,4.238859e-02,1.787258e+00
161,161.15625,0.15625,1.981870e+00,4.238859e-02,1.939481e+00
161.15625,161.3125,0.15625,2.067227e+00,4.238859e-02,2.024839e+00
161.3125,161.46875,0.15625,2.025869e+00,4.238859e-02,1.983480e+00
161.46875,161.625,0.15625,1.931838e+00,4.238859e-02,1.889449e+00
161.625,161.78125,0.15625,1.828392e+00,4.238859e-02,1.786003e+00
161.78125,161.9375,0.15625,1.747546e+00,4.238859e-02,1.705157e+00
161.9375,162.09375,0.15625,1.713432e+00,4.238859e-02,1.671043e+00
162.09375,162.25,0.15625,1.713432e+00,4.238859e-02,1.671043e+00
162.25,162.40625,0.15625,1.736069e+00,4.238859e-02,1.693680e+00
162.40625,162.5625,0.15625,1.808747e+00,4.238859e-02,1.766358e+00
162.5625,162.71875,0.15625,1.909736e+00,4.238859e-02,1.867347e+00
162.71875,162.875,0.15625,2.007837e+00,4.238859e-02,1.965448e+00
162.875,163.03125,0.15625,2.070283e+00,4.238859e-02,2.027895e+00
163.03125,163.1875,0.15625,1.996272e+00,4.238859e-02,1.953883e+00
163.1875,163.34375,0.15625,1.848834e+00,4.238859e-02,1.806446e+00
163.34375,163.5,0.15625,1.645773e+00,4.238859e-02,1.603384e+00
163.5,163.65625,0.15625,1.415061e+00,4.238859e-02,1.372672e+00
163.65625,163.8125,0.15625,1.189643e+00,4.238859e-02,1.147255e+00
163.8125,163.96875,0.15625,1.001497e+00,4.238859e-02,9.591082e-01
163.96875,164.125,0.15625,8.767470e-01,4.238859e-02,8.343584e-01
164.125,164.28125,0.15625,8.323730e-01,4.238859e-02,7.899844e-01
164.28125,164.4375,0.15625,8.323730e-01,4.238859e-02,7.899844e-01
164.4375,164.59375,0.15625,8.744518e-01,4.238859e-02,8.320633e-01
164.59375,164.75,0.15625,9.976529e-01,4.238859e-02,9.552644e-01
164.75,164.90625,0.15625,1.185834e+00,4.238859e-02,1.143446e+00
164.90625,165.0625,0.15625,1.413881e+00,4.238859e-02,1.371493e+00
165.0625,165.21875,0.15625,1.651057e+00,4.238859e-02,1.608669e+00
165.21875,165.375,0.15625,1.865897e+00,4.238859e-02,1.823508e+00
165.375,165.53125,0.15625,2.032050e+00,4.238859e-02,1.989662e+00
165.53125,165.6875,0.15625,2.133816e+00,4.238859e-02,2.091428e+00
165.6875,165.84375,0.15625,2.152679e+00,4.238859e-02,2.110290e+00
165.84375,166,0.15625,2.106391e+00,4.238859e-02,2.064003e+00
166,166.15625,0.15625,2.058430e+00,4.238859e-02,2.016041e+00
166.15625,166.3125,0.15625,2.032178e+00,4.238859e-02,1.989790e+00
166.3125,166.46875,0.15625,2.032178e+00,4.238859e-02,1.989790e+00
166.46875,166.625,0.15625,2.039933e+00,4.238859e-02,1.997545e+00
166.625,166.78125,0.15625,2.079415e+00,4.238859e-02,2.037026e+00
166.78125,166.9375,0.15625,2.134860e+00,4.238859e-02,2.092471e+00
166.9375,167.09375,0.15625,2.182406e+00,4.238859e-02,2.140018e+00
167.09375,167.25,0.15625,2.166031e+00,4.238859e-02,2.123642e+00
167.25,167.40625,0.15625,2.084147e+00,4.238859e-02,2.041759e+00
167.40625,167.5625,0.15625,1.965991e+00,4.238859e-02,1.923602e+00
167.5625,167.71875,0.15625,1.838028e+00,4.238859e-02,1.795639e+00
167.71875,167.875,0.15625,1.733437e+00,4.238859e-02,1.691048e+00
167.875,168.03125,0.15625,1.684219e+00,4.238859e-02,1.641830e+00
168.03125,168.1875,0.15625,1.684219e+00,4.238859e-02,1.641830e+00
168.1875,168.34375,0.15625,1.713750e+00,4.238859e-02,1.671362e+00
168.34375,168.5,0.15625,1.831585e+00,4.238859e-02,1.789196e+00
168.5,168.65625,0.15625,2.031525e+00,4.238859e-02,1.989137e+00
168.65625,168.8125,0.15625,2.293060e+00,4.238859e-02,2.250671e+00
168.8125,168.96875,0.15625,2.585426e+00,4.238859e-02,2.543038e+00
168.96875,169.125,0.15625,2.873051e+00,4.238859e-02,2.830663e+00
169.125,169.28125,0.15625,3.121039e+00,4.238859e-02,3.078650e+00
169.28125,169.4375,0.15625,3.299658e+00,4.238859e-02,3.257269e+00
169.4375,169.59375,0.15625,3.372187e+00,4.238859e-02,3.329798e+00
169.59375,169.75,0.15625,3.252428e+00,4.238859e-02,3.210039e+00
169.75,169.90625,0.15625,3.035967e+00,4.238859e-02,2.993579e+00
169.90625,170.0625,0.15625,2.739319e+00,4.238859e-02,2.696931e+00
170.0625,170.21875,0.15625,2.385723e+00,4.238859e-02,2.343335e+00
170.21875,170.375,0.15625,2.002424e+00,4.238859e-02,1.960035e+00
170.375,170.53125,0.15625,1.617293e+00,4.238859e-02,1.574905e+00
170.53125,170.6875,0.15625,1.255351e+00,4.238859e-02,1.212962e+00
170.6875,170.84375,0.15625,9.359295e-01,4.238859e-02,8.935409e-01
170.84375,171,0.15625,6.711645e-01,4.238859e-02,6.287759e-01
171,171.15625,0.15625,4.661117e-01,4.238859e-02,4.237231e-01
171.15625,171.3125,0.15625,3.203181e-01,4.238859e-02,2.779295e-01
171.3125,171.46875,0.15625,2.302675e-01,4.238859e-02,1.878790e-01
171.46875,171.625,0.15625,1.919310e-01,4.238859e-02,1.495424e-01
171.625,171.78125,0.15625,1.919310e-01,4.238859e-02,1.495424e-01
171.78125,171.9375,0.15625,2.026871e-01,4.238859e-02,1.602985e-01
171.9375,172.09375,0.15625,2.620940e-01,4.238859e-02,2.197054e-01
172.09375,172.25,0.15625,3.712983e-01,4.238859e-02,3.289097e-01
172.25,172.40625,0.15625,5.312258e-01,4.238859e-02,4.888372e-01
172.40625,172.5625,0.15625,7.400617e-01,4.238859e-02,6.976731e-01
172.5625,172.71875,0.15625,9.908417e-01,4.238859e-02,9.484531e-01
172.71875,172.875,0.15625,1.270123e+00,4.238859e-02,1.227734e+00
172.875,173.03125,0.15625,1.558545e+00,4.238859e-02,1.516157e+00
173.03125,173.1875,0.15625,1.833585e+00,4.238859e-02,1.791197e+00
173.1875,173.34375,0.15625,2.073980e+00,4.238859e-02,2.031592e+00
173.34375,173.5,0.15625,2.264537e+00,4.238859e-02,2.222148e+00
173.5,173.65625,0.15625,2.399594e+00,4.238859e-02,2.357205e+00
173.65625,173.8125,0.15625,2.483687e+00,4.238859e-02,2.441298e+00
173.8125,173.96875,0.15625,2.528909e+00,4.238859e-02,2.486520e+00
173.96875,174.125,0.15625,2.549797e+00,4.238859e-02,2.507408e+00
174.125,174.28125,0.15625,2.556653e+00,4.238859e-02,2.514265e+00
174.28125,174.4375,0.15625,2.543245e+00,4.238859e-02,2.500856e+00
174.4375,174.59375,0.15625,2.509347e+00,4.238859e-02,2.466959e+00
174.59375,174.75,0.15625,2.447807e+00,4.238859e-02,2.405418e+00
174.75,174.90625,0.15625,2.357893e+00,4.238859e-02,2.315504e+00
174.90625,175.0625,0.15625,2.248370e+00,4.238859e-02,2.205981e+00
175.0625,175.21875,0.15625,2.136679e+00,4.238859e-02,2.094291e+00
175.21875,175.375,0.15625,2.044298e+00,4.238859e-02,2.001910e+00
175.375,175.53125,0.15625,1.989864e+00,4.238859e-02,1.947475e+00
175.53125,175.6875,0.15625,1.982536e+00,4.238859e-02,1.940147e+00
175.6875,175.84375,0.15625,1.982536e+00,4.238859e-02,1.940147e+00
175.84375,176,0.15625,2.018052e+00,4.238859e-02,1.975664e+00
176,176.15625,0.15625,2.078991e+00,4.238859e-02,2.036602e+00
176.15625,176.3125,0.15625,2.139333e+00,4.238859e-02,2.096944e+00
176.3125,176.46875,0.15625,2.156792e+00,4.238859e-02,2.114403e+00
176.46875,176.625,0.15625,2.086975e+00,4.238859e-02,2.044586e+00
176.625,176.78125,0.15625,1.971371e+00,4.238859e-02,1.928982e+00
176.78125,176.9375,0.15625,1.832536e+00,4.238859e-02,1.790147e+00
176.9375,177.09375,0.15625,1.700892e+00,4.238859e-02,1.658504e+00
177.09375,177.25,0.15625,1.606790e+00,4.238859e-02,1.564402e+00
177.25,177.40625,0.15625,1.572639e+00,4.238859e-02,1.530250e+00
177.40625,177.5625,0.15625,1.572639e+00,4.238859e-02,1.530250e+00
177.5625,177.71875,0.15625,1.607212e+00,4.238859e-02,1.564823e+00
177.71875,177.875,0.15625,1.703564e+00,4.238859e-02,1.661176e+00
177.875,178.03125,0.15625,1.841083e+00,4.238859e-02,1.798695e+00
178.03125,178.1875,0.15625,1.991107e+00,4.238859e-02,1.948719e+00
178.1875,178.34375,0.15625,2.124629e+00,4.238859e-02,2.082240e+00
178.34375,178.5,0.15625,2.219935e+00,4.238859e-02,2.177546e+00
178.5,178.65625,0.15625,2.267973e+00,4.238859e-02,2.225585e+00
178.65625,178.8125,0.15625,2.253488e+00,4.238859e-02,2.211099e+00
178.8125,178.96875,0.15625,2.227830e+00,4.238859e-02,2.185441e+00
178.96875,179.125,0.15625,2.214282e+00,4.238859e-02,2.171894e+00
179.125,179.28125,0.15625,2.214282e+00,4.238859e-02,2.171894e+00
179.28125,179.4375,0.15625,2.220494e+00,4.238859e-02,2.178105e+00
179.4375,179.59375,0.15625,2.241237e+00,4.238859e-02,2.198849e+00
179.59375,179.75,0.15625,2.254082e+00,4.238859e-02,2.211694e+00
179.75,179.90625,0.15625,2.202997e+00,4.238859e-02,2.160609e+00
179.90625,180.0625,0.15625,2.094823e+00,4.238859e-02,2.052435e+00
180.0625,180.21875,0.15625,1.931113e+00,4.238859e-02,1.888724e+00
180.21875,180.375,0.15625,1.727468e+00,4.238859e-02,1.685080e+00
180.375,180.53125,0.15625,1.510468e+00,4.238859e-02,1.468080e+00
180.53125,180.6875,0.15625,1.312022e+00,4.238859e-02,1.269633e+00
180.6875,180.84375,0.15625,1.162784e+00,4.238859e-02,1.120395e+00
180.84375,181,0.15625,1.086147e+00,4.238859e-02,1.043759e+00
181,181.15625,0.15625,1.086147e+00,4.238859e-02,1.043759e+00
181.15625,181.3125,0.15625,1.093839e+00,4.238859e-02,1.051451e+00
181.3125,181.46875,0.15625,1.183641e+00,4.238859e-02,1.141252e+00
181.46875,181.625,0.15625,1.339393e+00,4.238859e-02,1.297005e+00
181.625,181.78125,0.15625,1.533290e+00,4.238859e-02,1.490901e+00
181.78125,181.9375,0.15625,1.730242e+00,4.238859e-02,1.687854e+00
181.9375,182.09375,0.15625,1.893826e+00,4.238859e-02,1.851437e+00
182.09375,182.25,0.15625,1.992819e+00,4.238859e-02,1.950430e+00
182.25,182.40625,0.15625,1.930858e+00,4.238859e-02,1.888470e+00
182.40625,182.5625,0.15625,1.774204e+00,4.238859e-02,1.731815e+00
182.5625,182.71875,0.15625,1.559758e+00,4.238859e-02,1.517369e+00
182.71875,182.875,0.15625,1.318424e+00,4.238859e-02,1.276036e+00
182.875,183.03125,0.15625,1.083751e+00,4.238859e-02,1.041362e+00
183.03125,183.1875,0.15625,8.870146e-01,4.238859e-02,8.446260e-01
183.1875,183.34375,0.15625,7.538653e-01,4.238859e-02,7.114767e-01
183.34375,183.5,0.15625,7.026983e-01,4.238859e-02,6.603097e-01
183.5,183.65625,0.15625,7.026983e-01,4.238859e-02,6.603097e-01
183.65625,183.8125,0.15625,7.442597e-01,4.238859e-02,7.018711e-01
183.8125,183.96875,0.15625,8.817301e-01,4.238859e-02,8.393415e-01
183.96875,184.125,0.15625,1.110710e+00,4.238859e-02,1.068322e+00
184.125,184.28125,0.15625,1.419006e+00,4.238859e-02,1.376618e+00
184.28125,184.4375,0.15625,1.786574e+00,4.238859e-02,1.744186e+00
184.4375,184.59375,0.15625,2.186211e+00,4.238859e-02,2.143822e+00
184.59375,184.75,0.15625,2.585446e+00,4.238859e-02,2.543057e+00
184.75,184.90625,0.15625,2.949719e+00,4.238859e-02,2.907330e+00
184.90625,185.0625,0.15625,3.246474e+00,4.238859e-02,3.204086e+00
185.0625,185.21875,0.15625,3.449517e+00,4.238859e-02,3.407129e+00
185.21875,185.375,0.15625,3.523473e+00,4.238859e-02,3.481085e+00
185.375,185.53125,0.15625,3.402197e+00,4.238859e-02,3.359809e+00
185.53125,185.6875,0.15625,3.202811e+00,4.238859e-02,3.160423e+00
185.6875,185.84375,0.15625,2.958742e+00,4.238859e-02,2.916353e+00
185.84375,186,0.15625,2.707790e+00,4.238859e-02,2.665401e+00
186,186.15625,0.15625,2.485488e+00,4.238859e-02,2.443100e+00
186.15625,186.3125,0.15625,2.318299e+00,4.238859e-02,2.275910e+00
186.3125,186.46875,0.15625,2.218266e+00,4.238859e-02,2.175877e+00
186.46875,186.625,0.15625,2.180653e+00,4.238859e-02,2.138264e+00
186.625,186.78125,0.15625,2.180653e+00,4.238859e-02,2.138264e+00
186.78125,186.9375,0.15625,2.185499e+00,4.238859e-02,2.143110e+00
186.9375,187.09375,0.15625,2.201387e+00,4.238859e-02,2.158998e+00
187.09375,187.25,0.15625,2.155406e+00,4.238859e-02,2.113017e+00
187.25,187.40625,0.15625,2.052814e+00,4.238859e-02,2.010425e+00
187.40625,187.5625,0.15625,1.897508e+00,4.238859e-02,1.855119e+00
187.5625,187.71875,0.15625,1.708443e+00,4.238859e-02,1.666055e+00
187.71875,187.875,0.15625,1.514964e+00,4.238859e-02,1.472576e+00
187.875,188.03125,0.15625,1.349934e+00,4.238859e-02,1.307546e+00
188.03125,188.1875,0.15625,1.242412e+00,4.238859e-02,1.200024e+00
188.1875,188.34375,0.15625,1.211429e+00,4.238859e-02,1.169041e+00
188.34375,188.5,0.15625,1.211429e+00,4.238859e-02,1.169041e+00
188.5,188.65625,0.15625,1.261951e+00,4.238859e-02,1.219563e+00
188.65625,188.8125,0.15625,1.383596e+00,4.238859e-02,1.341208e+00
188.8125,188.96875,0.15625,1.552245e+00,4.238859e-02,1.509856e+00
188.96875,189.125,0.15625,1.734279e+00,4.238859e-02,1.691891e+00
189.125,189.28125,0.15625,1.892790e+00,4.238859e-02,1.850401e+00
189.28125,189.4375,0.15625,1.994614e+00,4.238859e-02,1.952226e+00
189.4375,189.59375,0.15625,1.950730e+00,4.238859e-02,1.908341e+00
189.59375,189.75,0.15625,1.803781e+00,4.238859e-02,1.761392e+00
189.75,189.90625,0.15625,1.596873e+00,4.238859e-02,1.554484e+00
189.90625,190.0625,0.15625,1.360127e+00,4.238859e-02,1.317738e+00
190.0625,190.21875,0.15625,1.127144e+00,4.238859e-02,1.084755e+00
190.21875,190.375,0.15625,9.296541e-01,4.238859e-02,8.872655e-01
190.375,190.53125,0.15625,7.935504e-01,4.238859e-02,7.511618e-01
190.53125,190.6875,0.15625,7.366067e-01,4.238859e-02,6.942181e-01
190.6875,190.84375,0.15625,7.366067e-01,4.238859e-02,6.942181e-01
190.84375,191,0.15625,7.675989e-01,4.238859e-02,7.252104e-01
191,191.15625,0.15625,8.862830e-01,4.238859e-02,8.438944e-01
191.15625,191.3125,0.15625,1.083850e+00,4.238859e-02,1.041461e+00
191.3125,191.46875,0.15625,1.343855e+00,4.238859e-02,1.301467e+00
191.46875,191.625,0.15625,1.643888e+00,4.238859e-02,1.601499e+00
191.625,191.78125,0.15625,1.958194e+00,4.238859e-02,1.915805e+00
191.78125,191.9375,0.15625,2.261047e+00,4.238859e-02,2.218659e+00
191.9375,192.09375,0.15625,2.530167e+00,4.238859e-02,2.487778e+00
192.09375,192.25,0.15625,2.749164e+00,4.238859e-02,2.706776e+00
192.25,192.40625,0.15625,2.908255e+00,4.238859e-02,2.865866e+00
192.40625,192.5625,0.15625,3.003138e+00,4.238859e-02,2.960749e+00
192.5625,192.71875,0.15625,2.997542e+00,4.238859e-02,2.955153e+00
192.71875,192.875,0.15625,2.898312e+00,4.238859e-02,2.855924e+00
192.875,193.03125,0.15625,2.737902e+00,4.238859e-02,2.695513e+00
193.03125,193.1875,0.15625,2.523303e+00,4.238859e-02,2.480914e+00
193.1875,193.34375,0.15625,2.268026e+00,4.238859e-02,2.225637e+00
193.34375,193.5,0.15625,1.992986e+00,4.238859e-02,1.950597e+00
193.5,193.65625,0.15625,1.725132e+00,4.238859e-02,1.682743e+00
193.65625,193.8125,0.15625,1.493863e+00,4.238859e-02,1.451474e+00
193.8125,193.96875,0.15625,1.326062e+00,4.238859e-02,1.283673e+00
193.96875,194.125,0.15625,1.240974e+00,4.238859e-02,1.198585e+00
194.125,194.28125,0.15625,1.240974e+00,4.238859e-02,1.198585e+00
194.28125,194.4375,0.15625,1.246158e+00,4.238859e-02,1.203770e+00
194.4375,194.59375,0.15625,1.335465e+00,4.238859e-02,1.293076e+00
194.59375,194.75,0.15625,1.489580e+00,4.238859e-02,1.447191e+00
194.75,194.90625,0.15625,1.679275e+00,4.238859e-02,1.636886e+00
194.90625,195.0625,0.15625,1.870956e+00,4.238859e-02,1.828567e+00
195.0625,195.21875,0.15625,2.033549e+00,4.238859e-02,1.991160e+00
195.21875,195.375,0.15625,2.145221e+00,4.238859e-02,2.102833e+00
195.375,195.53125,0.15625,2.198174e+00,4.238859e-02,2.155786e+00
195.53125,195.6875,0.15625,2.171172e+00,4.238859e-02,2.128783e+00
195.6875,195.84375,0.15625,2.138655e+00,4.238859e-02,2.096267e+00
195.84375,196,0.15625,2.128417e+00,4.238859e-02,2.086028e+00
196,196.15625,0.15625,2.128417e+00,4.238859e-02,2.086028e+00
196.15625,196.3125,0.15625,2.158202e+00,4.238859e-02,2.115813e+00
196.3125,196.46875,0.15625,2.233359e+00,4.238859e-02,2.190970e+00
196.46875,196.625,0.15625,2.346655e+00,4.238859e-02,2.304267e+00
196.625,196.78125,0.15625,2.481800e+00,4.238859e-02,2.439411e+00
196.78125,196.9375,0.15625,2.619043e+00,4.238859e-02,2.576655e+00
196.9375,197.09375,0.15625,2.740593e+00,4.238859e-02,2.698204e+00
197.09375,197.25,0.15625,2.833890e+00,4.238859e-02,2.791501e+00
197.25,197.40625,0.15625,2.891925e+00,4.238859e-02,2.849537e+00
197.40625,197.5625,0.15625,2.888669e+00,4.238859e-02,2.846280e+00
197.5625,197.71875,0.15625,2.820337e+00,4.238859e-02,2.777948e+00
197.71875,197.875,0.15625,2.701163e+00,4.238859e-02,2.658774e+00
197.875,198.03125,0.15625,2.527598e+00,4.238859e-02,2.485209e+00
198.03125,198.1875,0.15625,2.300675e+00,4.238859e-02,2.258287e+00
198.1875,198.34375,0.15625,2.028314e+00,4.238859e-02,1.985926e+00
198.34375,198.5,0.15625,1.725582e+00,4.238859e-02,1.683194e+00
198.5,198.65625,0.15625,1.412668e+00,4.238859e-02,1.370279e+00
198.65625,198.8125,0.15625,1.111335e+00,4.238859e-02,1.068946e+00
198.8125,198.96875,0.15625,8.411913e-01,4.238859e-02,7.988027e-01
198.96875,199.125,0.15625,6.170526e-01,4.238859e-02,5.746640e-01
199.125,199.28125,0.15625,4.480722e-01,4.238859e-02,4.056837e-01
199.28125,199.4375,0.15625,3.385661e-01,4.238859e-02,2.961775e-01
199.4375,199.59375,0.15625,2.898152e-01,4.238859e-02,2.474266e-01
199.59375,199.75,0.15625,2.898152e-01,4.238859e-02,2.474266e-01
199.75,199.90625,0.15625,3.018757e-01,4.238859e-02,2.594871e-01
199.90625,200.0625,0.15625,3.745446e-01,4.238859e-02,3.321560e-01
200.0625,200.21875,0.15625,5.070475e-01,4.238859e-02,4.646589e-01
200.21875,200.375,0.15625,6.965707e-01,4.238859e-02,6.541822e-01
200.375,200.53125,0.15625,9.362918e-01,4.238859e-02,8.939032e-01
200.53125,200.6875,0.15625,1.213881e+00,4.238859e-02,1.171492e+00
200.6875,200.84375,0.15625,1.511430e+00,4.238859e-02,1.469041e+00
200.84375,201,0.15625,1.807324e+00,4.238859e-02,1.764936e+00
201,201.15625,0.15625,2.079824e+00,4.238859e-02,2.037435e+00
201.15625,201.3125,0.15625,2.311308e+00,4.238859e-02,2.268919e+00
201.3125,201.46875,0.15625,2.491650e+00,4.238859e-02,2.449261e+00
201.46875,201.625,0.15625,2.619355e+00,4.238859e-02,2.576967e+00
201.625,201.78125,0.15625,2.699885e+00,4.238859e-02,2.657496e+00
201.78125,201.9375,0.15625,2.741816e+00,4.238859e-02,2.699428e+00
201.9375,202.09375,0.15625,2.735178e+00,4.238859e-02,2.692789e+00
202.09375,202.25,0.15625,2.688946e+00,4.238859e-02,2.646558e+00
202.25,202.40625,0.15625,2.611592e+00,4.238859e-02,2.569203e+00
202.40625,202.5625,0.15625,2.504001e+00,4.238859e-02,2.461613e+00
202.5625,202.71875,0.15625,2.373975e+00,4.238859e-02,2.331586e+00
202.71875,202.875,0.15625,2.237469e+00,4.238859e-02,2.195081e+00
202.875,203.03125,0.15625,2.116344e+00,4.238859e-02,2.073956e+00
203.03125,203.1875,0.15625,2.033175e+00,4.238859e-02,1.990786e+00
203.1875,203.34375,0.15625,2.004956e+00,4.238859e-02,1.962567e+00
203.34375,203.5,0.15625,2.004956e+00,4.238859e-02,1.962567e+00
203.5,203.65625,0.15625,2.038042e+00,4.238859e-02,1.995653e+00
203.65625,203.8125,0.15625,2.126224e+00,4.238859e-02,2.083835e+00
203.8125,203.96875,0.15625,2.252646e+00,4.238859e-02,2.210257e+00
203.96875,204.125,0.15625,2.394820e+00,4.238859e-02,2.352432e+00
204.125,204.28125,0.15625,2.530811e+00,4.238859e-02,2.488423e+00
204.28125,204.4375,0.15625,2.644288e+00,4.238859e-02,2.601900e+00
204.4375,204.59375,0.15625,2.726693e+00,4.238859e-02,2.684304e+00
204.59375,204.75,0.15625,2.776039e+00,4.238859e-02,2.733650e+00
204.75,204.90625,0.15625,2.778469e+00,4.238859e-02,2.736080e+00
204.90625,205.0625,0.15625,2.727979e+00,4.238859e-02,2.685591e+00
205.0625,205.21875,0.15625,2.635272e+00,4.238859e-02,2.592884e+00
205.21875,205.375,0.15625,2.493736e+00,4.238859e-02,2.451348e+00
205.375,205.53125,0.15625,2.300988e+00,4.238859e-02,2.258599e+00
205.53125,205.6875,0.15625,2.062468e+00,4.238859e-02,2.020080e+00
205.6875,205.84375,0.15625,1.792855e+00,4.238859e-02,1.750467e+00
205.84375,206,0.15625,1.514753e+00,4.238859e-02,1.472364e+00
206,206.15625,0.15625,1.255205e+00,4.238859e-02,1.212816e+00
206.15625,206.3125,0.15625,1.041215e+00,4.238859e-02,9.988265e-01
206.3125,206.46875,0.15625,8.954880e-01,4.238859e-02,8.530994e-01
206.46875,206.625,0.15625,8.331693e-01,4.238859e-02,7.907808e-01
206.625,206.78125,0.15625,8.331693e-01,4.238859e-02,7.907808e-01
206.78125,206.9375,0.15625,8.598031e-01,4.238859e-02,8.174145e-01
206.9375,207.09375,0.15625,9.704159e-01,4.238859e-02,9.280274e-01
207.09375,207.25,0.15625,1.149664e+00,4.238859e-02,1.107275e+00
207.25,207.40625,0.15625,1.373206e+00,4.238859e-02,1.330818e+00
207.40625,207.5625,0.15625,1.610618e+00,4.238859e-02,1.568229e+00
207.5625,207.71875,0.15625,1.829927e+00,4.238859e-02,1.787539e+00
207.71875,207.875,0.15625,2.003328e+00,4.238859e-02,1.960939e+00
207.875,208.03125,0.15625,2.112877e+00,4.238859e-02,2.070488e+00
208.03125,208.1875,0.15625,2.139201e+00,4.238859e-02,2.096812e+00
208.1875,208.34375,0.15625,2.089509e+00,4.238859e-02,2.047121e+00
208.34375,208.5,0.15625,2.033686e+00,4.238859e-02,1.991298e+00
208.5,208.65625,0.15625,1.997316e+00,4.238859e-02,1.954928e+00
208.65625,208.8125,0.15625,1.995898e+00,4.238859e-02,1.953509e+00
208.8125,208.96875,0.15625,1.995898e+00,4.238859e-02,1.953509e+00
208.96875,209.125,0.15625,2.030323e+00,4.238859e-02,1.987934e+00
209.125,209.28125,0.15625,2.086759e+00,4.238859e-02,2.044370e+00
209.28125,209.4375,0.15625,2.140992e+00,4.238859e-02,2.098604e+00
209.4375,209.59375,0.15625,2.139962e+00,4.238859e-02,2.097573e+00
209.59375,209.75,0.15625,2.053721e+00,4.238859e-02,2.011333e+00
209.75,209.90625,0.15625,1.913348e+00,4.238859e-02,1.870960e+00
209.90625,210.0625,0.15625,1.739509e+00,4.238859e-02,1.697120e+00
210.0625,210.21875,0.15625,1.562653e+00,4.238859e-02,1.520264e+00
210.21875,210.375,0.15625,1.415957e+00,4.238859e-02,1.373568e+00
210.375,210.53125,0.15625,1.327790e+00,4.238859e-02,1.285401e+00
210.53125,210.6875,0.15625,1.315443e+00,4.238859e-02,1.273054e+00
210.6875,210.84375,0.15625,1.315443e+00,4.238859e-02,1.273054e+00
210.84375,211,0.15625,1.381388e+00,4.238859e-02,1.338999e+00
211,211.15625,0.15625,1.512763e+00,4.238859e-02,1.470374e+00
211.15625,211.3125,0.15625,1.684167e+00,4.238859e-02,1.641778e+00
211.3125,211.46875,0.15625,1.863269e+00,4.238859e-02,1.820881e+00
211.46875,211.625,0.15625,2.018125e+00,4.238859e-02,1.975736e+00
211.625,211.78125,0.15625,2.124589e+00,4.238859e-02,2.082200e+00
211.78125,211.9375,0.15625,2.165332e+00,4.238859e-02,2.122944e+00
211.9375,212.09375,0.15625,2.123601e+00,4.238859e-02,2.081213e+00
212.09375,212.25,0.15625,2.073942e+00,4.238859e-02,2.031554e+00
212.25,212.40625,0.15625,2.043949e+00,4.238859e-02,2.001560e+00
212.40625,212.5625,0.15625,2.043949e+00,4.238859e-02,2.001560e+00
212.5625,212.71875,0.15625,2.054027e+00,4.238859e-02,2.011639e+00
212.71875,212.875,0.15625,2.112301e+00,4.238859e-02,2.069912e+00
212.875,213.03125,0.15625,2.213506e+00,4.238859e-02,2.171117e+00
213.03125,213.1875,0.15625,2.341976e+00,4.238859e-02,2.299587e+00
213.1875,213.34375,0.15625,2.477375e+00,4.238859e-02,2.434986e+00
213.34375,213.5,0.15625,2.600923e+00,4.238859e-02,2.558535e+00
213.5,213.65625,0.15625,2.699861e+00,4.238859e-02,2.657472e+00
213.65625,213.8125,0.15625,2.768744e+00,4.238859e-02,2.726355e+00
213.8125,213.96875,0.15625,2.807654e+00,4.238859e-02,2.765265e+00
213.96875,214.125,0.15625,2.803003e+00,4.238859e-02,2.760614e+00
214.125,214.28125,0.15625,2.759538e+00,4.238859e-02,2.717150e+00
214.28125,214.4375,0.15625,2.686922e+00,4.238859e-02,2.644533e+00
214.4375,214.59375,0.15625,2.586639e+00,4.238859e-02,2.544250e+00
214.59375,214.75,0.15625,2.466145e+00,4.238859e-02,2.423756e+00
214.75,214.90625,0.15625,2.339757e+00,4.238859e-02,2.297368e+00
214.90625,215.0625,0.15625,2.226311e+00,4.238859e-02,2.183922e+00
215.0625,215.21875,0.15625,2.144024e+00,4.238859e-02,2.101635e+00
215.21875,215.375,0.15625,2.104311e+00,4.238859e-02,2.061923e+00
215.375,215.53125,0.15625,2.104311e+00,4.238859e-02,2.061923e+00
215.53125,215.6875,0.15625,2.106928e+00,4.238859e-02,2.064539e+00
215.6875,215.84375,0.15625,2.138434e+00,4.238859e-02,2.096045e+00
215.84375,216,0.15625,2.174799e+00,4.238859e-02,2.132410e+00
216,216.15625,0.15625,2.150908e+00,4.238859e-02,2.108520e+00
216.15625,216.3125,0.15625,2.049433e+00,4.238859e-02,2.007045e+00
216.3125,216.46875,0.15625,1.880958e+00,4.238859e-02,1.838569e+00
216.46875,216.625,0.15625,1.657127e+00,4.238859e-02,1.614738e+00
216.625,216.78125,0.15625,1.400015e+00,4.238859e-02,1.357626e+00
216.78125,216.9375,0.15625,1.136907e+00,4.238859e-02,1.094519e+00
216.9375,217.09375,0.15625,8.949588e-01,4.238859e-02,8.525702e-01
217.09375,217.25,0.15625,6.971891e-01,4.238859e-02,6.548005e-01
217.25,217.40625,0.15625,5.604649e-01,4.238859e-02,5.180763e-01
217.40625,217.5625,0.15625,4.952109e-01,4.238859e-02,4.528224e-01
217.5625,217.71875,0.15625,4.952109e-01,4.238859e-02,4.528224e-01
217.71875,217.875,0.15625,5.060006e-01,4.238859e-02,4.636120e-01
217.875,218.03125,0.15625,5.920789e-01,4.238859e-02,5.496903e-01
218.03125,218.1875,0.15625,7.472588e-01,4.238859e-02,7.048703e-01
218.1875,218.34375,0.15625,9.592908e-01,4.238859e-02,9.169022e-01
218.34375,218.5,0.15625,1.209414e+00,4.238859e-02,1.167026e+00
218.5,218.65625,0.15625,1.473076e+00,4.238859e-02,1.430688e+00
218.65625,218.8125,0.15625,1.722557e+00,4.238859e-02,1.680169e+00
218.8125,218.96875,0.15625,1.931548e+00,4.238859e-02,1.889159e+00
218.96875,219.125,0.15625,2.080795e+00,4.238859e-02,2.038406e+00
219.125,219.28125,0.15625,2.163211e+00,4.238859e-02,2.120822e+00
219.28125,219.4375,0.15625,2.173063e+00,4.238859e-02,2.130675e+00
219.4375,219.59375,0.15625,2.153834e+00,4.238859e-02,2.111446e+00
219.59375,219.75,0.15625,2.153834e+00,4.238859e-02,2.111446e+00
219.75,219.90625,0.15625,2.162322e+00,4.238859e-02,2.119933e+00
219.90625,220.0625,0.15625,2.225595e+00,4.238859e-02,2.183206e+00
220.0625,220.21875,0.15625,2.357588e+00,4.238859e-02,2.315199e+00
220.21875,220.375,0.15625,2.555453e+00,4.238859e-02,2.513065e+00
220.375,220.53125,0.15625,2.799882e+00,4.238859e-02,2.757494e+00
220.53125,220.6875,0.15625,3.059014e+00,4.238859e-02,3.016626e+00
220.6875,220.84375,0.15625,3.294712e+00,4.238859e-02,3.252323e+00
220.84375,221,0.15625,3.469580e+00,4.238859e-02,3.427191e+00
221,221.15625,0.15625,3.526995e+00,4.238859e-02,3.484606e+00
221.15625,221.3125,0.15625,3.385995e+00,4.238859e-02,3.343607e+00
221.3125,221.46875,0.15625,3.139571e+00,4.238859e-02,3.097182e+00
221.46875,221.625,0.15625,2.809301e+00,4.238859e-02,2.766913e+00
221.625,221.78125,0.15625,2.425690e+00,4.238859e-02,2.383302e+00
221.78125,221.9375,0.15625,2.023921e+00,4.238859e-02,1.981532e+00
221.9375,222.09375,0.15625,1.639444e+00,4.238859e-02,1.597056e+00
222.09375,222.25,0.15625,1.304129e+00,4.238859e-02,1.261740e+00
222.25,222.40625,0.15625,1.043510e+00,4.238859e-02,1.001121e+00
222.40625,222.5625,0.15625,8.753057e-01,4.238859e-02,8.329171e-01
222.5625,222.71875,0.15625,8.089852e-01,4.238859e-02,7.665966e-01
222.71875,222.875,0.15625,8.089852e-01,4.238859e-02,7.665966e-01
222.875,223.03125,0.15625,8.459316e-01,4.238859e-02,8.035430e-01
223.03125,223.1875,0.15625,9.798145e-01,4.238859e-02,9.374259e-01
223.1875,223.34375,0.15625,1.197062e+00,4.238859e-02,1.154673e+00
223.34375,223.5,0.15625,1.477663e+00,4.238859e-02,1.435275e+00
223.5,223.65625,0.15625,1.796682e+00,4.238859e-02,1.754293e+00
223.65625,223.8125,0.15625,2.126643e+00,4.238859e-02,2.084255e+00
223.8125,223.96875,0.15625,2.440545e+00,4.238859e-02,2.398156e+00
223.96875,224.125,0.15625,2.714781e+00,4.238859e-02,2.672393e+00
224.125,224.28125,0.15625,2.931154e+00,4.238859e-02,2.888766e+00
224.28125,224.4375,0.15625,3.077472e+00,4.238859e-02,3.035084e+00
224.4375,224.59375,0.15625,3.136591e+00,4.238859e-02,3.094203e+00
224.59375,224.75,0.15625,3.047176e+00,4.238859e-02,3.004788e+00
224.75,224.90625,0.15625,2.882646e+00,4.238859e-02,2.840257e+00
224.90625,225.0625,0.15625,2.651586e+00,4.238859e-02,2.609198e+00
225.0625,225.21875,0.15625,2.368395e+00,4.238859e-02,2.326007e+00
225.21875,225.375,0.15625,2.053706e+00,4.238859e-02,2.011317e+00
225.375,225.53125,0.15625,1.733337e+00,4.238859e-02,1.690949e+00
225.53125,225.6875,0.15625,1.435727e+00,4.238859e-02,1.393339e+00
225.6875,225.84375,0.15625,1.188401e+00,4.238859e-02,1.146012e+00
225.84375,226,0.15625,1.014288e+00,4.238859e-02,9.718995e-01
226,226.15625,0.15625,9.285868e-01,4.238859e-02,8.861982e-01
226.15625,226.3125,0.15625,9.285868e-01,4.238859e-02,8.861982e-01
226.3125,226.46875,0.15625,9.365447e-01,4.238859e-02,8.941562e-01
226.46875,226.625,0.15625,1.032320e+00,4.238859e-02,9.899318e-01
226.625,226.78125,0.15625,1.199031e+00,4.238859e-02,1.156642e+00
226.78125,226.9375,0.15625,1.410216e+00,4.238859e-02,1.367827e+00
226.9375,227.09375,0.15625,1.632974e+00,4.238859e-02,1.590585e+00
227.09375,227.25,0.15625,1.832784e+00,4.238859e-02,1.790395e+00
227.25,227.40625,0.15625,1.979475e+00,4.238859e-02,1.937086e+00
227.40625,227.5625,0.15625,2.048853e+00,4.238859e-02,2.006464e+00
227.5625,227.71875,0.15625,1.977522e+00,4.238859e-02,1.935133e+00
227.71875,227.875,0.15625,1.864236e+00,4.238859e-02,1.821847e+00
227.875,228.03125,0.15625,1.742289e+00,4.238859e-02,1.699900e+00
228.03125,228.1875,0.15625,1.645429e+00,4.238859e-02,1.603040e+00
228.1875,228.34375,0.15625,1.599831e+00,4.238859e-02,1.557442e+00
228.34375,228.5,0.15625,1.599831e+00,4.238859e-02,1.557442e+00
228.5,228.65625,0.15625,1.617878e+00,4.238859e-02,1.575490e+00
228.65625,228.8125,0.15625,1.695311e+00,4.238859e-02,1.652923e+00
228.8125,228.96875,0.15625,1.812492e+00,4.238859e-02,1.770104e+00
228.96875,229.125,0.15625,1.939521e+00,4.238859e-02,1.897133e+00
229.125,229.28125,0.15625,2.043976e+00,4.238859e-02,2.001587e+00
229.28125,229.4375,0.15625,2.092215e+00,4.238859e-02,2.049827e+00
229.4375,229.59375,0.15625,2.025796e+00,4.238859e-02,1.983408e+00
229.59375,229.75,0.15625,1.919850e+00,4.238859e-02,1.877461e+00
229.75,229.90625,0.15625,1.806151e+00,4.238859e-02,1.763763e+00
229.90625,230.0625,0.15625,1.721292e+00,4.238859e-02,1.678903e+00
230.0625,230.21875,0.15625,1.698477e+00,4.238859e-02,1.656088e+00
230.21875,230.375,0.15625,1.698477e+00,4.238859e-02,1.656088e+00
230.375,230.53125,0.15625,1.760287e+00,4.238859e-02,1.717898e+00
230.53125,230.6875,0.15625,1.913954e+00,4.238859e-02,1.871566e+00
230.6875,230.84375,0.15625,2.149946e+00,4.238859e-02,2.107558e+00
230.84375,231,0.15625,2.443837e+00,4.238859e-02,2.401448e+00
231,231.15625,0.15625,2.760768e+00,4.238859e-02,2.718379e+00
231.15625,231.3125,0.15625,3.061397e+00,4.238859e-02,3.019009e+00
231.3125,231.46875,0.15625,3.308140e+00,4.238859e-02,3.265752e+00
231.46875,231.625,0.15625,3.470715e+00,4.238859e-02,3.428326e+00
231.625,231.78125,0.15625,3.482158e+00,4.238859e-02,3.439770e+00
231.78125,231.9375,0.15625,3.335998e+00,4.238859e-02,3.293609e+00
231.9375,232.09375,0.15625,3.114927e+00,4.238859e-02,3.072538e+00
232.09375,232.25,0.15625,2.852012e+00,4.238859e-02,2.809624e+00
232.25,232.40625,0.15625,2.585148e+00,4.238859e-02,2.542759e+00
232.40625,232.5625,0.15625,2.350578e+00,4.238859e-02,2.308190e+00
232.5625,232.71875,0.15625,2.176151e+00,4.238859e-02,2.133763e+00
232.71875,232.875,0.15625,2.075745e+00,4.238859e-02,2.033356e+00
232.875,233.03125,0.15625,2.046350e+00,4.238859e-02,2.003961e+00
233.03125,233.1875,0.15625,2.046350e+00,4.238859e-02,2.003961e+00
233.1875,233.34375,0.15625,2.068834e+00,4.238859e-02,2.026445e+00
233.34375,233.5,0.15625,2.112474e+00,4.238859e-02,2.070085e+00
233.5,233.65625,0.15625,2.127265e+00,4.238859e-02,2.084877e+00
233.65625,233.8125,0.15625,2.047387e+00,4.238859e-02,2.004998e+00
233.8125,233.96875,0.15625,1.897540e+00,4.238859e-02,1.855151e+00
233.96875,234.125,0.15625,1.687634e+00,4.238859e-02,1.645246e+00
234.125,234.28125,0.15625,1.439273e+00,4.238859e-02,1.396884e+00
234.28125,234.4375,0.15625,1.180393e+00,4.238859e-02,1.138004e+00
234.4375,234.59375,0.15625,9.396409e-01,4.238859e-02,8.972523e-01
234.59375,234.75,0.15625,7.419833e-01,4.238859e-02,6.995947e-01
234.75,234.90625,0.15625,6.062469e-01,4.238859e-02,5.638584e-01
234.90625,235.0625,0.15625,5.444385e-01,4.238859e-02,5.020500e-01
235.0625,235.21875,0.15625,5.444385e-01,4.238859e-02,5.020500e-01
235.21875,235.375,0.15625,5.620724e-01,4.238859e-02,5.196838e-01
235.375,235.53125,0.15625,6.586373e-01,4.238859e-02,6.162487e-01
235.53125,235.6875,0.15625,8.276963e-01,4.238859e-02,7.853077e-01
235.6875,235.84375,0.15625,1.056724e+00,4.238859e-02,1.014335e+00
235.84375,236,0.15625,1.327301e+00,4.238859e-02,1.284912e+00
236,236.15625,0.15625,1.616433e+00,4.238859e-02,1.574045e+00
236.15625,236.3125,0.15625,1.899376e+00,4.238859e-02,1.856987e+00
236.3125,236.46875,0.15625,2.153615e+00,4.238859e-02,2.111226e+00
236.46875,236.625,0.15625,2.362900e+00,4.238859e-02,2.320511e+00
236.625,236.78125,0.15625,2.519830e+00,4.238859e-02,2.477441e+00
236.78125,236.9375,0.15625,2.625861e+00,4.238859e-02,2.583473e+00
236.9375,237.09375,0.15625,2.688532e+00,4.238859e-02,2.646144e+00
237.09375,237.25,0.15625,2.716932e+00,4.238859e-02,2.674543e+00
237.25,237.40625,0.15625,2.690756e+00,4.238859e-02,2.648368e+00
237.40625,237.5625,0.15625,2.634073e+00,4.238859e-02,2.591685e+00
237.5625,237.71875,0.15625,2.543454e+00,4.238859e-02,2.501065e+00
237.71875,237.875,0.15625,2.419371e+00,4.238859e-02,2.376983e+00
237.875,238.03125,0.15625,2.270382e+00,4.238859e-02,2.227994e+00
238.03125,238.1875,0.15625,2.113962e+00,4.238859e-02,2.071573e+00
238.1875,238.34375,0.15625,1.973653e+00,4.238859e-02,1.931264e+00
238.34375,238.5,0.15625,1.873291e+00,4.238859e-02,1.830902e+00
238.5,238.65625,0.15625,1.830236e+00,4.238859e-02,1.787848e+00
238.65625,238.8125,0.15625,1.830236e+00,4.238859e-02,1.787848e+00
238.8125,238.96875,0.15625,1.849974e+00,4.238859e-02,1.807585e+00
238.96875,239.125,0.15625,1.924028e+00,4.238859e-02,1.881640e+00
239.125,239.28125,0.15625,2.032062e+00,4.238859e-02,1.989673e+00
239.28125,239.4375,0.15625,2.147602e+00,4.238859e-02,2.105214e+00
239.4375,239.59375,0.15625,2.245635e+00,4.238859e-02,2.203246e+00
239.59375,239.75,0.15625,2.309592e+00,4.238859e-02,2.267204e+00
239.75,239.90625,0.15625,2.331371e+00,4.238859e-02,2.288983e+00
239.90625,240.0625,0.15625,2.313547e+00,4.238859e-02,2.271158e+00
240.0625,240.21875,0.15625,2.298962e+00,4.238859e-02,2.256574e+00
240.21875,240.375,0.15625,2.298540e+00,4.238859e-02,2.256151e+00
240.375,240.53125,0.15625,2.298540e+00,4.238859e-02,2.256151e+00
240.53125,240.6875,0.15625,2.312728e+00,4.238859e-02,2.270340e+00
240.6875,240.84375,0.15625,2.331348e+00,4.238859e-02,2.288959e+00
240.84375,241,0.15625,2.315576e+00,4.238859e-02,2.273187e+00
241,241.15625,0.15625,2.256041e+00,4.238859e-02,2.213653e+00
241.15625,241.3125,0.15625,2.162323e+00,4.238859e-02,2.119934e+00
241.3125,241.46875,0.15625,2.050166e+00,4.238859e-02,2.007777e+00
241.46875,241.625,0.15625,1.944016e+00,4.238859e-02,1.901627e+00
241.625,241.78125,0.15625,1.870140e+00,4.238859e-02,1.827752e+00
241.78125,241.9375,0.15625,1.849029e+00,4.238859e-02,1.806640e+00
241.9375,242.09375,0.15625,1.849029e+00,4.238859e-02,1.806640e+00
242.09375,242.25,0.15625,1.889550e+00,4.238859e-02,1.847161e+00
242.25,242.40625,0.15625,1.986711e+00,4.238859e-02,1.944322e+00
242.40625,242.5625,0.15625,2.123613e+00,4.238859e-02,2.081224e+00
242.5625,242.71875,0.15625,2.276769e+00,4.238859e-02,2.234380e+00
242.71875,242.875,0.15625,2.422860e+00,4.238859e-02,2.380472e+00
242.875,243.03125,0.15625,2.544530e+00,4.238859e-02,2.502141e+00
243.03125,243.1875,0.15625,2.633270e+00,4.238859e-02,2.590882e+00
243.1875,243.34375,0.15625,2.688626e+00,4.238859e-02,2.646238e+00
243.34375,243.5,0.15625,2.713776e+00,4.238859e-02,2.671387e+00
243.5,243.65625,0.15625,2.685595e+00,4.238859e-02,2.643207e+00
243.65625,243.8125,0.15625,2.623498e+00,4.238859e-02,2.581109e+00
243.8125,243.96875,0.15625,2.518206e+00,4.238859e-02,2.475818e+00
243.96875,244.125,0.15625,2.361908e+00,4.238859e-02,2.319520e+00
244.125,244.28125,0.15625,2.152750e+00,4.238859e-02,2.110362e+00
244.28125,244.4375,0.15625,1.897561e+00,4.238859e-02,1.855172e+00
244.4375,244.59375,0.15625,1.611757e+00,4.238859e-02,1.569368e+00
244.59375,244.75,0.15625,1.316644e+00,4.238859e-02,1.274255e+00
244.75,244.90625,0.15625,1.035309e+00,4.238859e-02,9.929206e-01
244.90625,245.0625,0.15625,7.886767e-01,4.238859e-02,7.462882e-01
245.0625,245.21875,0.15625,5.929535e-01,4.238859e-02,5.505649e-01
245.21875,245.375,0.15625,4.589388e-01,4.238859e-02,4.165503e-01
245.375,245.53125,0.15625,3.928304e-01,4.238859e-02,3.504418e-01
245.53125,245.6875,0.15625,3.928304e-01,4.238859e-02,3.504418e-01
245.6875,245.84375,0.15625,3.976423e-01,4.238859e-02,3.552537e-01
245.84375,246,0.15625,4.742736e-01,4.238859e-02,4.318850e-01
246,246.15625,0.15625,6.216111e-01,4.238859e-02,5.792225e-01
246.15625,246.3125,0.15625,8.356251e-01,4.238859e-02,7.932365e-01
246.3125,246.46875,0.15625,1.107981e+00,4.238859e-02,1.065593e+00
246.46875,246.625,0.15625,1.425010e+00,4.238859e-02,1.382622e+00
246.625,246.78125,0.15625,1.767818e+00,4.238859e-02,1.725429e+00
246.78125,246.9375,0.15625,2.113871e+00,4.238859e-02,2.071482e+00
246.9375,247.09375,0.15625,2.439773e+00,4.238859e-02,2.397384e+00
247.09375,247.25,0.15625,2.724414e+00,4.238859e-02,2.682026e+00
247.25,247.40625,0.15625,2.951515e+00,4.238859e-02,2.909126e+00
247.40625,247.5625,0.15625,3.110938e+00,4.238859e-02,3.068550e+00
247.5625,247.71875,0.15625,3.198762e+00,4.238859e-02,3.156373e+00
247.71875,247.875,0.15625,3.171379e+00,4.238859e-02,3.128990e+00
247.875,248.03125,0.15625,3.074464e+00,4.238859e-02,3.032076e+00
248.03125,248.1875,0.15625,2.942226e+00,4.238859e-02,2.899837e+00
248.1875,248.34375,0.15625,2.794847e+00,4.238859e-02,2.752458e+00
248.34375,248.5,0.15625,2.654092e+00,4.238859e-02,2.611703e+00
248.5,248.65625,0.15625,2.539505e+00,4.238859e-02,2.497116e+00
248.65625,248.8125,0.15625,2.464042e+00,4.238859e-02,2.421653e+00
248.8125,248.96875,0.15625,2.430769e+00,4.238859e-02,2.388380e+00
248.96875,249.125,0.15625,2.430769e+00,4.238859e-02,2.388380e+00
249.125,249.28125,0.15625,2.432207e+00,4.238859e-02,2.389819e+00
249.28125,249.4375,0.15625,2.453033e+00,4.238859e-02,2.410644e+00
249.4375,249.59375,0.15625,2.475459e+00,4.238859e-02,2.433070e+00
249.59375,249.75,0.15625,2.477011e+00,4.238859e-02,2.434622e+00
249.75,249.90625,0.15625,2.453790e+00,4.238859e-02,2.411401e+00
249.90625,250.0625,0.15625,2.425709e+00,4.238859e-02,2.383320e+00
250.0625,250.21875,0.15625,2.403605e+00,4.238859e-02,2.361216e+00
250.21875,250.375,0.15625,2.393145e+00,4.238859e-02,2.350757e+00
250.375,250.53125,0.15625,2.390929e+00,4.238859e-02,2.348540e+00
250.53125,250.6875,0.15625,2.384432e+00,4.238859e-02,2.342044e+00
250.6875,250.84375,0.15625,2.355944e+00,4.238859e-02,2.313555e+00
250.84375,251,0.15625,2.289068e+00,4.238859e-02,2.246680e+00
251,251.15625,0.15625,2.175401e+00,4.238859e-02,2.133013e+00
251.15625,251.3125,0.15625,2.018971e+00,4.238859e-02,1.976583e+00
251.3125,251.46875,0.15625,1.836905e+00,4.238859e-02,1.794516e+00
251.46875,251.625,0.15625,1.656107e+00,4.238859e-02,1.613718e+00
251.625,251.78125,0.15625,1.506991e+00,4.238859e-02,1.464602e+00
251.78125,251.9375,0.15625,1.416056e+00,4.238859e-02,1.373668e+00
251.9375,252.09375,0.15625,1.399263e+00,4.238859e-02,1.356874e+00
252.09375,252.25,0.15625,1.399263e+00,4.238859e-02,1.356874e+00
252.25,252.40625,0.15625,1.457784e+00,4.238859e-02,1.415396e+00
252.40625,252.5625,0.15625,1.577095e+00,4.238859e-02,1.534706e+00
252.5625,252.71875,0.15625,1.729582e+00,4.238859e-02,1.687194e+00
252.71875,252.875,0.15625,1.880163e+00,4.238859e-02,1.837775e+00
252.875,253.03125,0.15625,1.993710e+00,4.238859e-02,1.951321e+00
253.03125,253.1875,0.15625,2.012926e+00,4.238859e-02,1.970537e+00
253.1875,253.34375,0.15625,1.907093e+00,4.238859e-02,1.864705e+00
253.34375,253.5,0.15625,1.743578e+00,4.238859e-02,1.701190e+00
253.5,253.65625,0.15625,1.552741e+00,4.238859e-02,1.510353e+00
253.65625,253.8125,0.15625,1.370661e+00,4.238859e-02,1.328273e+00
253.8125,253.96875,0.15625,1.232237e+00,4.238859e-02,1.189848e+00
253.96875,254.125,0.15625,1.165041e+00,4.238859e-02,1.122653e+00
254.125,254.28125,0.15625,1.165041e+00,4.238859e-02,1.122653e+00
254.28125,254.4375,0.15625,1.184985e+00,4.238859e-02,1.142596e+00
254.4375,254.59375,0.15625,1.294312e+00,4.238859e-02,1.251924e+00
254.59375,254.75,0.15625,1.482049e+00,4.238859e-02,1.439660e+00
254.75,254.90625,0.15625,1.726655e+00,4.238859e-02,1.684267e+00
254.90625,255.0625,0.15625,2.000351e+00,4.238859e-02,1.957962e+00
255.0625,255.21875,0.15625,2.274215e+00,4.238859e-02,2.231826e+00
255.21875,255.375,0.15625,2.522907e+00,4.238859e-02,2.480519e+00
255.375,255.53125,0.15625,2.727841e+00,4.238859e-02,2.685452e+00
255.53125,255.6875,0.15625,2.878051e+00,4.238859e-02,2.835662e+00
255.6875,255.84375,0.15625,2.968827e+00,4.238859e-02,2.926439e+00
255.84375,256,0.15625,2.968681e+00,4.238859e-02,2.926293e+00
256,256.15625,0.15625,2.877790e+00,4.238859e-02,2.835401e+00
256.15625,256.3125,0.15625,2.727540e+00,4.238859e-02,2.685151e+00
256.3125,256.46875,0.15625,2.522711e+00,4.238859e-02,2.480322e+00
256.46875,256.625,0.15625,2.274365e+00,4.238859e-02,2.231976e+00
256.625,256.78125,0.15625,2.001216e+00,4.238859e-02,1.958827e+00
256.78125,256.9375,0.15625,1.728760e+00,4.238859e-02,1.686372e+00
256.9375,257.09375,0.15625,1.486123e+00,4.238859e-02,1.443735e+00
257.09375,257.25,0.15625,1.301389e+00,4.238859e-02,1.259000e+00
257.25,257.40625,0.15625,1.196614e+00,4.238859e-02,1.154225e+00
257.40625,257.5625,0.15625,1.183713e+00,4.238859e-02,1.141324e+00
257.5625,257.71875,0.15625,1.183713e+00,4.238859e-02,1.141324e+00
257.71875,257.875,0.15625,1.262118e+00,4.238859e-02,1.219729e+00
257.875,258.03125,0.15625,1.418719e+00,4.238859e-02,1.376330e+00
258.03125,258.1875,0.15625,1.630225e+00,4.238859e-02,1.587836e+00
258.1875,258.34375,0.15625,1.867638e+00,4.238859e-02,1.825250e+00
258.34375,258.5,0.15625,2.102058e+00,4.238859e-02,2.059670e+00
258.5,258.65625,0.15625,2.310521e+00,4.238859e-02,2.268133e+00
258.65625,258.8125,0.15625,2.480352e+00,4.238859e-02,2.437963e+00
258.8125,258.96875,0.15625,2.610707e+00,4.238859e-02,2.568319e+00
258.96875,259.125,0.15625,2.710789e+00,4.238859e-02,2.668400e+00
259.125,259.28125,0.15625,2.795290e+00,4.238859e-02,2.752902e+00
259.28125,259.4375,0.15625,2.878634e+00,4.238859e-02,2.836246e+00
259.4375,259.59375,0.15625,2.969929e+00,4.238859e-02,2.927540e+00
259.59375,259.75,0.15625,3.070159e+00,4.238859e-02,3.027770e+00
259.75,259.90625,0.15625,3.172131e+00,4.238859e-02,3.129743e+00
259.90625,260.0625,0.15625,3.262626e+00,4.238859e-02,3.220237e+00
260.0625,260.21875,0.15625,3.325568e+00,4.238859e-02,3.283180e+00
260.21875,260.375,0.15625,3.307863e+00,4.238859e-02,3.265474e+00
260.375,260.53125,0.15625,3.204800e+00,4.238859e-02,3.162412e+00
260.53125,260.6875,0.15625,3.032305e+00,4.238859e-02,2.989916e+00
260.6875,260.84375,0.15625,2.793346e+00,4.238859e-02,2.750958e+00
260.84375,261,0.15625,2.498078e+00,4.238859e-02,2.455690e+00
261,261.15625,0.15625,2.163555e+00,4.238859e-02,2.121166e+00
261.15625,261.3125,0.15625,1.812217e+00,4.238859e-02,1.769828e+00
261.3125,261.46875,0.15625,1.469260e+00,4.238859e-02,1.426872e+00
261.46875,261.625,0.15625,1.159486e+00,4.238859e-02,1.117098e+00
261.625,261.78125,0.15625,9.044526e-01,4.238859e-02,8.620640e-01
261.78125,261.9375,0.15625,7.205590e-01,4.238859e-02,6.781704e-01
261.9375,262.09375,0.15625,6.182021e-01,4.238859e-02,5.758136e-01
262.09375,262.25,0.15625,6.016410e-01,4.238859e-02,5.592524e-01
262.25,262.40625,0.15625,6.016410e-01,4.238859e-02,5.592524e-01
262.40625,262.5625,0.15625,6.689888e-01,4.238859e-02,6.266003e-01
262.5625,262.71875,0.15625,8.119222e-01,4.238859e-02,7.695337e-01
262.71875,262.875,0.15625,1.015180e+00,4.238859e-02,9.727909e-01
262.875,263.03125,0.15625,1.256438e+00,4.238859e-02,1.214050e+00
263.03125,263.1875,0.15625,1.507410e+00,4.238859e-02,1.465021e+00
263.1875,263.34375,0.15625,1.736770e+00,4.238859e-02,1.694382e+00
263.34375,263.5,0.15625,1.914903e+00,4.238859e-02,1.872514e+00
263.5,263.65625,0.15625,2.019589e+00,4.238859e-02,1.977200e+00
263.65625,263.8125,0.15625,1.985386e+00,4.238859e-02,1.942997e+00
263.8125,263.96875,0.15625,1.873242e+00,4.238859e-02,1.830853e+00
263.96875,264.125,0.15625,1.736897e+00,4.238859e-02,1.694509e+00
264.125,264.28125,0.15625,1.613230e+00,4.238859e-02,1.570841e+00
264.28125,264.4375,0.15625,1.536191e+00,4.238859e-02,1.493802e+00
264.4375,264.59375,0.15625,1.529993e+00,4.238859e-02,1.487605e+00
264.59375,264.75,0.15625,1.529993e+00,4.238859e-02,1.487605e+00
264.75,264.90625,0.15625,1.604692e+00,4.238859e-02,1.562303e+00
264.90625,265.0625,0.15625,1.755096e+00,4.238859e-02,1.712707e+00
265.0625,265.21875,0.15625,1.963071e+00,4.238859e-02,1.920682e+00
265.21875,265.375,0.15625,2.202450e+00,4.238859e-02,2.160062e+00
265.375,265.53125,0.15625,2.445104e+00,4.238859e-02,2.402715e+00
265.53125,265.6875,0.15625,2.666499e+00,4.238859e-02,2.624110e+00
265.6875,265.84375,0.15625,2.849328e+00,4.238859e-02,2.806940e+00
265.84375,266,0.15625,2.984578e+00,4.238859e-02,2.942190e+00
266,266.15625,0.15625,3.070349e+00,4.238859e-02,3.027961e+00
266.15625,266.3125,0.15625,3.107865e+00,4.238859e-02,3.065476e+00
266.3125,266.46875,0.15625,3.072540e+00,4.238859e-02,3.030151e+00
266.46875,266.625,0.15625,3.012402e+00,4.238859e-02,2.970014e+00
266.625,266.78125,0.15625,2.937780e+00,4.238859e-02,2.895392e+00
266.78125,266.9375,0.15625,2.859602e+00,4.238859e-02,2.817214e+00
266.9375,267.09375,0.15625,2.787148e+00,4.238859e-02,2.744759e+00
267.09375,267.25,0.15625,2.725024e+00,4.238859e-02,2.682635e+00
267.25,267.40625,0.15625,2.670766e+00,4.238859e-02,2.628378e+00
267.40625,267.5625,0.15625,2.614565e+00,4.238859e-02,2.572176e+00
267.5625,267.71875,0.15625,2.541883e+00,4.238859e-02,2.499495e+00
267.71875,267.875,0.15625,2.438490e+00,4.238859e-02,2.396102e+00
267.875,268.03125,0.15625,2.296277e+00,4.238859e-02,2.253889e+00
268.03125,268.1875,0.15625,2.117748e+00,4.238859e-02,2.075359e+00
268.1875,268.34375,0.15625,1.917468e+00,4.238859e-02,1.875080e+00
268.34375,268.5,0.15625,1.719832e+00,4.238859e-02,1.677444e+00
268.5,268.65625,0.15625,1.553725e+00,4.238859e-02,1.511336e+00
268.65625,268.8125,0.15625,1.445620e+00,4.238859e-02,1.403231e+00
268.8125,268.96875,0.15625,1.413016e+00,4.238859e-02,1.370627e+00
268.96875,269.125,0.15625,1.413016e+00,4.238859e-02,1.370627e+00
269.125,269.28125,0.15625,1.459918e+00,4.238859e-02,1.417529e+00
269.28125,269.4375,0.15625,1.575513e+00,4.238859e-02,1.533124e+00
269.4375,269.59375,0.15625,1.736402e+00,4.238859e-02,1.694014e+00
269.59375,269.75,0.15625,1.911945e+00,4.238859e-02,1.869556e+00
269.75,269.90625,0.15625,2.071467e+00,4.238859e-02,2.029078e+00
269.90625,270.0625,0.15625,2.191533e+00,4.238859e-02,2.149144e+00
270.0625,270.21875,0.15625,2.261246e+00,4.238859e-02,2.218857e+00
270.21875,270.375,0.15625,2.274764e+00,4.238859e-02,2.232376e+00
270.375,270.53125,0.15625,2.254364e+00,4.238859e-02,2.211976e+00
270.53125,270.6875,0.15625,2.241397e+00,4.238859e-02,2.199008e+00
270.6875,270.84375,0.15625,2.241397e+00,4.238859e-02,2.199008e+00
270.84375,271,0.15625,2.245656e+00,4.238859e-02,2.203267e+00
271,271.15625,0.15625,2.264617e+00,4.238859e-02,2.222228e+00
271.15625,271.3125,0.15625,2.284468e+00,4.238859e-02,2.242080e+00
271.3125,271.46875,0.15625,2.248578e+00,4.238859e-02,2.206190e+00
271.46875,271.625,0.15625,2.164515e+00,4.238859e-02,2.122126e+00
271.625,271.78125,0.15625,2.036560e+00,4.238859e-02,1.994171e+00
271.78125,271.9375,0.15625,1.881876e+00,4.238859e-02,1.839487e+00
271.9375,272.09375,0.15625,1.727506e+00,4.238859e-02,1.685118e+00
272.09375,272.25,0.15625,1.603507e+00,4.238859e-02,1.561118e+00
272.25,272.40625,0.15625,1.535040e+00,4.238859e-02,1.492651e+00
272.40625,272.5625,0.15625,1.535040e+00,4.238859e-02,1.492651e+00
272.5625,272.71875,0.15625,1.535596e+00,4.238859e-02,1.493208e+00
272.71875,272.875,0.15625,1.603085e+00,4.238859e-02,1.560697e+00
272.875,273.03125,0.15625,1.719774e+00,4.238859e-02,1.677385e+00
273.03125,273.1875,0.15625,1.856076e+00,4.238859e-02,1.813687e+00
273.1875,273.34375,0.15625,1.977314e+00,4.238859e-02,1.934925e+00
273.34375,273.5,0.15625,2.051823e+00,4.238859e-02,2.009434e+00
273.5,273.65625,0.15625,1.991584e+00,4.238859e-02,1.949195e+00
273.65625,273.8125,0.15625,1.862603e+00,4.238859e-02,1.820214e+00
273.8125,273.96875,0.15625,1.697417e+00,4.238859e-02,1.655029e+00
273.96875,274.125,0.15625,1.530968e+00,4.238859e-02,1.488579e+00
274.125,274.28125,0.15625,1.400098e+00,4.238859e-02,1.357710e+00
274.28125,274.4375,0.15625,1.336477e+00,4.238859e-02,1.294088e+00
274.4375,274.59375,0.15625,1.336477e+00,4.238859e-02,1.294088e+00
274.59375,274.75,0.15625,1.360997e+00,4.238859e-02,1.318608e+00
274.75,274.90625,0.15625,1.480551e+00,4.238859e-02,1.438163e+00
274.90625,275.0625,0.15625,1.687483e+00,4.238859e-02,1.645095e+00
275.0625,275.21875,0.15625,1.961509e+00,4.238859e-02,1.919121e+00
275.21875,275.375,0.15625,2.273489e+00,4.238859e-02,2.231100e+00
275.375,275.53125,0.15625,2.590168e+00,4.238859e-02,2.547780e+00
275.53125,275.6875,0.15625,2.878913e+00,4.238859e-02,2.836524e+00
275.6875,275.84375,0.15625,3.111597e+00,4.238859e-02,3.069208e+00
275.84375,276,0.15625,3.267212e+00,4.238859e-02,3.224823e+00
276,276.15625,0.15625,3.306099e+00,4.238859e-02,3.263711e+00
276.15625,276.3125,0.15625,3.191477e+00,4.238859e-02,3.149088e+00
276.3125,276.46875,0.15625,3.004108e+00,4.238859e-02,2.961720e+00
276.46875,276.625,0.15625,2.767318e+00,4.238859e-02,2.724930e+00
276.625,276.78125,0.15625,2.511372e+00,4.238859e-02,2.468984e+00
276.78125,276.9375,0.15625,2.270285e+00,4.238859e-02,2.227896e+00
276.9375,277.09375,0.15625,2.077122e+00,4.238859e-02,2.034734e+00
277.09375,277.25,0.15625,1.958566e+00,4.238859e-02,1.916177e+00
277.25,277.40625,0.15625,1.930062e+00,4.238859e-02,1.887673e+00
277.40625,277.5625,0.15625,1.930062e+00,4.238859e-02,1.887673e+00
277.5625,277.71875,0.15625,1.992950e+00,4.238859e-02,1.950561e+00
277.71875,277.875,0.15625,2.134504e+00,4.238859e-02,2.092115e+00
277.875,278.03125,0.15625,2.330915e+00,4.238859e-02,2.288526e+00
278.03125,278.1875,0.15625,2.552324e+00,4.238859e-02,2.509935e+00
278.1875,278.34375,0.15625,2.768365e+00,4.238859e-02,2.725976e+00
278.34375,278.5,0.15625,2.952646e+00,4.238859e-02,2.910257e+00
278.5,278.65625,0.15625,3.085176e+00,4.238859e-02,3.042787e+00
278.65625,278.8125,0.15625,3.147531e+00,4.238859e-02,3.105143e+00
278.8125,278.96875,0.15625,3.066712e+00,4.238859e-02,3.024323e+00
278.96875,279.125,0.15625,2.911277e+00,4.238859e-02,2.868888e+00
279.125,279.28125,0.15625,2.686900e+00,4.238859e-02,2.644511e+00
279.28125,279.4375,0.15625,2.404656e+00,4.238859e-02,2.362267e+00
279.4375,279.59375,0.15625,2.081181e+00,4.238859e-02,2.038793e+00
279.59375,279.75,0.15625,1.737520e+00,4.238859e-02,1.695132e+00
279.75,279.90625,0.15625,1.396631e+00,4.238859e-02,1.354242e+00
279.90625,280.0625,0.15625,1.080227e+00,4.238859e-02,1.037838e+00
280.0625,280.21875,0.15625,8.059935e-01,4.238859e-02,7.636049e-01
280.21875,280.375,0.15625,5.860711e-01,4.238859e-02,5.436825e-01
280.375,280.53125,0.15625,4.271707e-01,4.238859e-02,3.847821e-01
280.53125,280.6875,0.15625,3.320571e-01,4.238859e-02,2.896685e-01
280.6875,280.84375,0.15625,3.016450e-01,4.238859e-02,2.592564e-01
280.84375,281,0.15625,3.016450e-01,4.238859e-02,2.592564e-01
281,281.15625,0.15625,3.368036e-01,4.238859e-02,2.944150e-01
281.15625,281.3125,0.15625,4.391293e-01,4.238859e-02,3.967407e-01
281.3125,281.46875,0.15625,6.103493e-01,4.238859e-02,5.679608e-01
281.46875,281.625,0.15625,8.505057e-01,4.238859e-02,8.081171e-01
281.625,281.78125,0.15625,1.155506e+00,4.238859e-02,1.113118e+00
281.78125,281.9375,0.15625,1.514891e+00,4.238859e-02,1.472503e+00
281.9375,282.09375,0.15625,1.910661e+00,4.238859e-02,1.868273e+00
282.09375,282.25,0.15625,2.317744e+00,4.238859e-02,2.275355e+00
282.25,282.40625,0.15625,2.706209e+00,4.238859e-02,2.663821e+00
282.40625,282.5625,0.15625,3.044873e+00,4.238859e-02,3.002484e+00
282.5625,282.71875,0.15625,3.305573e+00,4.238859e-02,3.263184e+00
282.71875,282.875,0.15625,3.467331e+00,4.238859e-02,3.424943e+00
282.875,283.03125,0.15625,3.464839e+00,4.238859e-02,3.422451e+00
283.03125,283.1875,0.15625,3.317817e+00,4.238859e-02,3.275428e+00
283.1875,283.34375,0.15625,3.105120e+00,4.238859e-02,3.062731e+00
283.34375,283.5,0.15625,2.861015e+00,4.238859e-02,2.818626e+00
283.5,283.65625,0.15625,2.622119e+00,4.238859e-02,2.579731e+00
283.65625,283.8125,0.15625,2.420886e+00,4.238859e-02,2.378497e+00
283.8125,283.96875,0.15625,2.279301e+00,4.238859e-02,2.236913e+00
283.96875,284.125,0.15625,2.204437e+00,4.238859e-02,2.162048e+00
284.125,284.28125,0.15625,2.187294e+00,4.238859e-02,2.144905e+00
284.28125,284.4375,0.15625,2.187294e+00,4.238859e-02,2.144905e+00
284.4375,284.59375,0.15625,2.205650e+00,4.238859e-02,2.163261e+00
284.59375,284.75,0.15625,2.230449e+00,4.238859e-02,2.188060e+00
284.75,284.90625,0.15625,2.198498e+00,4.238859e-02,2.156109e+00
284.90625,285.0625,0.15625,2.120005e+00,4.238859e-02,2.077617e+00
285.0625,285.21875,0.15625,2.010591e+00,4.238859e-02,1.968203e+00
285.21875,285.375,0.15625,1.894157e+00,4.238859e-02,1.851769e+00
285.375,285.53125,0.15625,1.799616e+00,4.238859e-02,1.757227e+00
285.53125,285.6875,0.15625,1.752686e+00,4.238859e-02,1.710297e+00
285.6875,285.84375,0.15625,1.752686e+00,4.238859e-02,1.710297e+00
285.84375,286,0.15625,1.768851e+00,4.238859e-02,1.726462e+00
286,286.15625,0.15625,1.849470e+00,4.238859e-02,1.807081e+00
286.15625,286.3125,0.15625,1.982048e+00,4.238859e-02,1.939660e+00
286.3125,286.46875,0.15625,2.144362e+00,4.238859e-02,2.101973e+00
286.46875,286.625,0.15625,2.310975e+00,4.238859e-02,2.268586e+00
286.625,286.78125,0.15625,2.459936e+00,4.238859e-02,2.417547e+00
286.78125,286.9375,0.15625,2.577461e+00,4.238859e-02,2.535072e+00
286.9375,287.09375,0.15625,2.659202e+00,4.238859e-02,2.616814e+00
287.09375,287.25,0.15625,2.708017e+00,4.238859e-02,2.665629e+00
287.25,287.40625,0.15625,2.727900e+00,4.238859e-02,2.685512e+00
287.40625,287.5625,0.15625,2.703109e+00,4.238859e-02,2.660721e+00
287.5625,287.71875,0.15625,2.652110e+00,4.238859e-02,2.609722e+00
287.71875,287.875,0.15625,2.572100e+00,4.238859e-02,2.529712e+00
287.875,288.03125,0.15625,2.464905e+00,4.238859e-02,2.422517e+00
288.03125,288.1875,0.15625,2.339956e+00,4.238859e-02,2.297567e+00
288.1875,288.34375,0.15625,2.214127e+00,4.238859e-02,2.171738e+00
288.34375,288.5,0.15625,2.108029e+00,4.238859e-02,2.065641e+00
288.5,288.65625,0.15625,2.039858e+00,4.238859e-02,1.997470e+00
288.65625,288.8125,0.15625,2.019001e+00,4.238859e-02,1.976612e+00
288.8125,288.96875,0.15625,2.019001e+00,4.238859e-02,1.976612e+00
288.96875,289.125,0.15625,2.041820e+00,4.238859e-02,1.999431e+00
289.125,289.28125,0.15625,2.091312e+00,4.238859e-02,2.048924e+00
289.28125,289.4375,0.15625,2.140999e+00,4.238859e-02,2.098611e+00
289.4375,289.59375,0.15625,2.130693e+00,4.238859e-02,2.088304e+00
289.59375,289.75,0.15625,2.035952e+00,4.238859e-02,1.993564e+00
289.75,289.90625,0.15625,1.881796e+00,4.238859e-02,1.839407e+00
289.90625,290.0625,0.15625,1.687026e+00,4.238859e-02,1.644638e+00
290.0625,290.21875,0.15625,1.480959e+00,4.238859e-02,1.438571e+00
290.21875,290.375,0.15625,1.297056e+00,4.238859e-02,1.254667e+00
290.375,290.53125,0.15625,1.166056e+00,4.238859e-02,1.123668e+00
290.53125,290.6875,0.15625,1.110055e+00,4.238859e-02,1.067667e+00
290.6875,290.84375,0.15625,1.110055e+00,4.238859e-02,1.067667e+00
290.84375,291,0.15625,1.138471e+00,4.238859e-02,1.096082e+00
291,291.15625,0.15625,1.246362e+00,4.238859e-02,1.203973e+00
291.15625,291.3125,0.15625,1.415255e+00,4.238859e-02,1.372866e+00
291.3125,291.46875,0.15625,1.616398e+00,4.238859e-02,1.574009e+00
291.46875,291.625,0.15625,1.816124e+00,4.238859e-02,1.773735e+00
291.625,291.78125,0.15625,1.982547e+00,4.238859e-02,1.940159e+00
291.78125,291.9375,0.15625,2.092328e+00,4.238859e-02,2.049940e+00
291.9375,292.09375,0.15625,2.119390e+00,4.238859e-02,2.077001e+00
292.09375,292.25,0.15625,2.063098e+00,4.238859e-02,2.020710e+00
292.25,292.40625,0.15625,1.995568e+00,4.238859e-02,1.953179e+00
292.40625,292.5625,0.15625,1.945907e+00,4.238859e-02,1.903519e+00
292.5625,292.71875,0.15625,1.935896e+00,4.238859e-02,1.893507e+00
292.71875,292.875,0.15625,1.935896e+00,4.238859e-02,1.893507e+00
292.875,293.03125,0.15625,1.974500e+00,4.238859e-02,1.932112e+00
293.03125,293.1875,0.15625,2.056464e+00,4.238859e-02,2.014075e+00
293.1875,293.34375,0.15625,2.165407e+00,4.238859e-02,2.123018e+00
293.34375,293.5,0.15625,2.280394e+00,4.238859e-02,2.238005e+00
293.5,293.65625,0.15625,2.383765e+00,4.238859e-02,2.341376e+00
293.65625,293.8125,0.15625,2.467567e+00,4.238859e-02,2.425179e+00
293.8125,293.96875,0.15625,2.536351e+00,4.238859e-02,2.493962e+00
293.96875,294.125,0.15625,2.605331e+00,4.238859e-02,2.562943e+00
294.125,294.28125,0.15625,2.694503e+00,4.238859e-02,2.652115e+00
294.28125,294.4375,0.15625,2.820674e+00,4.238859e-02,2.778286e+00
294.4375,294.59375,0.15625,2.990085e+00,4.238859e-02,2.947697e+00
294.59375,294.75,0.15625,3.194032e+00,4.238859e-02,3.151644e+00
294.75,294.90625,0.15625,3.408858e+00,4.238859e-02,3.366470e+00
294.90625,295.0625,0.15625,3.600271e+00,4.238859e-02,3.557883e+00
295.0625,295.21875,0.15625,3.730673e+00,4.238859e-02,3.688285e+00
295.21875,295.375,0.15625,3.689998e+00,4.238859e-02,3.647610e+00
295.375,295.53125,0.15625,3.494241e+00,4.238859e-02,3.451852e+00
295.53125,295.6875,0.15625,3.193313e+00,4.238859e-02,3.150924e+00
295.6875,295.84375,0.15625,2.815165e+00,4.238859e-02,2.772776e+00
295.84375,296,0.15625,2.397637e+00,4.238859e-02,2.355249e+00
296,296.15625,0.15625,1.982398e+00,4.238859e-02,1.940009e+00
296.15625,296.3125,0.15625,1.609034e+00,4.238859e-02,1.566646e+00
296.3125,296.46875,0.15625,1.310260e+00,4.238859e-02,1.267872e+00
296.46875,296.625,0.15625,1.108686e+00,4.238859e-02,1.066297e+00
296.625,296.78125,0.15625,1.015098e+00,4.238859e-02,9.727097e-01
296.78125,296.9375,0.15625,1.015098e+00,4.238859e-02,9.727097e-01
296.9375,297.09375,0.15625,1.027948e+00,4.238859e-02,9.855594e-01
297.09375,297.25,0.15625,1.133764e+00,4.238859e-02,1.091376e+00
297.25,297.40625,0.15625,1.308517e+00,4.238859e-02,1.266128e+00
297.40625,297.5625,0.15625,1.520188e+00,4.238859e-02,1.477799e+00
297.5625,297.71875,0.15625,1.732829e+00,4.238859e-02,1.690440e+00
297.71875,297.875,0.15625,1.911995e+00,4.238859e-02,1.869606e+00
297.875,298.03125,0.15625,2.030810e+00,4.238859e-02,1.988422e+00
298.03125,298.1875,0.15625,2.047550e+00,4.238859e-02,2.005162e+00
298.1875,298.34375,0.15625,1.965152e+00,4.238859e-02,1.922764e+00
298.34375,298.5,0.15625,1.857238e+00,4.238859e-02,1.814849e+00
298.5,298.65625,0.15625,1.757309e+00,4.238859e-02,1.714920e+00
298.65625,298.8125,0.15625,1.694960e+00,4.238859e-02,1.652572e+00
298.8125,298.96875,0.15625,1.688517e+00,4.238859e-02,1.646128e+00
298.96875,299.125,0.15625,1.688517e+00,4.238859e-02,1.646128e+00
299.125,299.28125,0.15625,1.740571e+00,4.238859e-02,1.698182e+00
299.28125,299.4375,0.15625,1.837626e+00,4.238859e-02,1.795238e+00
299.4375,299.59375,0.15625,1.953997e+00,4.238859e-02,1.911609e+00
299.59375,299.75,0.15625,2.058960e+00,4.238859e-02,2.016571e+00
299.75,299.90625,0.15625,2.125274e+00,4.238859e-02,2.082886e+00
299.90625,300.0625,0.15625,2.092914e+00,4.238859e-02,2.050525e+00
300.0625,300.21875,0.15625,2.009078e+00,4.238859e-02,1.966690e+00
300.21875,300.375,0.15625,1.912502e+00,4.238859e-02,1.870114e+00
300.375,300.53125,0.15625,1.835113e+00,4.238859e-02,1.792725e+00
300.53125,300.6875,0.15625,1.805307e+00,4.238859e-02,1.762919e+00
300.6875,300.84375,0.15625,1.805307e+00,4.238859e-02,1.762919e+00
300.84375,301,0.15625,1.840987e+00,4.238859e-02,1.798599e+00
301,301.15625,0.15625,1.945712e+00,4.238859e-02,1.903323e+00
301.15625,301.3125,0.15625,2.108776e+00,4.238859e-02,2.066388e+00
301.3125,301.46875,0.15625,2.308836e+00,4.238859e-02,2.266447e+00
301.46875,301.625,0.15625,2.519617e+00,4.238859e-02,2.477228e+00
301.625,301.78125,0.15625,2.715742e+00,4.238859e-02,2.673354e+00
301.78125,301.9375,0.15625,2.876891e+00,4.238859e-02,2.834502e+00
301.9375,302.09375,0.15625,2.989355e+00,4.238859e-02,2.946967e+00
302.09375,302.25,0.15625,3.040526e+00,4.238859e-02,2.998138e+00
302.25,302.40625,0.15625,2.973415e+00,4.238859e-02,2.931026e+00
302.40625,302.5625,0.15625,2.844271e+00,4.238859e-02,2.801883e+00
302.5625,302.71875,0.15625,2.657078e+00,4.238859e-02,2.614690e+00
302.71875,302.875,0.15625,2.421681e+00,4.238859e-02,2.379292e+00
302.875,303.03125,0.15625,2.155419e+00,4.238859e-02,2.113030e+00
303.03125,303.1875,0.15625,1.882982e+00,4.238859e-02,1.840594e+00
303.1875,303.34375,0.15625,1.634027e+00,4.238859e-02,1.591638e+00
303.34375,303.5,0.15625,1.438981e+00,4.238859e-02,1.396592e+00
303.5,303.65625,0.15625,1.324074e+00,4.238859e-02,1.281685e+00
303.65625,303.8125,0.15625,1.306805e+00,4.238859e-02,1.264417e+00
303.8125,303.96875,0.15625,1.306805e+00,4.238859e-02,1.264417e+00
303.96875,304.125,0.15625,1.392852e+00,4.238859e-02,1.350463e+00
304.125,304.28125,0.15625,1.574996e+00,4.238859e-02,1.532608e+00
304.28125,304.4375,0.15625,1.834193e+00,4.238859e-02,1.791805e+00
304.4375,304.59375,0.15625,2.142488e+00,4.238859e-02,2.100099e+00
304.59375,304.75,0.15625,2.467157e+00,4.238859e-02,2.424769e+00
304.75,304.90625,0.15625,2.775251e+00,4.238859e-02,2.732863e+00
304.90625,305.0625,0.15625,3.037688e+00,4.238859e-02,2.995300e+00
305.0625,305.21875,0.15625,3.232301e+00,4.238859e-02,3.189912e+00
305.21875,305.375,0.15625,3.345626e+00,4.238859e-02,3.303237e+00
305.375,305.53125,0.15625,3.321666e+00,4.238859e-02,3.279277e+00
305.53125,305.6875,0.15625,3.203856e+00,4.238859e-02,3.161468e+00
305.6875,305.84375,0.15625,3.041630e+00,4.238859e-02,2.999242e+00
305.84375,306,0.15625,2.861070e+00,4.238859e-02,2.818682e+00
306,306.15625,0.15625,2.688809e+00,4.238859e-02,2.646421e+00
306.15625,306.3125,0.15625,2.546882e+00,4.238859e-02,2.504493e+00
306.3125,306.46875,0.15625,2.447685e+00,4.238859e-02,2.405297e+00
306.46875,306.625,0.15625,2.390658e+00,4.238859e-02,2.348269e+00
306.625,306.78125,0.15625,2.362084e+00,4.238859e-02,2.319695e+00
306.78125,306.9375,0.15625,2.338536e+00,4.238859e-02,2.296148e+00
306.9375,307.09375,0.15625,2.293199e+00,4.238859e-02,2.250810e+00
307.09375,307.25,0.15625,2.203226e+00,4.238859e-02,2.160837e+00
307.25,307.40625,0.15625,2.055895e+00,4.238859e-02,2.013507e+00
307.40625,307.5625,0.15625,1.851754e+00,4.238859e-02,1.809365e+00
307.5625,307.71875,0.15625,1.604077e+00,4.238859e-02,1.561688e+00
307.71875,307.875,0.15625,1.335246e+00,4.238859e-02,1.292857e+00
307.875,308.03125,0.15625,1.071578e+00,4.238859e-02,1.029190e+00
308.03125,308.1875,0.15625,8.383654e-01,4.238859e-02,7.959768e-01
308.1875,308.34375,0.15625,6.564270e-01,4.238859e-02,6.140385e-01
308.34375,308.5,0.15625,5.406234e-01,4.238859e-02,4.982348e-01
308.5,308.65625,0.15625,4.999161e-01,4.238859e-02,4.575275e-01
308.65625,308.8125,0.15625,4.999161e-01,4.238859e-02,4.575275e-01
308.8125,308.96875,0.15625,5.380934e-01,4.238859e-02,4.957049e-01
308.96875,309.125,0.15625,6.543008e-01,4.238859e-02,6.119122e-01
309.125,309.28125,0.15625,8.429677e-01,4.238859e-02,8.005791e-01
309.28125,309.4375,0.15625,1.093336e+00,4.238859e-02,1.050948e+00
309.4375,309.59375,0.15625,1.389259e+00,4.238859e-02,1.346870e+00
309.59375,309.75,0.15625,1.709994e+00,4.238859e-02,1.667605e+00
309.75,309.90625,0.15625,2.032367e+00,4.238859e-02,1.989979e+00
309.90625,310.0625,0.15625,2.333980e+00,4.238859e-02,2.291592e+00
310.0625,310.21875,0.15625,2.596566e+00,4.238859e-02,2.554178e+00
310.21875,310.375,0.15625,2.808362e+00,4.238859e-02,2.765974e+00
310.375,310.53125,0.15625,2.964742e+00,4.238859e-02,2.922354e+00
310.53125,310.6875,0.15625,3.067099e+00,4.238859e-02,3.024710e+00
310.6875,310.84375,0.15625,3.120746e+00,4.238859e-02,3.078357e+00
310.84375,311,0.15625,3.111786e+00,4.238859e-02,3.069398e+00
311,311.15625,0.15625,3.066113e+00,4.238859e-02,3.023725e+00
311.15625,311.3125,0.15625,3.005531e+00,4.238859e-02,2.963142e+00
311.3125,311.46875,0.15625,2.939849e+00,4.238859e-02,2.897460e+00
311.46875,311.625,0.15625,2.877397e+00,4.238859e-02,2.835008e+00
311.625,311.78125,0.15625,2.822739e+00,4.238859e-02,2.780350e+00
311.78125,311.9375,0.15625,2.774997e+00,4.238859e-02,2.732609e+00
311.9375,312.09375,0.15625,2.728062e+00,4.238859e-02,2.685673e+00
312.09375,312.25,0.15625,2.673196e+00,4.238859e-02,2.630808e+00
312.25,312.40625,0.15625,2.603328e+00,4.238859e-02,2.560939e+00
312.40625,312.5625,0.15625,2.517282e+00,4.238859e-02,2.474894e+00
312.5625,312.71875,0.15625,2.421962e+00,4.238859e-02,2.379574e+00
312.71875,312.875,0.15625,2.331199e+00,4.238859e-02,2.288811e+00
312.875,313.03125,0.15625,2.261403e+00,4.238859e-02,2.219015e+00
313.03125,313.1875,0.15625,2.225591e+00,4.238859e-02,2.183203e+00
313.1875,313.34375,0.15625,2.225591e+00,4.238859e-02,2.183203e+00
313.34375,313.5,0.15625,2.228190e+00,4.238859e-02,2.185802e+00
313.5,313.65625,0.15625,2.262812e+00,4.238859e-02,2.220424e+00
313.65625,313.8125,0.15625,2.314057e+00,4.238859e-02,2.271669e+00
313.8125,313.96875,0.15625,2.362780e+00,4.238859e-02,2.320391e+00
313.96875,314.125,0.15625,2.392820e+00,4.238859e-02,2.350431e+00
314.125,314.28125,0.15625,2.377107e+00,4.238859e-02,2.334719e+00
314.28125,314.4375,0.15625,2.346180e+00,4.238859e-02,2.303791e+00
314.4375,314.59375,0.15625,2.318540e+00,4.238859e-02,2.276151e+00
314.59375,314.75,0.15625,2.305124e+00,4.238859e-02,2.262735e+00
314.75,314.90625,0.15625,2.305124e+00,4.238859e-02,2.262735e+00
314.90625,315.0625,0.15625,2.307590e+00,4.238859e-02,2.265201e+00
315.0625,315.21875,0.15625,2.313474e+00,4.238859e-02,2.271086e+00
315.21875,315.375,0.15625,2.277737e+00,4.238859e-02,2.235348e+00
315.375,315.53125,0.15625,2.192794e+00,4.238859e-02,2.150405e+00
315.53125,315.6875,0.15625,2.052885e+00,4.238859e-02,2.010496e+00
315.6875,315.84375,0.15625,1.865968e+00,4.238859e-02,1.823580e+00
315.84375,316,0.15625,1.652908e+00,4.238859e-02,1.610519e+00
316,316.15625,0.15625,1.443299e+00,4.238859e-02,1.400910e+00
316.15625,316.3125,0.15625,1.269349e+00,4.238859e-02,1.226960e+00
316.3125,316.46875,0.15625,1.159491e+00,4.238859e-02,1.117102e+00
316.46875,316.625,0.15625,1.133133e+00,4.238859e-02,1.090745e+00
316.625,316.78125,0.15625,1.133133e+00,4.238859e-02,1.090745e+00
316.78125,316.9375,0.15625,1.197427e+00,4.238859e-02,1.155039e+00
316.9375,317.09375,0.15625,1.346414e+00,4.238859e-02,1.304025e+00
317.09375,317.25,0.15625,1.562514e+00,4.238859e-02,1.520125e+00
317.25,317.40625,0.15625,1.820033e+00,4.238859e-02,1.777645e+00
317.40625,317.5625,0.15625,2.090000e+00,4.238859e-02,2.047611e+00
317.5625,317.71875,0.15625,2.345304e+00,4.238859e-02,2.302915e+00
317.71875,317.875,0.15625,2.564870e+00,4.238859e-02,2.522481e+00
317.875,318.03125,0.15625,2.735748e+00,4.238859e-02,2.693360e+00
318.03125,318.1875,0.15625,2.852615e+00,4.238859e-02,2.810226e+00
318.1875,318.34375,0.15625,2.915138e+00,4.238859e-02,2.872749e+00
318.34375,318.5,0.15625,2.881075e+00,4.238859e-02,2.838687e+00
318.5,318.65625,0.15625,2.783476e+00,4.238859e-02,2.741087e+00
318.65625,318.8125,0.15625,2.630910e+00,4.238859e-02,2.588521e+00
318.8125,318.96875,0.15625,2.426212e+00,4.238859e-02,2.383823e+00
318.96875,319.125,0.15625,2.179006e+00,4.238859e-02,2.136617e+00
319.125,319.28125,0.15625,1.907142e+00,4.238859e-02,1.864754e+00
319.28125,319.4375,0.15625,1.635684e+00,4.238859e-02,1.593296e+00
319.4375,319.59375,0.15625,1.393645e+00,4.238859e-02,1.351256e+00
319.59375,319.75,0.15625,1.209418e+00,4.238859e-02,1.167030e+00
319.75,319.90625,0.15625,1.106115e+00,4.238859e-02,1.063726e+00
319.90625,320.0625,0.15625,1.097830e+00,4.238859e-02,1.055442e+00
320.0625,320.21875,0.15625,1.097830e+00,4.238859e-02,1.055442e+00
320.21875,320.375,0.15625,1.187467e+00,4.238859e-02,1.145078e+00
320.375,320.53125,0.15625,1.366355e+00,4.238859e-02,1.323966e+00
320.53125,320.6875,0.15625,1.615648e+00,4.238859e-02,1.573259e+00
320.6875,320.84375,0.15625,1.909274e+00,4.238859e-02,1.866885e+00
320.84375,321,0.15625,2.217949e+00,4.238859e-02,2.175561e+00
321,321.15625,0.15625,2.513500e+00,4.238859e-02,2.471111e+00
321.15625,321.3125,0.15625,2.772571e+00,4.238859e-02,2.730183e+00
321.3125,321.46875,0.15625,2.978931e+00,4.238859e-02,2.936542e+00
321.46875,321.625,0.15625,3.124057e+00,4.238859e-02,3.081669e+00
321.625,321.78125,0.15625,3.206345e+00,4.238859e-02,3.163957e+00
321.78125,321.9375,0.15625,3.202293e+00,4.238859e-02,3.159904e+00
321.9375,322.09375,0.15625,3.135786e+00,4.238859e-02,3.093397e+00
322.09375,322.25,0.15625,3.044651e+00,4.238859e-02,3.002263e+00
322.25,322.40625,0.15625,2.944928e+00,4.238859e-02,2.902540e+00
322.40625,322.5625,0.15625,2.851938e+00,4.238859e-02,2.809549e+00
322.5625,322.71875,0.15625,2.777239e+00,4.238859e-02,2.734850e+00
322.71875,322.875,0.15625,2.725900e+00,4.238859e-02,2.683512e+00
322.875,323.03125,0.15625,2.695436e+00,4.238859e-02,2.653047e+00
323.03125,323.1875,0.15625,2.677284e+00,4.238859e-02,2.634896e+00
323.1875,323.34375,0.15625,2.660592e+00,4.238859e-02,2.618204e+00
323.34375,323.5,0.15625,2.636858e+00,4.238859e-02,2.594469e+00
323.5,323.65625,0.15625,2.603412e+00,4.238859e-02,2.561023e+00
323.65625,323.8125,0.15625,2.564065e+00,4.238859e-02,2.521677e+00
323.8125,323.96875,0.15625,2.526483e+00,4.238859e-02,2.484094e+00
323.96875,324.125,0.15625,2.497360e+00,4.238859e-02,2.454972e+00
324.125,324.28125,0.15625,2.477550e+00,4.238859e-02,2.435162e+00
324.28125,324.4375,0.15625,2.459408e+00,4.238859e-02,2.417019e+00
324.4375,324.59375,0.15625,2.427700e+00,4.238859e-02,2.385312e+00
324.59375,324.75,0.15625,2.363913e+00,4.238859e-02,2.321524e+00
324.75,324.90625,0.15625,2.252380e+00,4.238859e-02,2.209991e+00
324.90625,325.0625,0.15625,2.085968e+00,4.238859e-02,2.043580e+00
325.0625,325.21875,0.15625,1.869329e+00,4.238859e-02,1.826940e+00
325.21875,325.375,0.15625,1.618785e+00,4.238859e-02,1.576397e+00
325.375,325.53125,0.15625,1.359204e+00,4.238859e-02,1.316816e+00
325.53125,325.6875,0.15625,1.119139e+00,4.238859e-02,1.076750e+00
325.6875,325.84375,0.15625,9.257932e-01,4.238859e-02,8.834046e-01
325.84375,326,0.15625,8.009605e-01,4.238859e-02,7.585719e-01
326,326.15625,0.15625,7.583881e-01,4.238859e-02,7.159995e-01
326.15625,326.3125,0.15625,7.583881e-01,4.238859e-02,7.159995e-01
326.3125,326.46875,0.15625,8.024147e-01,4.238859e-02,7.600261e-01
326.46875,326.625,0.15625,9.275180e-01,4.238859e-02,8.851294e-01
326.625,326.78125,0.15625,1.118614e+00,4.238859e-02,1.076225e+00
326.78125,326.9375,0.15625,1.352320e+00,4.238859e-02,1.309931e+00
326.9375,327.09375,0.15625,1.599612e+00,4.238859e-02,1.557224e+00
327.09375,327.25,0.15625,1.830089e+00,4.238859e-02,1.787700e+00
327.25,327.40625,0.15625,2.017456e+00,4.238859e-02,1.975067e+00
327.40625,327.5625,0.15625,2.145090e+00,4.238859e-02,2.102702e+00
327.5625,327.71875,0.15625,2.210062e+00,4.238859e-02,2.167673e+00
327.71875,327.875,0.15625,2.210746e+00,4.238859e-02,2.168357e+00
327.875,328.03125,0.15625,2.199380e+00,4.238859e-02,2.156992e+00
328.03125,328.1875,0.15625,2.199380e+00,4.238859e-02,2.156992e+00
328.1875,328.34375,0.15625,2.217468e+00,4.238859e-02,2.175079e+00
328.34375,328.5,0.15625,2.283602e+00,4.238859e-02,2.241213e+00
328.5,328.65625,0.15625,2.403179e+00,4.238859e-02,2.360790e+00
328.65625,328.8125,0.15625,2.567831e+00,4.238859e-02,2.525443e+00
328.8125,328.96875,0.15625,2.758351e+00,4.238859e-02,2.715962e+00
328.96875,329.125,0.15625,2.949771e+00,4.238859e-02,2.907383e+00
329.125,329.28125,0.15625,3.116845e+00,4.238859e-02,3.074457e+00
329.28125,329.4375,0.15625,3.238442e+00,4.238859e-02,3.196054e+00
329.4375,329.59375,0.15625,3.295900e+00,4.238859e-02,3.253511e+00
329.59375,329.75,0.15625,3.227291e+00,4.238859e-02,3.184903e+00
329.75,329.90625,0.15625,3.104270e+00,4.238859e-02,3.061882e+00
329.90625,330.0625,0.15625,2.943858e+00,4.238859e-02,2.901470e+00
330.0625,330.21875,0.15625,2.768355e+00,4.238859e-02,2.725966e+00
330.21875,330.375,0.15625,2.601921e+00,4.238859e-02,2.559532e+00
330.375,330.53125,0.15625,2.465769e+00,4.238859e-02,2.423381e+00
330.53125,330.6875,0.15625,2.372999e+00,4.238859e-02,2.330611e+00
330.6875,330.84375,0.15625,2.324722e+00,4.238859e-02,2.282334e+00
330.84375,331,0.15625,2.309099e+00,4.238859e-02,2.266711e+00
331,331.15625,0.15625,2.304115e+00,4.238859e-02,2.261726e+00
331.15625,331.3125,0.15625,2.283620e+00,4.238859e-02,2.241232e+00
331.3125,331.46875,0.15625,2.224988e+00,4.238859e-02,2.182600e+00
331.46875,331.625,0.15625,2.116086e+00,4.238859e-02,2.073698e+00
331.625,331.78125,0.15625,1.959523e+00,4.238859e-02,1.917135e+00
331.78125,331.9375,0.15625,1.773045e+00,4.238859e-02,1.730657e+00
331.9375,332.09375,0.15625,1.586200e+00,4.238859e-02,1.543811e+00
332.09375,332.25,0.15625,1.434386e+00,4.238859e-02,1.391998e+00
332.25,332.40625,0.15625,1.351899e+00,4.238859e-02,1.309510e+00
332.40625,332.5625,0.15625,1.351899e+00,4.238859e-02,1.309510e+00
332.5625,332.71875,0.15625,1.365443e+00,4.238859e-02,1.323055e+00
332.71875,332.875,0.15625,1.489176e+00,4.238859e-02,1.446788e+00
332.875,333.03125,0.15625,1.721785e+00,4.238859e-02,1.679397e+00
333.03125,333.1875,0.15625,2.045803e+00,4.238859e-02,2.003414e+00
333.1875,333.34375,0.15625,2.429174e+00,4.238859e-02,2.386786e+00
333.34375,333.5,0.15625,2.828982e+00,4.238859e-02,2.786593e+00
333.5,333.65625,0.15625,3.197020e+00,4.238859e-02,3.154632e+00
333.65625,333.8125,0.15625,3.486580e+00,4.238859e-02,3.444191e+00
333.8125,333.96875,0.15625,3.659406e+00,4.238859e-02,3.617017e+00
333.96875,334.125,0.15625,3.577158e+00,4.238859e-02,3.534770e+00
334.125,334.28125,0.15625,3.328681e+00,4.238859e-02,3.286293e+00
334.28125,334.4375,0.15625,2.974649e+00,4.238859e-02,2.932260e+00
334.4375,334.59375,0.15625,2.554418e+00,4.238859e-02,2.512030e+00
334.59375,334.75,0.15625,2.111857e+00,4.238859e-02,2.069469e+00
334.75,334.90625,0.15625,1.689156e+00,4.238859e-02,1.646767e+00
334.90625,335.0625,0.15625,1.322004e+00,4.238859e-02,1.279616e+00
335.0625,335.21875,0.15625,1.036779e+00,4.238859e-02,9.943904e-01
335.21875,335.375,0.15625,8.496628e-01,4.238859e-02,8.072742e-01
335.375,335.53125,0.15625,7.670735e-01,4.238859e-02,7.246849e-01
335.53125,335.6875,0.15625,7.670735e-01,4.238859e-02,7.246849e-01
335.6875,335.84375,0.15625,7.865697e-01,4.238859e-02,7.441811e-01
335.84375,336,0.15625,8.976418e-01,4.238859e-02,8.552532e-01
336,336.15625,0.15625,1.082322e+00,4.238859e-02,1.039933e+00
336.15625,336.3125,0.15625,1.316096e+00,4.238859e-02,1.273707e+00
336.3125,336.46875,0.15625,1.569852e+00,4.238859e-02,1.527463e+00
336.46875,336.625,0.15625,1.813342e+00,4.238859e-02,1.770954e+00
336.625,336.78125,0.15625,2.019956e+00,4.238859e-02,1.977567e+00
336.78125,336.9375,0.15625,2.171754e+00,4.238859e-02,2.129365e+00
336.9375,337.09375,0.15625,2.263144e+00,4.238859e-02,2.220755e+00
337.09375,337.25,0.15625,2.301660e+00,4.238859e-02,2.259271e+00
337.25,337.40625,0.15625,2.295704e+00,4.238859e-02,2.253315e+00
337.40625,337.5625,0.15625,2.292838e+00,4.238859e-02,2.250449e+00
337.5625,337.71875,0.15625,2.292838e+00,4.238859e-02,2.250449e+00
337.71875,337.875,0.15625,2.307206e+00,4.238859e-02,2.264817e+00
337.875,338.03125,0.15625,2.338162e+00,4.238859e-02,2.295774e+00
338.03125,338.1875,0.15625,2.375417e+00,4.238859e-02,2.333028e+00
338.1875,338.34375,0.15625,2.404330e+00,4.238859e-02,2.361942e+00
338.34375,338.5,0.15625,2.396610e+00,4.238859e-02,2.354221e+00
338.5,338.65625,0.15625,2.362361e+00,4.238859e-02,2.319973e+00
338.65625,338.8125,0.15625,2.324935e+00,4.238859e-02,2.282547e+00
338.8125,338.96875,0.15625,2.302534e+00,4.238859e-02,2.260145e+00
338.96875,339.125,0.15625,2.302534e+00,4.238859e-02,2.260145e+00
339.125,339.28125,0.15625,2.310140e+00,4.238859e-02,2.267752e+00
339.28125,339.4375,0.15625,2.354428e+00,4.238859e-02,2.312039e+00
339.4375,339.59375,0.15625,2.431968e+00,4.238859e-02,2.389579e+00
339.59375,339.75,0.15625,2.531245e+00,4.238859e-02,2.488856e+00
339.75,339.90625,0.15625,2.637406e+00,4.238859e-02,2.595017e+00
339.90625,340.0625,0.15625,2.737612e+00,4.238859e-02,2.695224e+00
340.0625,340.21875,0.15625,2.824814e+00,4.238859e-02,2.782426e+00
340.21875,340.375,0.15625,2.898626e+00,4.238859e-02,2.856237e+00
340.375,340.53125,0.15625,2.963364e+00,4.238859e-02,2.920975e+00
340.53125,340.6875,0.15625,3.024512e+00,4.238859e-02,2.982123e+00
340.6875,340.84375,0.15625,3.085340e+00,4.238859e-02,3.042952e+00
340.84375,341,0.15625,3.145004e+00,4.238859e-02,3.102616e+00
341,341.15625,0.15625,3.198474e+00,4.238859e-02,3.156085e+00
341.15625,341.3125,0.15625,3.237738e+00,4.238859e-02,3.195350e+00
341.3125,341.46875,0.15625,3.235524e+00,4.238859e-02,3.193135e+00
341.46875,341.625,0.15625,3.175085e+00,4.238859e-02,3.132697e+00
341.625,341.78125,0.15625,3.064168e+00,4.238859e-02,3.021780e+00
341.78125,341.9375,0.15625,2.897682e+00,4.238859e-02,2.855294e+00
341.9375,342.09375,0.15625,2.675216e+00,4.238859e-02,2.632827e+00
342.09375,342.25,0.15625,2.402891e+00,4.238859e-02,2.360502e+00
342.25,342.40625,0.15625,2.094276e+00,4.238859e-02,2.051888e+00
342.40625,342.5625,0.15625,1.769694e+00,4.238859e-02,1.727306e+00
342.5625,342.71875,0.15625,1.453891e+00,4.238859e-02,1.411503e+00
342.71875,342.875,0.15625,1.172677e+00,4.238859e-02,1.130288e+00
342.875,343.03125,0.15625,9.494338e-01,4.238859e-02,9.070452e-01
343.03125,343.1875,0.15625,8.022795e-01,4.238859e-02,7.598909e-01
343.1875,343.34375,0.15625,7.421712e-01,4.238859e-02,6.997826e-01
343.34375,343.5,0.15625,7.421712e-01,4.238859e-02,6.997826e-01
343.5,343.65625,0.15625,7.718384e-01,4.238859e-02,7.294498e-01
343.65625,343.8125,0.15625,8.852612e-01,4.238859e-02,8.428726e-01
343.8125,343.96875,0.15625,1.067621e+00,4.238859e-02,1.025232e+00
343.96875,344.125,0.15625,1.296021e+00,4.238859e-02,1.253632e+00
344.125,344.28125,0.15625,1.541510e+00,4.238859e-02,1.499122e+00
344.28125,344.4375,0.15625,1.772796e+00,4.238859e-02,1.730408e+00
344.4375,344.59375,0.15625,1.961457e+00,4.238859e-02,1.919068e+00
344.59375,344.75,0.15625,2.087680e+00,4.238859e-02,2.045291e+00
344.75,344.90625,0.15625,2.142163e+00,4.238859e-02,2.099774e+00
344.90625,345.0625,0.15625,2.101805e+00,4.238859e-02,2.059416e+00
345.0625,345.21875,0.15625,2.054875e+00,4.238859e-02,2.012486e+00
345.21875,345.375,0.15625,2.033254e+00,4.238859e-02,1.990866e+00
345.375,345.53125,0.15625,2.033254e+00,4.238859e-02,1.990866e+00
345.53125,345.6875,0.15625,2.061983e+00,4.238859e-02,2.019594e+00
345.6875,345.84375,0.15625,2.153492e+00,4.238859e-02,2.111103e+00
345.84375,346,0.15625,2.305308e+00,4.238859e-02,2.262919e+00
346,346.15625,0.15625,2.501548e+00,4.238859e-02,2.459159e+00
346.15625,346.3125,0.15625,2.717311e+00,4.238859e-02,2.674922e+00
346.3125,346.46875,0.15625,2.924293e+00,4.238859e-02,2.881904e+00
346.46875,346.625,0.15625,3.095900e+00,4.238859e-02,3.053511e+00
346.625,346.78125,0.15625,3.210701e+00,4.238859e-02,3.168312e+00
346.78125,346.9375,0.15625,3.218383e+00,4.238859e-02,3.175995e+00
346.9375,347.09375,0.15625,3.103327e+00,4.238859e-02,3.060939e+00
347.09375,347.25,0.15625,2.915801e+00,4.238859e-02,2.873412e+00
347.25,347.40625,0.15625,2.670462e+00,4.238859e-02,2.628073e+00
347.40625,347.5625,0.15625,2.389629e+00,4.238859e-02,2.347240e+00
347.5625,347.71875,0.15625,2.101969e+00,4.238859e-02,2.059581e+00
347.71875,347.875,0.15625,1.839507e+00,4.238859e-02,1.797118e+00
347.875,348.03125,0.15625,1.633161e+00,4.238859e-02,1.590773e+00
348.03125,348.1875,0.15625,1.507685e+00,4.238859e-02,1.465297e+00
348.1875,348.34375,0.15625,1.477205e+00,4.238859e-02,1.434816e+00
348.34375,348.5,0.15625,1.477205e+00,4.238859e-02,1.434816e+00
348.5,348.65625,0.15625,1.542559e+00,4.238859e-02,1.500170e+00
348.65625,348.8125,0.15625,1.691214e+00,4.238859e-02,1.648825e+00
348.8125,348.96875,0.15625,1.899888e+00,4.238859e-02,1.857500e+00
348.96875,349.125,0.15625,2.139320e+00,4.238859e-02,2.096931e+00
349.125,349.28125,0.15625,2.379951e+00,4.238859e-02,2.337562e+00
349.28125,349.4375,0.15625,2.597021e+00,4.238859e-02,2.554633e+00
349.4375,349.59375,0.15625,2.773708e+00,4.238859e-02,2.731320e+00
349.59375,349.75,0.15625,2.901671e+00,4.238859e-02,2.859282e+00
349.75,349.90625,0.15625,2.979330e+00,4.238859e-02,2.936942e+00
349.90625,350.0625,0.15625,2.995160e+00,4.238859e-02,2.952772e+00
350.0625,350.21875,0.15625,2.942618e+00,4.238859e-02,2.900229e+00
350.21875,350.375,0.15625,2.858462e+00,4.238859e-02,2.816073e+00
350.375,350.53125,0.15625,2.752930e+00,4.238859e-02,2.710542e+00
350.53125,350.6875,0.15625,2.640003e+00,4.238859e-02,2.597615e+00
350.6875,350.84375,0.15625,2.535830e+00,4.238859e-02,2.493441e+00
350.84375,351,0.15625,2.455082e+00,4.238859e-02,2.412693e+00
351,351.15625,0.15625,2.406476e+00,4.238859e-02,2.364087e+00
351.15625,351.3125,0.15625,2.389432e+00,4.238859e-02,2.347043e+00
351.3125,351.46875,0.15625,2.389432e+00,4.238859e-02,2.347043e+00
351.46875,351.625,0.15625,2.393650e+00,4.238859e-02,2.351261e+00
351.625,351.78125,0.15625,2.397747e+00,4.238859e-02,2.355359e+00
351.78125,351.9375,0.15625,2.368367e+00,4.238859e-02,2.325979e+00
351.9375,352.09375,0.15625,2.312822e+00,4.238859e-02,2.270433e+00
352.09375,352.25,0.15625,2.241008e+00,4.238859e-02,2.198619e+00
352.25,352.40625,0.15625,2.170538e+00,4.238859e-02,2.128149e+00
352.40625,352.5625,0.15625,2.120141e+00,4.238859e-02,2.077753e+00
352.5625,352.71875,0.15625,2.102300e+00,4.238859e-02,2.059911e+00
352.71875,352.875,0.15625,2.102300e+00,4.238859e-02,2.059911e+00
352.875,353.03125,0.15625,2.117795e+00,4.238859e-02,2.075407e+00
353.03125,353.1875,0.15625,2.154137e+00,4.238859e-02,2.111748e+00
353.1875,353.34375,0.15625,2.188474e+00,4.238859e-02,2.146085e+00
353.34375,353.5,0.15625,2.147751e+00,4.238859e-02,2.105362e+00
353.5,353.65625,0.15625,2.037252e+00,4.238859e-02,1.994863e+00
353.65625,353.8125,0.15625,1.864174e+00,4.238859e-02,1.821786e+00
353.8125,353.96875,0.15625,1.644133e+00,4.238859e-02,1.601744e+00
353.96875,354.125,0.15625,1.403173e+00,4.238859e-02,1.360784e+00
354.125,354.28125,0.15625,1.172361e+00,4.238859e-02,1.129972e+00
354.28125,354.4375,0.15625,9.821181e-01,4.238859e-02,9.397295e-01
354.4375,354.59375,0.15625,8.575918e-01,4.238859e-02,8.152033e-01
354.59375,354.75,0.15625,8.156205e-01,4.238859e-02,7.732319e-01
354.75,354.90625,0.15625,8.156205e-01,4.238859e-02,7.732319e-01
354.90625,355.0625,0.15625,8.632460e-01,4.238859e-02,8.208574e-01
355.0625,355.21875,0.15625,9.974390e-01,4.238859e-02,9.550504e-01
355.21875,355.375,0.15625,1.205810e+00,4.238859e-02,1.163421e+00
355.375,355.53125,0.15625,1.468333e+00,4.238859e-02,1.425944e+00
355.53125,355.6875,0.15625,1.760234e+00,4.238859e-02,1.717845e+00
355.6875,355.84375,0.15625,2.055940e+00,4.238859e-02,2.013552e+00
355.84375,356,0.15625,2.333526e+00,4.238859e-02,2.291137e+00
356,356.15625,0.15625,2.578527e+00,4.238859e-02,2.536138e+00
356.15625,356.3125,0.15625,2.785918e+00,4.238859e-02,2.743529e+00
356.3125,356.46875,0.15625,2.959425e+00,4.238859e-02,2.917036e+00
356.46875,356.625,0.15625,3.108269e+00,4.238859e-02,3.065880e+00
356.625,356.78125,0.15625,3.242373e+00,4.238859e-02,3.199985e+00
356.78125,356.9375,0.15625,3.367666e+00,4.238859e-02,3.325277e+00
356.9375,357.09375,0.15625,3.483010e+00,4.238859e-02,3.440621e+00
357.09375,357.25,0.15625,3.579649e+00,4.238859e-02,3.537260e+00
357.25,357.40625,0.15625,3.643146e+00,4.238859e-02,3.600757e+00
357.40625,357.5625,0.15625,3.607435e+00,4.238859e-02,3.565047e+00
357.5625,357.71875,0.15625,3.486714e+00,4.238859e-02,3.444325e+00
357.71875,357.875,0.15625,3.296927e+00,4.238859e-02,3.254538e+00
357.875,358.03125,0.15625,3.050956e+00,4.238859e-02,3.008567e+00
358.03125,358.1875,0.15625,2.771841e+00,4.238859e-02,2.729453e+00
358.1875,358.34375,0.15625,2.489844e+00,4.238859e-02,2.447455e+00
358.34375,358.5,0.15625,2.237515e+00,4.238859e-02,2.195127e+00
358.5,358.65625,0.15625,2.043573e+00,4.238859e-02,2.001184e+00
358.65625,358.8125,0.15625,1.926899e+00,4.238859e-02,1.884511e+00
358.8125,358.96875,0.15625,1.892259e+00,4.238859e-02,1.849870e+00
358.96875,359.125,0.15625,1.892259e+00,4.238859e-02,1.849870e+00
359.125,359.28125,0.15625,1.929097e+00,4.238859e-02,1.886708e+00
359.28125,359.4375,0.15625,2.014095e+00,4.238859e-02,1.971706e+00
359.4375,359.59375,0.15625,2.117074e+00,4.238859e-02,2.074685e+00
359.59375,359.75,0.15625,2.208786e+00,4.238859e-02,2.166397e+00
359.75,359.90625,0.15625,2.268366e+00,4.238859e-02,2.225977e+00
359.90625,360.0625,0.15625,2.274509e+00,4.238859e-02,2.232120e+00
360.0625,360.21875,0.15625,2.243767e+00,4.238859e-02,2.201378e+00
360.21875,360.375,0.15625,2.215550e+00,4.238859e-02,2.173161e+00
360.375,360.53125,0.15625,2.204823e+00,4.238859e-02,2.162434e+00
360.53125,360.6875,0.15625,2.204823e+00,4.238859e-02,2.162434e+00
360.6875,360.84375,0.15625,2.215972e+00,4.238859e-02,2.173583e+00
360.84375,361,0.15625,2.240770e+00,4.238859e-02,2.198381e+00
361,361.15625,0.15625,2.254559e+00,4.238859e-02,2.212170e+00
361.15625,361.3125,0.15625,2.203623e+00,4.238859e-02,2.161234e+00
361.3125,361.46875,0.15625,2.101020e+00,4.238859e-02,2.058631e+00
361.46875,361.625,0.15625,1.953895e+00,4.238859e-02,1.911506e+00
361.625,361.78125,0.15625,1.782916e+00,4.238859e-02,1.740527e+00
361.78125,361.9375,0.15625,1.617632e+00,4.238859e-02,1.575244e+00
361.9375,362.09375,0.15625,1.489397e+00,4.238859e-02,1.447008e+00
362.09375,362.25,0.15625,1.423839e+00,4.238859e-02,1.381450e+00
362.25,362.40625,0.15625,1.423839e+00,4.238859e-02,1.381450e+00
362.40625,362.5625,0.15625,1.434826e+00,4.238859e-02,1.392438e+00
362.5625,362.71875,0.15625,1.521336e+00,4.238859e-02,1.478947e+00
362.71875,362.875,0.15625,1.667924e+00,4.238859e-02,1.625535e+00
362.875,363.03125,0.15625,1.848645e+00,4.238859e-02,1.806256e+00
363.03125,363.1875,0.15625,2.033468e+00,4.238859e-02,1.991080e+00
363.1875,363.34375,0.15625,2.195561e+00,4.238859e-02,2.153173e+00
363.34375,363.5,0.15625,2.317456e+00,4.238859e-02,2.275067e+00
363.5,363.65625,0.15625,2.394296e+00,4.238859e-02,2.351908e+00
363.65625,363.8125,0.15625,2.433162e+00,4.238859e-02,2.390773e+00
363.8125,363.96875,0.15625,2.448722e+00,4.238859e-02,2.406334e+00
363.96875,364.125,0.15625,2.456819e+00,4.238859e-02,2.414431e+00
364.125,364.28125,0.15625,2.468349e+00,4.238859e-02,2.425961e+00
364.28125,364.4375,0.15625,2.485771e+00,4.238859e-02,2.443383e+00
364.4375,364.59375,0.15625,2.503487e+00,4.238859e-02,2.461098e+00
364.59375,364.75,0.15625,2.502358e+00,4.238859e-02,2.459969e+00
364.75,364.90625,0.15625,2.473313e+00,4.238859e-02,2.430924e+00
364.90625,365.0625,0.15625,2.430710e+00,4.238859e-02,2.388321e+00
365.0625,365.21875,0.15625,2.386578e+00,4.238859e-02,2.344190e+00
365.21875,365.375,0.15625,2.353793e+00,4.238859e-02,2.311404e+00
365.375,365.53125,0.15625,2.340160e+00,4.238859e-02,2.297771e+00
365.53125,365.6875,0.15625,2.340160e+00,4.238859e-02,2.297771e+00
365.6875,365.84375,0.15625,2.344291e+00,4.238859e-02,2.301902e+00
365.84375,366,0.15625,2.355162e+00,4.238859e-02,2.312774e+00
366,366.15625,0.15625,2.329520e+00,4.238859e-02,2.287132e+00
366.15625,366.3125,0.15625,2.267275e+00,4.238859e-02,2.224887e+00
366.3125,366.46875,0.15625,2.171946e+00,4.238859e-02,2.129557e+00
366.46875,366.625,0.15625,2.059375e+00,4.238859e-02,2.016987e+00
366.625,366.78125,0.15625,1.954857e+00,4.238859e-02,1.912468e+00
366.78125,366.9375,0.15625,1.886529e+00,4.238859e-02,1.844141e+00
366.9375,367.09375,0.15625,1.877808e+00,4.238859e-02,1.835420e+00
367.09375,367.25,0.15625,1.877808e+00,4.238859e-02,1.835420e+00
367.25,367.40625,0.15625,1.941217e+00,4.238859e-02,1.898829e+00
367.40625,367.5625,0.15625,2.075416e+00,4.238859e-02,2.033027e+00
367.5625,367.71875,0.15625,2.266077e+00,4.238859e-02,2.223689e+00
367.71875,367.875,0.15625,2.490007e+00,4.238859e-02,2.447618e+00
367.875,368.03125,0.15625,2.720956e+00,4.238859e-02,2.678568e+00
368.03125,368.1875,0.15625,2.935238e+00,4.238859e-02,2.892849e+00
368.1875,368.34375,0.15625,3.115612e+00,4.238859e-02,3.073223e+00
368.34375,368.5,0.15625,3.252768e+00,4.238859e-02,3.210380e+00
368.5,368.65625,0.15625,3.344651e+00,4.238859e-02,3.302263e+00
368.65625,368.8125,0.15625,3.394493e+00,4.238859e-02,3.352104e+00
368.8125,368.96875,0.15625,3.393783e+00,4.238859e-02,3.351394e+00
368.96875,369.125,0.15625,3.356569e+00,4.238859e-02,3.314180e+00
369.125,369.28125,0.15625,3.300722e+00,4.238859e-02,3.258334e+00
369.28125,369.4375,0.15625,3.226507e+00,4.238859e-02,3.184118e+00
369.4375,369.59375,0.15625,3.130066e+00,4.238859e-02,3.087677e+00
369.59375,369.75,0.15625,3.004127e+00,4.238859e-02,2.961739e+00
369.75,369.90625,0.15625,2.840198e+00,4.238859e-02,2.797809e+00
369.90625,370.0625,0.15625,2.631854e+00,4.238859e-02,2.589466e+00
370.0625,370.21875,0.15625,2.378100e+00,4.238859e-02,2.335711e+00
370.21875,370.375,0.15625,2.085521e+00,4.238859e-02,2.043132e+00
370.375,370.53125,0.15625,1.768351e+00,4.238859e-02,1.725962e+00
370.53125,370.6875,0.15625,1.446377e+00,4.238859e-02,1.403988e+00
370.6875,370.84375,0.15625,1.141474e+00,4.238859e-02,1.099085e+00
370.84375,371,0.15625,8.740321e-01,4.238859e-02,8.316435e-01
371,371.15625,0.15625,6.604317e-01,4.238859e-02,6.180431e-01
371.15625,371.3125,0.15625,5.121316e-01,4.238859e-02,4.697430e-01
371.3125,371.46875,0.15625,4.361973e-01,4.238859e-02,3.938087e-01
371.46875,371.625,0.15625,4.361973e-01,4.238859e-02,3.938087e-01
371.625,371.78125,0.15625,4.365223e-01,4.238859e-02,3.941337e-01
371.78125,371.9375,0.15625,5.148286e-01,4.238859e-02,4.724400e-01
371.9375,372.09375,0.15625,6.707800e-01,4.238859e-02,6.283914e-01
372.09375,372.25,0.15625,9.010577e-01,4.238859e-02,8.586691e-01
372.25,372.40625,0.15625,1.197802e+00,4.238859e-02,1.155414e+00
372.40625,372.5625,0.15625,1.547189e+00,4.238859e-02,1.504801e+00
372.5625,372.71875,0.15625,1.928939e+00,4.238859e-02,1.886551e+00
372.71875,372.875,0.15625,2.317240e+00,4.238859e-02,2.274851e+00
372.875,373.03125,0.15625,2.683074e+00,4.238859e-02,2.640685e+00
373.03125,373.1875,0.15625,2.997451e+00,4.238859e-02,2.955062e+00
373.1875,373.34375,0.15625,3.234843e+00,4.238859e-02,3.192455e+00
373.34375,373.5,0.15625,3.376182e+00,4.238859e-02,3.333793e+00
373.5,373.65625,0.15625,3.339334e+00,4.238859e-02,3.296945e+00
373.65625,373.8125,0.15625,3.171450e+00,4.238859e-02,3.129062e+00
373.8125,373.96875,0.15625,2.928682e+00,4.238859e-02,2.886294e+00
373.96875,374.125,0.15625,2.641804e+00,4.238859e-02,2.599415e+00
374.125,374.28125,0.15625,2.348656e+00,4.238859e-02,2.306268e+00
374.28125,374.4375,0.15625,2.090223e+00,4.238859e-02,2.047835e+00
374.4375,374.59375,0.15625,1.905489e+00,4.238859e-02,1.863101e+00
374.59375,374.75,0.15625,1.825727e+00,4.238859e-02,1.783338e+00
374.75,374.90625,0.15625,1.825727e+00,4.238859e-02,1.783338e+00
374.90625,375.0625,0.15625,1.869151e+00,4.238859e-02,1.826763e+00
375.0625,375.21875,0.15625,2.036975e+00,4.238859e-02,1.994586e+00
375.21875,375.375,0.15625,2.311757e+00,4.238859e-02,2.269368e+00
375.375,375.53125,0.15625,2.658657e+00,4.238859e-02,2.616268e+00
375.53125,375.6875,0.15625,3.029736e+00,4.238859e-02,2.987348e+00
375.6875,375.84375,0.15625,3.370890e+00,4.238859e-02,3.328501e+00
375.84375,376,0.15625,3.630378e+00,4.238859e-02,3.587989e+00
376,376.15625,0.15625,3.759330e+00,4.238859e-02,3.716942e+00
376.15625,376.3125,0.15625,3.605076e+00,4.238859e-02,3.562688e+00
376.3125,376.46875,0.15625,3.325486e+00,4.238859e-02,3.283098e+00
376.46875,376.625,0.15625,2.959109e+00,4.238859e-02,2.916720e+00
376.625,376.78125,0.15625,2.555319e+00,4.238859e-02,2.512930e+00
376.78125,376.9375,0.15625,2.165964e+00,4.238859e-02,2.123575e+00
376.9375,377.09375,0.15625,1.837222e+00,4.238859e-02,1.794833e+00
377.09375,377.25,0.15625,1.603022e+00,4.238859e-02,1.560633e+00
377.25,377.40625,0.15625,1.480881e+00,4.238859e-02,1.438492e+00
377.40625,377.5625,0.15625,1.470528e+00,4.238859e-02,1.428139e+00
377.5625,377.71875,0.15625,1.470528e+00,4.238859e-02,1.428139e+00
377.71875,377.875,0.15625,1.555331e+00,4.238859e-02,1.512943e+00
377.875,378.03125,0.15625,1.706291e+00,4.238859e-02,1.663902e+00
378.03125,378.1875,0.15625,1.888055e+00,4.238859e-02,1.845666e+00
378.1875,378.34375,0.15625,2.066031e+00,4.238859e-02,2.023643e+00
378.34375,378.5,0.15625,2.213208e+00,4.238859e-02,2.170819e+00
378.5,378.65625,0.15625,2.315033e+00,4.238859e-02,2.272644e+00
378.65625,378.8125,0.15625,2.370957e+00,4.238859e-02,2.328569e+00
378.8125,378.96875,0.15625,2.392050e+00,4.238859e-02,2.349661e+00
378.96875,379.125,0.15625,2.395340e+00,4.238859e-02,2.352952e+00
379.125,379.28125,0.15625,2.396759e+00,4.238859e-02,2.354370e+00
379.28125,379.4375,0.15625,2.405139e+00,4.238859e-02,2.362750e+00
379.4375,379.59375,0.15625,2.419471e+00,4.238859e-02,2.377083e+00
379.59375,379.75,0.15625,2.425142e+00,4.238859e-02,2.382754e+00
379.75,379.90625,0.15625,2.394210e+00,4.238859e-02,2.351821e+00
379.90625,380.0625,0.15625,2.336480e+00,4.238859e-02,2.294091e+00
380.0625,380.21875,0.15625,2.261160e+00,4.238859e-02,2.218771e+00
380.21875,380.375,0.15625,2.185343e+00,4.238859e-02,2.142954e+00
380.375,380.53125,0.15625,2.128124e+00,4.238859e-02,2.085735e+00
380.53125,380.6875,0.15625,2.103447e+00,4.238859e-02,2.061058e+00
380.6875,380.84375,0.15625,2.103447e+00,4.238859e-02,2.061058e+00
380.84375,381,0.15625,2.114388e+00,4.238859e-02,2.071999e+00
381,381.15625,0.15625,2.151051e+00,4.238859e-02,2.108662e+00
381.15625,381.3125,0.15625,2.192980e+00,4.238859e-02,2.150592e+00
381.3125,381.46875,0.15625,2.196909e+00,4.238859e-02,2.154521e+00
381.46875,381.625,0.15625,2.127110e+00,4.238859e-02,2.084721e+00
381.625,381.78125,0.15625,2.010081e+00,4.238859e-02,1.967692e+00
381.78125,381.9375,0.15625,1.864316e+00,4.238859e-02,1.821927e+00
381.9375,382.09375,0.15625,1.718182e+00,4.238859e-02,1.675794e+00
382.09375,382.25,0.15625,1.602650e+00,4.238859e-02,1.560262e+00
382.25,382.40625,0.15625,1.543316e+00,4.238859e-02,1.500927e+00
382.40625,382.5625,0.15625,1.543316e+00,4.238859e-02,1.500927e+00
382.5625,382.71875,0.15625,1.553880e+00,4.238859e-02,1.511491e+00
382.71875,382.875,0.15625,1.632760e+00,4.238859e-02,1.590371e+00
382.875,383.03125,0.15625,1.763684e+00,4.238859e-02,1.721296e+00
383.03125,383.1875,0.15625,1.920106e+00,4.238859e-02,1.877717e+00
383.1875,383.34375,0.15625,2.072314e+00,4.238859e-02,2.029925e+00
383.34375,383.5,0.15625,2.195360e+00,4.238859e-02,2.152971e+00
383.5,383.65625,0.15625,2.275613e+00,4.238859e-02,2.233225e+00
383.65625,383.8125,0.15625,2.314032e+00,4.238859e-02,2.271643e+00
383.8125,383.96875,0.15625,2.325162e+00,4.238859e-02,2.282773e+00
383.96875,384.125,0.15625,2.332173e+00,4.238859e-02,2.289785e+00
384.125,384.28125,0.15625,2.359529e+00,4.238859e-02,2.317140e+00
384.28125,384.4375,0.15625,2.425610e+00,4.238859e-02,2.383222e+00
384.4375,384.59375,0.15625,2.537571e+00,4.238859e-02,2.495182e+00
384.59375,384.75,0.15625,2.689763e+00,4.238859e-02,2.647374e+00
384.75,384.90625,0.15625,2.865804e+00,4.238859e-02,2.823415e+00
384.90625,385.0625,0.15625,3.043129e+00,4.238859e-02,3.000740e+00
385.0625,385.21875,0.15625,3.198339e+00,4.238859e-02,3.155950e+00
385.21875,385.375,0.15625,3.311795e+00,4.238859e-02,3.269406e+00
385.375,385.53125,0.15625,3.370270e+00,4.238859e-02,3.327881e+00
385.53125,385.6875,0.15625,3.314333e+00,4.238859e-02,3.271944e+00
385.6875,385.84375,0.15625,3.214043e+00,4.238859e-02,3.171654e+00
385.84375,386,0.15625,3.086317e+00,4.238859e-02,3.043928e+00
386,386.15625,0.15625,2.950864e+00,4.238859e-02,2.908476e+00
386.15625,386.3125,0.15625,2.826228e+00,4.238859e-02,2.783840e+00
386.3125,386.46875,0.15625,2.725494e+00,4.238859e-02,2.683105e+00
386.46875,386.625,0.15625,2.652968e+00,4.238859e-02,2.610579e+00
386.625,386.78125,0.15625,2.603246e+00,4.238859e-02,2.560858e+00
386.78125,386.9375,0.15625,2.563460e+00,4.238859e-02,2.521071e+00
386.9375,387.09375,0.15625,2.518294e+00,4.238859e-02,2.475905e+00
387.09375,387.25,0.15625,2.456158e+00,4.238859e-02,2.413769e+00
387.25,387.40625,0.15625,2.374190e+00,4.238859e-02,2.331801e+00
387.40625,387.5625,0.15625,2.280047e+00,4.238859e-02,2.237658e+00
387.5625,387.71875,0.15625,2.189588e+00,4.238859e-02,2.147200e+00
387.71875,387.875,0.15625,2.121122e+00,4.238859e-02,2.078733e+00
387.875,388.03125,0.15625,2.088239e+00,4.238859e-02,2.045851e+00
388.03125,388.1875,0.15625,2.088239e+00,4.238859e-02,2.045851e+00
388.1875,388.34375,0.15625,2.093851e+00,4.238859e-02,2.051463e+00
388.34375,388.5,0.15625,2.127632e+00,4.238859e-02,2.085244e+00
388.5,388.65625,0.15625,2.167858e+00,4.238859e-02,2.125469e+00
388.65625,388.8125,0.15625,2.159734e+00,4.238859e-02,2.117345e+00
388.8125,388.96875,0.15625,2.069327e+00,4.238859e-02,2.026938e+00
388.96875,389.125,0.15625,1.912909e+00,4.238859e-02,1.870520e+00
389.125,389.28125,0.15625,1.701894e+00,4.238859e-02,1.659505e+00
389.28125,389.4375,0.15625,1.459337e+00,4.238859e-02,1.416948e+00
389.4375,389.59375,0.15625,1.214972e+00,4.238859e-02,1.172584e+00
389.59375,389.75,0.15625,9.997106e-01,4.238859e-02,9.573220e-01
389.75,389.90625,0.15625,8.410299e-01,4.238859e-02,7.986413e-01
389.90625,390.0625,0.15625,7.599947e-01,4.238859e-02,7.176061e-01
390.0625,390.21875,0.15625,7.599947e-01,4.238859e-02,7.176061e-01
390.21875,390.375,0.15625,7.698264e-01,4.238859e-02,7.274379e-01
390.375,390.53125,0.15625,8.754869e-01,4.238859e-02,8.330983e-01
390.53125,390.6875,0.15625,1.073690e+00,4.238859e-02,1.031302e+00
390.6875,390.84375,0.15625,1.353090e+00,4.238859e-02,1.310702e+00
390.84375,391,0.15625,1.694799e+00,4.238859e-02,1.652411e+00
391,391.15625,0.15625,2.073621e+00,4.238859e-02,2.031232e+00
391.15625,391.3125,0.15625,2.460292e+00,4.238859e-02,2.417903e+00
391.3125,391.46875,0.15625,2.824679e+00,4.238859e-02,2.782290e+00
391.46875,391.625,0.15625,3.139483e+00,4.238859e-02,3.097094e+00
391.625,391.78125,0.15625,3.383746e+00,4.238859e-02,3.341358e+00
391.78125,391.9375,0.15625,3.545481e+00,4.238859e-02,3.503092e+00
391.9375,392.09375,0.15625,3.622898e+00,4.238859e-02,3.580509e+00
392.09375,392.25,0.15625,3.564452e+00,4.238859e-02,3.522064e+00
392.25,392.40625,0.15625,3.464121e+00,4.238859e-02,3.421732e+00
392.40625,392.5625,0.15625,3.342541e+00,4.238859e-02,3.300152e+00
392.5625,392.71875,0.15625,3.214505e+00,4.238859e-02,3.172116e+00
392.71875,392.875,0.15625,3.086805e+00,4.238859e-02,3.044417e+00
392.875,393.03125,0.15625,2.957314e+00,4.238859e-02,2.914925e+00
393.03125,393.1875,0.15625,2.816962e+00,4.238859e-02,2.774574e+00
393.1875,393.34375,0.15625,2.654250e+00,4.238859e-02,2.611861e+00
393.34375,393.5,0.15625,2.460942e+00,4.238859e-02,2.418554e+00
393.5,393.65625,0.15625,2.237099e+00,4.238859e-02,2.194710e+00
393.65625,393.8125,0.15625,1.993740e+00,4.238859e-02,1.951351e+00
393.8125,393.96875,0.15625,1.752286e+00,4.238859e-02,1.709898e+00
393.96875,394.125,0.15625,1.540976e+00,4.238859e-02,1.498588e+00
394.125,394.28125,0.15625,1.389354e+00,4.238859e-02,1.346966e+00
394.28125,394.4375,0.15625,1.322347e+00,4.238859e-02,1.279958e+00
394.4375,394.59375,0.15625,1.322347e+00,4.238859e-02,1.279958e+00
394.59375,394.75,0.15625,1.355305e+00,4.238859e-02,1.312917e+00
394.75,394.90625,0.15625,1.490955e+00,4.238859e-02,1.448566e+00
394.90625,395.0625,0.15625,1.718642e+00,4.238859e-02,1.676253e+00
395.0625,395.21875,0.15625,2.015802e+00,4.238859e-02,1.973413e+00
395.21875,395.375,0.15625,2.351223e+00,4.238859e-02,2.308835e+00
395.375,395.53125,0.15625,2.689431e+00,4.238859e-02,2.647042e+00
395.53125,395.6875,0.15625,2.995426e+00,4.238859e-02,2.953037e+00
395.6875,395.84375,0.15625,3.239044e+00,4.238859e-02,3.196655e+00
395.84375,396,0.15625,3.398414e+00,4.238859e-02,3.356025e+00
396,396.15625,0.15625,3.431060e+00,4.238859e-02,3.388671e+00
396.15625,396.3125,0.15625,3.316861e+00,4.238859e-02,3.274472e+00
396.3125,396.46875,0.15625,3.141889e+00,4.238859e-02,3.099500e+00
396.46875,396.625,0.15625,2.935458e+00,4.238859e-02,2.893069e+00
396.625,396.78125,0.15625,2.729304e+00,4.238859e-02,2.686915e+00
396.78125,396.9375,0.15625,2.551764e+00,4.238859e-02,2.509376e+00
396.9375,397.09375,0.15625,2.421930e+00,4.238859e-02,2.379541e+00
397.09375,397.25,0.15625,2.345361e+00,4.238859e-02,2.302973e+00
397.25,397.40625,0.15625,2.312876e+00,4.238859e-02,2.270487e+00
397.40625,397.5625,0.15625,2.303195e+00,4.238859e-02,2.260807e+00
397.5625,397.71875,0.15625,2.289040e+00,4.238859e-02,2.246652e+00
397.71875,397.875,0.15625,2.245081e+00,4.238859e-02,2.202693e+00
397.875,398.03125,0.15625,2.155454e+00,4.238859e-02,2.113066e+00
398.03125,398.1875,0.15625,2.018628e+00,4.238859e-02,1.976240e+00
398.1875,398.34375,0.15625,1.848258e+00,4.238859e-02,1.805869e+00
398.34375,398.5,0.15625,1.669888e+00,4.238859e-02,1.627499e+00
398.5,398.65625,0.15625,1.514555e+00,4.238859e-02,1.472166e+00
398.65625,398.8125,0.15625,1.411074e+00,4.238859e-02,1.368685e+00
398.8125,398.96875,0.15625,1.378946e+00,4.238859e-02,1.336557e+00
398.96875,399.125,0.15625,1.378946e+00,4.238859e-02,1.336557e+00
399.125,399.28125,0.15625,1.423516e+00,4.238859e-02,1.381127e+00
399.28125,399.4375,0.15625,1.534387e+00,4.238859e-02,1.491999e+00
399.4375,399.59375,0.15625,1.687421e+00,4.238859e-02,1.645032e+00
399.59375,399.75,0.15625,1.849915e+00,4.238859e-02,1.807527e+00
399.75,399.90625,0.15625,1.987925e+00,4.238859e-02,1.945536e+00
399.90625,400.0625,0.15625,2.074092e+00,4.238859e-02,2.031704e+00
400.0625,400.21875,0.15625,2.050419e+00,4.238859e-02,2.008030e+00
400.21875,400.375,0.15625,1.961246e+00,4.238859e-02,1.918857e+00
400.375,400.53125,0.15625,1.856566e+00,4.238859e-02,1.814178e+00
400.53125,400.6875,0.15625,1.770605e+00,4.238859e-02,1.728217e+00
400.6875,400.84375,0.15625,1.733729e+00,4.238859e-02,1.691340e+00
400.84375,401,0.15625,1.733729e+00,4.238859e-02,1.691340e+00
401,401.15625,0.15625,1.765561e+00,4.238859e-02,1.723172e+00
401.15625,401.3125,0.15625,1.871086e+00,4.238859e-02,1.828698e+00
401.3125,401.46875,0.15625,2.040563e+00,4.238859e-02,1.998175e+00
401.46875,401.625,0.15625,2.252928e+00,4.238859e-02,2.210539e+00
401.625,401.78125,0.15625,2.481422e+00,4.238859e-02,2.439034e+00
401.78125,401.9375,0.15625,2.699620e+00,4.238859e-02,2.657232e+00
401.9375,402.09375,0.15625,2.886137e+00,4.238859e-02,2.843748e+00
402.09375,402.25,0.15625,3.027013e+00,4.238859e-02,2.984624e+00
402.25,402.40625,0.15625,3.115787e+00,4.238859e-02,3.073398e+00
402.40625,402.5625,0.15625,3.140475e+00,4.238859e-02,3.098087e+00
402.5625,402.71875,0.15625,3.088966e+00,4.238859e-02,3.046578e+00
402.71875,402.875,0.15625,3.009701e+00,4.238859e-02,2.967312e+00
402.875,403.03125,0.15625,2.918592e+00,4.238859e-02,2.876203e+00
403.03125,403.1875,0.15625,2.834382e+00,4.238859e-02,2.791993e+00
403.1875,403.34375,0.15625,2.776054e+00,4.238859e-02,2.733665e+00
403.34375,403.5,0.15625,2.759000e+00,4.238859e-02,2.716611e+00
403.5,403.65625,0.15625,2.759000e+00,4.238859e-02,2.716611e+00
403.65625,403.8125,0.15625,2.791133e+00,4.238859e-02,2.748744e+00
403.8125,403.96875,0.15625,2.870389e+00,4.238859e-02,2.828000e+00
403.96875,404.125,0.15625,2.984596e+00,4.238859e-02,2.942208e+00
404.125,404.28125,0.15625,3.113750e+00,4.238859e-02,3.071362e+00
404.28125,404.4375,0.15625,3.233824e+00,4.238859e-02,3.191435e+00
404.4375,404.59375,0.15625,3.320856e+00,4.238859e-02,3.278467e+00
404.59375,404.75,0.15625,3.319295e+00,4.238859e-02,3.276906e+00
404.75,404.90625,0.15625,3.207884e+00,4.238859e-02,3.165495e+00
404.90625,405.0625,0.15625,3.019855e+00,4.238859e-02,2.977466e+00
405.0625,405.21875,0.15625,2.763111e+00,4.238859e-02,2.720722e+00
405.21875,405.375,0.15625,2.453559e+00,4.238859e-02,2.411170e+00
405.375,405.53125,0.15625,2.114102e+00,4.238859e-02,2.071713e+00
405.53125,405.6875,0.15625,1.772497e+00,4.238859e-02,1.730108e+00
405.6875,405.84375,0.15625,1.458248e+00,4.238859e-02,1.415859e+00
405.84375,406,0.15625,1.199030e+00,4.238859e-02,1.156641e+00
406,406.15625,0.15625,1.017306e+00,4.238859e-02,9.749177e-01
406.15625,406.3125,0.15625,9.276420e-01,4.238859e-02,8.852534e-01
406.3125,406.46875,0.15625,9.276420e-01,4.238859e-02,8.852534e-01
406.46875,406.625,0.15625,9.349452e-01,4.238859e-02,8.925566e-01
406.625,406.78125,0.15625,1.033722e+00,4.238859e-02,9.913336e-01
406.78125,406.9375,0.15625,1.208428e+00,4.238859e-02,1.166040e+00
406.9375,407.09375,0.15625,1.435125e+00,4.238859e-02,1.392737e+00
407.09375,407.25,0.15625,1.684642e+00,4.238859e-02,1.642254e+00
407.25,407.40625,0.15625,1.927127e+00,4.238859e-02,1.884738e+00
407.40625,407.5625,0.15625,2.137293e+00,4.238859e-02,2.094904e+00
407.5625,407.71875,0.15625,2.299071e+00,4.238859e-02,2.256682e+00
407.71875,407.875,0.15625,2.408148e+00,4.238859e-02,2.365759e+00
407.875,408.03125,0.15625,2.471315e+00,4.238859e-02,2.428927e+00
408.03125,408.1875,0.15625,2.502575e+00,4.238859e-02,2.460187e+00
408.1875,408.34375,0.15625,2.517238e+00,4.238859e-02,2.474849e+00
408.34375,408.5,0.15625,2.526153e+00,4.238859e-02,2.483764e+00
408.5,408.65625,0.15625,2.531092e+00,4.238859e-02,2.488703e+00
408.65625,408.8125,0.15625,2.514145e+00,4.238859e-02,2.471756e+00
408.8125,408.96875,0.15625,2.474916e+00,4.238859e-02,2.432528e+00
408.96875,409.125,0.15625,2.413618e+00,4.238859e-02,2.371229e+00
409.125,409.28125,0.15625,2.339235e+00,4.238859e-02,2.296846e+00
409.28125,409.4375,0.15625,2.267618e+00,4.238859e-02,2.225230e+00
409.4375,409.59375,0.15625,2.216331e+00,4.238859e-02,2.173942e+00
409.59375,409.75,0.15625,2.198296e+00,4.238859e-02,2.155907e+00
409.75,409.90625,0.15625,2.198296e+00,4.238859e-02,2.155907e+00
409.90625,410.0625,0.15625,2.216867e+00,4.238859e-02,2.174479e+00
410.0625,410.21875,0.15625,2.264362e+00,4.238859e-02,2.221974e+00
410.21875,410.375,0.15625,2.324752e+00,4.238859e-02,2.282363e+00
410.375,410.53125,0.15625,2.379497e+00,4.238859e-02,2.337109e+00
410.53125,410.6875,0.15625,2.414279e+00,4.238859e-02,2.371891e+00
410.6875,410.84375,0.15625,2.414063e+00,4.238859e-02,2.371674e+00
410.84375,411,0.15625,2.397707e+00,4.238859e-02,2.355319e+00
411,411.15625,0.15625,2.390266e+00,4.238859e-02,2.347877e+00
411.15625,411.3125,0.15625,2.390266e+00,4.238859e-02,2.347877e+00
411.3125,411.46875,0.15625,2.403059e+00,4.238859e-02,2.360671e+00
411.46875,411.625,0.15625,2.439212e+00,4.238859e-02,2.396824e+00
411.625,411.78125,0.15625,2.493053e+00,4.238859e-02,2.450664e+00
411.78125,411.9375,0.15625,2.553070e+00,4.238859e-02,2.510682e+00
411.9375,412.09375,0.15625,2.606904e+00,4.238859e-02,2.564515e+00
412.09375,412.25,0.15625,2.646000e+00,4.238859e-02,2.603612e+00
412.25,412.40625,0.15625,2.667869e+00,4.238859e-02,2.625481e+00
412.40625,412.5625,0.15625,2.671850e+00,4.238859e-02,2.629461e+00
412.5625,412.71875,0.15625,2.659937e+00,4.238859e-02,2.617548e+00
412.71875,412.875,0.15625,2.636499e+00,4.238859e-02,2.594111e+00
412.875,413.03125,0.15625,2.594899e+00,4.238859e-02,2.552511e+00
413.03125,413.1875,0.15625,2.528603e+00,4.238859e-02,2.486215e+00
413.1875,413.34375,0.15625,2.436531e+00,4.238859e-02,2.394142e+00
413.34375,413.5,0.15625,2.327488e+00,4.238859e-02,2.285100e+00
413.5,413.65625,0.15625,2.221548e+00,4.238859e-02,2.179159e+00
413.65625,413.8125,0.15625,2.147326e+00,4.238859e-02,2.104937e+00
413.8125,413.96875,0.15625,2.135574e+00,4.238859e-02,2.093186e+00
413.96875,414.125,0.15625,2.135574e+00,4.238859e-02,2.093186e+00
414.125,414.28125,0.15625,2.210807e+00,4.238859e-02,2.168418e+00
414.28125,414.4375,0.15625,2.383348e+00,4.238859e-02,2.340959e+00
414.4375,414.59375,0.15625,2.644123e+00,4.238859e-02,2.601734e+00
414.59375,414.75,0.15625,2.963797e+00,4.238859e-02,2.921409e+00
414.75,414.90625,0.15625,3.296740e+00,4.238859e-02,3.254351e+00
414.90625,415.0625,0.15625,3.589058e+00,4.238859e-02,3.546670e+00
415.0625,415.21875,0.15625,3.788897e+00,4.238859e-02,3.746508e+00
415.21875,415.375,0.15625,3.772184e+00,4.238859e-02,3.729796e+00
415.375,415.53125,0.15625,3.538784e+00,4.238859e-02,3.496395e+00
415.53125,415.6875,0.15625,3.180789e+00,4.238859e-02,3.138401e+00
415.6875,415.84375,0.15625,2.738102e+00,4.238859e-02,2.695714e+00
415.84375,416,0.15625,2.257878e+00,4.238859e-02,2.215489e+00
416,416.15625,0.15625,1.786153e+00,4.238859e-02,1.743764e+00
416.15625,416.3125,0.15625,1.361335e+00,4.238859e-02,1.318946e+00
416.3125,416.46875,0.15625,1.010720e+00,4.238859e-02,9.683317e-01
416.46875,416.625,0.15625,7.501242e-01,4.238859e-02,7.077357e-01
416.625,416.78125,0.15625,5.857804e-01,4.238859e-02,5.433918e-01
416.78125,416.9375,0.15625,5.171438e-01,4.238859e-02,4.747552e-01
416.9375,417.09375,0.15625,5.171438e-01,4.238859e-02,4.747552e-01
417.09375,417.25,0.15625,5.392673e-01,4.238859e-02,4.968787e-01
417.25,417.40625,0.15625,6.439110e-01,4.238859e-02,6.015224e-01
417.40625,417.5625,0.15625,8.193027e-01,4.238859e-02,7.769141e-01
417.5625,417.71875,0.15625,1.049202e+00,4.238859e-02,1.006814e+00
417.71875,417.875,0.15625,1.312379e+00,4.238859e-02,1.269991e+00
417.875,418.03125,0.15625,1.583589e+00,4.238859e-02,1.541200e+00
418.03125,418.1875,0.15625,1.836586e+00,4.238859e-02,1.794198e+00
418.1875,418.34375,0.15625,2.048830e+00,4.238859e-02,2.006442e+00
418.34375,418.5,0.15625,2.206599e+00,4.238859e-02,2.164210e+00
418.5,418.65625,0.15625,2.308746e+00,4.238859e-02,2.266357e+00
418.65625,418.8125,0.15625,2.367475e+00,4.238859e-02,2.325087e+00
418.8125,418.96875,0.15625,2.405416e+00,4.238859e-02,2.363028e+00
418.96875,419.125,0.15625,2.449544e+00,4.238859e-02,2.407156e+00
419.125,419.28125,0.15625,2.523669e+00,4.238859e-02,2.481281e+00
419.28125,419.4375,0.15625,2.641755e+00,4.238859e-02,2.599367e+00
419.4375,419.59375,0.15625,2.804041e+00,4.238859e-02,2.761652e+00
419.59375,419.75,0.15625,2.996947e+00,4.238859e-02,2.954558e+00
419.75,419.90625,0.15625,3.196508e+00,4.238859e-02,3.154120e+00
419.90625,420.0625,0.15625,3.374096e+00,4.238859e-02,3.331707e+00
420.0625,420.21875,0.15625,3.502787e+00,4.238859e-02,3.460398e+00
420.21875,420.375,0.15625,3.545840e+00,4.238859e-02,3.503451e+00
420.375,420.53125,0.15625,3.455485e+00,4.238859e-02,3.413096e+00
420.53125,420.6875,0.15625,3.307502e+00,4.238859e-02,3.265114e+00
420.6875,420.84375,0.15625,3.126190e+00,4.238859e-02,3.083801e+00
420.84375,421,0.15625,2.939511e+00,4.238859e-02,2.897123e+00
421,421.15625,0.15625,2.773059e+00,4.238859e-02,2.730671e+00
421.15625,421.3125,0.15625,2.644287e+00,4.238859e-02,2.601899e+00
421.3125,421.46875,0.15625,2.558644e+00,4.238859e-02,2.516256e+00
421.46875,421.625,0.15625,2.508982e+00,4.238859e-02,2.466593e+00
421.625,421.78125,0.15625,2.478741e+00,4.238859e-02,2.436352e+00
421.78125,421.9375,0.15625,2.448136e+00,4.238859e-02,2.405748e+00
421.9375,422.09375,0.15625,2.401389e+00,4.238859e-02,2.359000e+00
422.09375,422.25,0.15625,2.332527e+00,4.238859e-02,2.290138e+00
422.25,422.40625,0.15625,2.247675e+00,4.238859e-02,2.205287e+00
422.40625,422.5625,0.15625,2.162967e+00,4.238859e-02,2.120578e+00
422.5625,422.71875,0.15625,2.098816e+00,4.238859e-02,2.056427e+00
422.71875,422.875,0.15625,2.072635e+00,4.238859e-02,2.030246e+00
422.875,423.03125,0.15625,2.072635e+00,4.238859e-02,2.030246e+00
423.03125,423.1875,0.15625,2.092639e+00,4.238859e-02,2.050250e+00
423.1875,423.34375,0.15625,2.154962e+00,4.238859e-02,2.112574e+00
423.34375,423.5,0.15625,2.245069e+00,4.238859e-02,2.202681e+00
423.5,423.65625,0.15625,2.342802e+00,4.238859e-02,2.300413e+00
423.65625,423.8125,0.15625,2.429072e+00,4.238859e-02,2.386684e+00
423.8125,423.96875,0.15625,2.491600e+00,4.238859e-02,2.449211e+00
423.96875,424.125,0.15625,2.527523e+00,4.238859e-02,2.485134e+00
424.125,424.28125,0.15625,2.542009e+00,4.238859e-02,2.499620e+00
424.28125,424.4375,0.15625,2.538638e+00,4.238859e-02,2.496249e+00
424.4375,424.59375,0.15625,2.526552e+00,4.238859e-02,2.484164e+00
424.59375,424.75,0.15625,2.499210e+00,4.238859e-02,2.456821e+00
424.75,424.90625,0.15625,2.443535e+00,4.238859e-02,2.401147e+00
424.90625,425.0625,0.15625,2.347096e+00,4.238859e-02,2.304708e+00
425.0625,425.21875,0.15625,2.204214e+00,4.238859e-02,2.161826e+00
425.21875,425.375,0.15625,2.020334e+00,4.238859e-02,1.977945e+00
425.375,425.53125,0.15625,1.813076e+00,4.238859e-02,1.770687e+00
425.53125,425.6875,0.15625,1.609671e+00,4.238859e-02,1.567282e+00
425.6875,425.84375,0.15625,1.441643e+00,4.238859e-02,1.399255e+00
425.84375,426,0.15625,1.338360e+00,4.238859e-02,1.295972e+00
426,426.15625,0.15625,1.321113e+00,4.238859e-02,1.278724e+00
426.15625,426.3125,0.15625,1.321113e+00,4.238859e-02,1.278724e+00
426.3125,426.46875,0.15625,1.399053e+00,4.238859e-02,1.356664e+00
426.46875,426.625,0.15625,1.567662e+00,4.238859e-02,1.525273e+00
426.625,426.78125,0.15625,1.809831e+00,4.238859e-02,1.767442e+00
426.78125,426.9375,0.15625,2.099081e+00,4.238859e-02,2.056693e+00
426.9375,427.09375,0.15625,2.404085e+00,4.238859e-02,2.361696e+00
427.09375,427.25,0.15625,2.693394e+00,4.238859e-02,2.651006e+00
427.25,427.40625,0.15625,2.939358e+00,4.238859e-02,2.896969e+00
427.40625,427.5625,0.15625,3.120535e+00,4.238859e-02,3.078146e+00
427.5625,427.71875,0.15625,3.222529e+00,4.238859e-02,3.180140e+00
427.71875,427.875,0.15625,3.164897e+00,4.238859e-02,3.122508e+00
427.875,428.03125,0.15625,3.008846e+00,4.238859e-02,2.966457e+00
428.03125,428.1875,0.15625,2.781017e+00,4.238859e-02,2.738629e+00
428.1875,428.34375,0.15625,2.499816e+00,4.238859e-02,2.457428e+00
428.34375,428.5,0.15625,2.190347e+00,4.238859e-02,2.147958e+00
428.5,428.65625,0.15625,1.882788e+00,4.238859e-02,1.840399e+00
428.65625,428.8125,0.15625,1.609302e+00,4.238859e-02,1.566913e+00
428.8125,428.96875,0.15625,1.399924e+00,4.238859e-02,1.357535e+00
428.96875,429.125,0.15625,1.278281e+00,4.238859e-02,1.235892e+00
429.125,429.28125,0.15625,1.258057e+00,4.238859e-02,1.215668e+00
429.28125,429.4375,0.15625,1.258057e+00,4.238859e-02,1.215668e+00
429.4375,429.59375,0.15625,1.340969e+00,4.238859e-02,1.298580e+00
429.59375,429.75,0.15625,1.516683e+00,4.238859e-02,1.474294e+00
429.75,429.90625,0.15625,1.764769e+00,4.238859e-02,1.722381e+00
429.90625,430.0625,0.15625,2.058389e+00,4.238859e-02,2.016000e+00
430.0625,430.21875,0.15625,2.369008e+00,4.238859e-02,2.326619e+00
430.21875,430.375,0.15625,2.671112e+00,4.238859e-02,2.628724e+00
430.375,430.53125,0.15625,2.945778e+00,4.238859e-02,2.903389e+00
430.53125,430.6875,0.15625,3.182221e+00,4.238859e-02,3.139832e+00
430.6875,430.84375,0.15625,3.377045e+00,4.238859e-02,3.334657e+00
430.84375,431,0.15625,3.531660e+00,4.238859e-02,3.489271e+00
431,431.15625,0.15625,3.648895e+00,4.238859e-02,3.606506e+00
431.15625,431.3125,0.15625,3.730004e+00,4.238859e-02,3.687616e+00
431.3125,431.46875,0.15625,3.772548e+00,4.238859e-02,3.730160e+00
431.46875,431.625,0.15625,3.721774e+00,4.238859e-02,3.679385e+00
431.625,431.78125,0.15625,3.614731e+00,4.238859e-02,3.572342e+00
431.78125,431.9375,0.15625,3.449641e+00,4.238859e-02,3.407253e+00
431.9375,432.09375,0.15625,3.231661e+00,4.238859e-02,3.189272e+00
432.09375,432.25,0.15625,2.974509e+00,4.238859e-02,2.932120e+00
432.25,432.40625,0.15625,2.700186e+00,4.238859e-02,2.657797e+00
432.40625,432.5625,0.15625,2.436351e+00,4.238859e-02,2.393963e+00
432.5625,432.71875,0.15625,2.211528e+00,4.238859e-02,2.169139e+00
432.71875,432.875,0.15625,2.049049e+00,4.238859e-02,2.006660e+00
432.875,433.03125,0.15625,1.961276e+00,4.238859e-02,1.918888e+00
433.03125,433.1875,0.15625,1.945824e+00,4.238859e-02,1.903435e+00
433.1875,433.34375,0.15625,1.945824e+00,4.238859e-02,1.903435e+00
433.34375,433.5,0.15625,1.985142e+00,4.238859e-02,1.942753e+00
433.5,433.65625,0.15625,2.049948e+00,4.238859e-02,2.007560e+00
433.65625,433.8125,0.15625,2.105828e+00,4.238859e-02,2.063440e+00
433.8125,433.96875,0.15625,2.075586e+00,4.238859e-02,2.033198e+00
433.96875,434.125,0.15625,1.962891e+00,4.238859e-02,1.920502e+00
434.125,434.28125,0.15625,1.794074e+00,4.238859e-02,1.751686e+00
434.28125,434.4375,0.15625,1.593617e+00,4.238859e-02,1.551228e+00
434.4375,434.59375,0.15625,1.394096e+00,4.238859e-02,1.351707e+00
434.59375,434.75,0.15625,1.229303e+00,4.238859e-02,1.186915e+00
434.75,434.90625,0.15625,1.127662e+00,4.238859e-02,1.085273e+00
434.90625,435.0625,0.15625,1.107118e+00,4.238859e-02,1.064730e+00
435.0625,435.21875,0.15625,1.107118e+00,4.238859e-02,1.064730e+00
435.21875,435.375,0.15625,1.172221e+00,4.238859e-02,1.129833e+00
435.375,435.53125,0.15625,1.313640e+00,4.238859e-02,1.271251e+00
435.53125,435.6875,0.15625,1.510137e+00,4.238859e-02,1.467748e+00
435.6875,435.84375,0.15625,1.732775e+00,4.238859e-02,1.690386e+00
435.84375,436,0.15625,1.950777e+00,4.238859e-02,1.908389e+00
436,436.15625,0.15625,2.137986e+00,4.238859e-02,2.095598e+00
436.15625,436.3125,0.15625,2.278417e+00,4.238859e-02,2.236029e+00
436.3125,436.46875,0.15625,2.369337e+00,4.238859e-02,2.326948e+00
436.46875,436.625,0.15625,2.420810e+00,4.238859e-02,2.378421e+00
436.625,436.78125,0.15625,2.451690e+00,4.238859e-02,2.409301e+00
436.78125,436.9375,0.15625,2.483285e+00,4.238859e-02,2.440897e+00
436.9375,437.09375,0.15625,2.532778e+00,4.238859e-02,2.490390e+00
437.09375,437.25,0.15625,2.608561e+00,4.238859e-02,2.566172e+00
437.25,437.40625,0.15625,2.708862e+00,4.238859e-02,2.666473e+00
437.40625,437.5625,0.15625,2.823682e+00,4.238859e-02,2.781293e+00
437.5625,437.71875,0.15625,2.938827e+00,4.238859e-02,2.896438e+00
437.71875,437.875,0.15625,3.040219e+00,4.238859e-02,2.997831e+00
437.875,438.03125,0.15625,3.116966e+00,4.238859e-02,3.074577e+00
438.03125,438.1875,0.15625,3.162582e+00,4.238859e-02,3.120193e+00
438.1875,438.34375,0.15625,3.154867e+00,4.238859e-02,3.112478e+00
438.34375,438.5,0.15625,3.107100e+00,4.238859e-02,3.064711e+00
438.5,438.65625,0.15625,3.038673e+00,4.238859e-02,2.996284e+00
438.65625,438.8125,0.15625,2.959110e+00,4.238859e-02,2.916721e+00
438.8125,438.96875,0.15625,2.878755e+00,4.238859e-02,2.836366e+00
438.96875,439.125,0.15625,2.806116e+00,4.238859e-02,2.763727e+00
439.125,439.28125,0.15625,2.744861e+00,4.238859e-02,2.702472e+00
439.28125,439.4375,0.15625,2.691881e+00,4.238859e-02,2.649493e+00
439.4375,439.59375,0.15625,2.637740e+00,4.238859e-02,2.595351e+00
439.59375,439.75,0.15625,2.569934e+00,4.238859e-02,2.527545e+00
439.75,439.90625,0.15625,2.478111e+00,4.238859e-02,2.435722e+00
439.90625,440.0625,0.15625,2.359329e+00,4.238859e-02,2.316940e+00
440.0625,440.21875,0.15625,2.221213e+00,4.238859e-02,2.178824e+00
440.21875,440.375,0.15625,2.081531e+00,4.238859e-02,2.039142e+00
440.375,440.53125,0.15625,1.964052e+00,4.238859e-02,1.921664e+00
440.53125,440.6875,0.15625,1.891971e+00,4.238859e-02,1.849583e+00
440.6875,440.84375,0.15625,1.881098e+00,4.238859e-02,1.838709e+00
440.84375,441,0.15625,1.881098e+00,4.238859e-02,1.838709e+00
441,441.15625,0.15625,1.935140e+00,4.238859e-02,1.892752e+00
441.15625,441.3125,0.15625,2.044645e+00,4.238859e-02,2.002256e+00
441.3125,441.46875,0.15625,2.189888e+00,4.238859e-02,2.147499e+00
441.46875,441.625,0.15625,2.346619e+00,4.238859e-02,2.304231e+00
441.625,441.78125,0.15625,2.492600e+00,4.238859e-02,2.450212e+00
441.78125,441.9375,0.15625,2.612650e+00,4.238859e-02,2.570261e+00
441.9375,442.09375,0.15625,2.700610e+00,4.238859e-02,2.658221e+00
442.09375,442.25,0.15625,2.757914e+00,4.238859e-02,2.715525e+00
442.25,442.40625,0.15625,2.789852e+00,4.238859e-02,2.747464e+00
442.40625,442.5625,0.15625,2.795424e+00,4.238859e-02,2.753035e+00
442.5625,442.71875,0.15625,2.771624e+00,4.238859e-02,2.729235e+00
442.71875,442.875,0.15625,2.730138e+00,4.238859e-02,2.687750e+00
442.875,443.03125,0.15625,2.673800e+00,4.238859e-02,2.631411e+00
443.03125,443.1875,0.15625,2.609731e+00,4.238859e-02,2.567342e+00
443.1875,443.34375,0.15625,2.548163e+00,4.238859e-02,2.505774e+00
443.34375,443.5,0.15625,2.498757e+00,4.238859e-02,2.456369e+00
443.5,443.65625,0.15625,2.465962e+00,4.238859e-02,2.423574e+00
443.65625,443.8125,0.15625,2.445581e+00,4.238859e-02,2.403193e+00
443.8125,443.96875,0.15625,2.424357e+00,4.238859e-02,2.381968e+00
443.96875,444.125,0.15625,2.383133e+00,4.238859e-02,2.340744e+00
444.125,444.28125,0.15625,2.302642e+00,4.238859e-02,2.260253e+00
444.28125,444.4375,0.15625,2.169894e+00,4.238859e-02,2.127506e+00
444.4375,444.59375,0.15625,1.982954e+00,4.238859e-02,1.940565e+00
444.59375,444.75,0.15625,1.752616e+00,4.238859e-02,1.710227e+00
444.75,444.90625,0.15625,1.500727e+00,4.238859e-02,1.458339e+00
444.90625,445.0625,0.15625,1.256078e+00,4.238859e-02,1.213689e+00
445.0625,445.21875,0.15625,1.049363e+00,4.238859e-02,1.006974e+00
445.21875,445.375,0.15625,9.086391e-01,4.238859e-02,8.662505e-01
445.375,445.53125,0.15625,8.560400e-01,4.238859e-02,8.136514e-01
445.53125,445.6875,0.15625,8.560400e-01,4.238859e-02,8.136514e-01
445.6875,445.84375,0.15625,9.057716e-01,4.238859e-02,8.633830e-01
445.84375,446,0.15625,1.062936e+00,4.238859e-02,1.020547e+00
446,446.15625,0.15625,1.322703e+00,4.238859e-02,1.280314e+00
446.15625,446.3125,0.15625,1.669715e+00,4.238859e-02,1.627327e+00
446.3125,446.46875,0.15625,2.078083e+00,4.238859e-02,2.035694e+00
446.46875,446.625,0.15625,2.512598e+00,4.238859e-02,2.470209e+00
446.625,446.78125,0.15625,2.931726e+00,4.238859e-02,2.889337e+00
446.78125,446.9375,0.15625,3.292459e+00,4.238859e-02,3.250070e+00
446.9375,447.09375,0.15625,3.556486e+00,4.238859e-02,3.514097e+00
447.09375,447.25,0.15625,3.696572e+00,4.238859e-02,3.654183e+00
447.25,447.40625,0.15625,3.579964e+00,4.238859e-02,3.537576e+00
447.40625,447.5625,0.15625,3.357524e+00,4.238859e-02,3.315136e+00
447.5625,447.71875,0.15625,3.074923e+00,4.238859e-02,3.032534e+00
447.71875,447.875,0.15625,2.779994e+00,4.238859e-02,2.737605e+00
447.875,448.03125,0.15625,2.519559e+00,4.238859e-02,2.477170e+00
448.03125,448.1875,0.15625,2.331353e+00,4.238859e-02,2.288965e+00
448.1875,448.34375,0.15625,2.237968e+00,4.238859e-02,2.195579e+00
448.34375,448.5,0.15625,2.237968e+00,4.238859e-02,2.195579e+00
448.5,448.65625,0.15625,2.244105e+00,4.238859e-02,2.201717e+00
448.65625,448.8125,0.15625,2.337638e+00,4.238859e-02,2.295250e+00
448.8125,448.96875,0.15625,2.493975e+00,4.238859e-02,2.451586e+00
448.96875,449.125,0.15625,2.682369e+00,4.238859e-02,2.639980e+00
449.125,449.28125,0.15625,2.872390e+00,4.238859e-02,2.830001e+00
449.28125,449.4375,0.15625,3.038941e+00,4.238859e-02,2.996553e+00
449.4375,449.59375,0.15625,3.164945e+00,4.238859e-02,3.122557e+00
449.59375,449.75,0.15625,3.241765e+00,4.238859e-02,3.199377e+00
449.75,449.90625,0.15625,3.248767e+00,4.238859e-02,3.206379e+00
449.90625,450.0625,0.15625,3.192661e+00,4.238859e-02,3.150272e+00
450.0625,450.21875,0.15625,3.111983e+00,4.238859e-02,3.069594e+00
450.21875,450.375,0.15625,3.020109e+00,4.238859e-02,2.977720e+00
450.375,450.53125,0.15625,2.929027e+00,4.238859e-02,2.886638e+00
450.53125,450.6875,0.15625,2.846190e+00,4.238859e-02,2.803801e+00
450.6875,450.84375,0.15625,2.771855e+00,4.238859e-02,2.729466e+00
450.84375,451,0.15625,2.698189e+00,4.238859e-02,2.655800e+00
451,451.15625,0.15625,2.611024e+00,4.238859e-02,2.568636e+00
451.15625,451.3125,0.15625,2.494109e+00,4.238859e-02,2.451720e+00
451.3125,451.46875,0.15625,2.334612e+00,4.238859e-02,2.292224e+00
451.46875,451.625,0.15625,2.128028e+00,4.238859e-02,2.085639e+00
451.625,451.78125,0.15625,1.880800e+00,4.238859e-02,1.838411e+00
451.78125,451.9375,0.15625,1.609914e+00,4.238859e-02,1.567526e+00
451.9375,452.09375,0.15625,1.339818e+00,4.238859e-02,1.297430e+00
452.09375,452.25,0.15625,1.097875e+00,4.238859e-02,1.055486e+00
452.25,452.40625,0.15625,9.097942e-01,4.238859e-02,8.674056e-01
452.40625,452.5625,0.15625,7.960750e-01,4.238859e-02,7.536864e-01
452.5625,452.71875,0.15625,7.698296e-01,4.238859e-02,7.274411e-01
452.71875,452.875,0.15625,7.698296e-01,4.238859e-02,7.274411e-01
452.875,453.03125,0.15625,8.358023e-01,4.238859e-02,7.934137e-01
453.03125,453.1875,0.15625,9.901893e-01,4.238859e-02,9.478007e-01
453.1875,453.34375,0.15625,1.221037e+00,4.238859e-02,1.178649e+00
453.34375,453.5,0.15625,1.509295e+00,4.238859e-02,1.466907e+00
453.5,453.65625,0.15625,1.830734e+00,4.238859e-02,1.788345e+00
453.65625,453.8125,0.15625,2.158782e+00,4.238859e-02,2.116393e+00
453.8125,453.96875,0.15625,2.467909e+00,4.238859e-02,2.425520e+00
453.96875,454.125,0.15625,2.736799e+00,4.238859e-02,2.694410e+00
454.125,454.28125,0.15625,2.950502e+00,4.238859e-02,2.908114e+00
454.28125,454.4375,0.15625,3.101109e+00,4.238859e-02,3.058721e+00
454.4375,454.59375,0.15625,3.187121e+00,4.238859e-02,3.144732e+00
454.59375,454.75,0.15625,3.184154e+00,4.238859e-02,3.141766e+00
454.75,454.90625,0.15625,3.114208e+00,4.238859e-02,3.071820e+00
454.90625,455.0625,0.15625,3.016693e+00,4.238859e-02,2.974305e+00
455.0625,455.21875,0.15625,2.907947e+00,4.238859e-02,2.865559e+00
455.21875,455.375,0.15625,2.804105e+00,4.238859e-02,2.761717e+00
455.375,455.53125,0.15625,2.717837e+00,4.238859e-02,2.675448e+00
455.53125,455.6875,0.15625,2.655083e+00,4.238859e-02,2.612694e+00
455.6875,455.84375,0.15625,2.613312e+00,4.238859e-02,2.570924e+00
455.84375,456,0.15625,2.582518e+00,4.238859e-02,2.540130e+00
456,456.15625,0.15625,2.549096e+00,4.238859e-02,2.506707e+00
456.15625,456.3125,0.15625,2.501418e+00,4.238859e-02,2.459030e+00
456.3125,456.46875,0.15625,2.434981e+00,4.238859e-02,2.392593e+00
456.46875,456.625,0.15625,2.354940e+00,4.238859e-02,2.312552e+00
456.625,456.78125,0.15625,2.274810e+00,4.238859e-02,2.232421e+00
456.78125,456.9375,0.15625,2.211639e+00,4.238859e-02,2.169250e+00
456.9375,457.09375,0.15625,2.179443e+00,4.238859e-02,2.137055e+00
457.09375,457.25,0.15625,2.179443e+00,4.238859e-02,2.137055e+00
457.25,457.40625,0.15625,2.183478e+00,4.238859e-02,2.141090e+00
457.40625,457.5625,0.15625,2.217680e+00,4.238859e-02,2.175292e+00
457.5625,457.71875,0.15625,2.266442e+00,4.238859e-02,2.224053e+00
457.71875,457.875,0.15625,2.310237e+00,4.238859e-02,2.267848e+00
457.875,458.03125,0.15625,2.329490e+00,4.238859e-02,2.287102e+00
458.03125,458.1875,0.15625,2.307360e+00,4.238859e-02,2.264971e+00
458.1875,458.34375,0.15625,2.287268e+00,4.238859e-02,2.244879e+00
458.34375,458.5,0.15625,2.287268e+00,4.238859e-02,2.244879e+00
458.5,458.65625,0.15625,2.296589e+00,4.238859e-02,2.254201e+00
458.65625,458.8125,0.15625,2.361210e+00,4.238859e-02,2.318821e+00
458.8125,458.96875,0.15625,2.497004e+00,4.238859e-02,2.454615e+00
458.96875,459.125,0.15625,2.703654e+00,4.238859e-02,2.661266e+00
459.125,459.28125,0.15625,2.962584e+00,4.238859e-02,2.920195e+00
459.28125,459.4375,0.15625,3.239529e+00,4.238859e-02,3.197140e+00
459.4375,459.59375,0.15625,3.491044e+00,4.238859e-02,3.448655e+00
459.59375,459.75,0.15625,3.673270e+00,4.238859e-02,3.630881e+00
459.75,459.90625,0.15625,3.704226e+00,4.238859e-02,3.661837e+00
459.90625,460.0625,0.15625,3.533271e+00,4.238859e-02,3.490882e+00
460.0625,460.21875,0.15625,3.257656e+00,4.238859e-02,3.215267e+00
460.21875,460.375,0.15625,2.913101e+00,4.238859e-02,2.870712e+00
460.375,460.53125,0.15625,2.544993e+00,4.238859e-02,2.502604e+00
460.53125,460.6875,0.15625,2.200473e+00,4.238859e-02,2.158085e+00
460.6875,460.84375,0.15625,1.920475e+00,4.238859e-02,1.878086e+00
460.84375,461,0.15625,1.733042e+00,4.238859e-02,1.690653e+00
461,461.15625,0.15625,1.649019e+00,4.238859e-02,1.606631e+00
461.15625,461.3125,0.15625,1.649019e+00,4.238859e-02,1.606631e+00
461.3125,461.46875,0.15625,1.660791e+00,4.238859e-02,1.618402e+00
461.46875,461.625,0.15625,1.744335e+00,4.238859e-02,1.701947e+00
461.625,461.78125,0.15625,1.864335e+00,4.238859e-02,1.821946e+00
461.78125,461.9375,0.15625,1.981522e+00,4.238859e-02,1.939134e+00
461.9375,462.09375,0.15625,2.060895e+00,4.238859e-02,2.018506e+00
462.09375,462.25,0.15625,2.029046e+00,4.238859e-02,1.986658e+00
462.25,462.40625,0.15625,1.921325e+00,4.238859e-02,1.878937e+00
462.40625,462.5625,0.15625,1.780853e+00,4.238859e-02,1.738465e+00
462.5625,462.71875,0.15625,1.640760e+00,4.238859e-02,1.598371e+00
462.71875,462.875,0.15625,1.534299e+00,4.238859e-02,1.491911e+00
462.875,463.03125,0.15625,1.486975e+00,4.238859e-02,1.444586e+00
463.03125,463.1875,0.15625,1.486975e+00,4.238859e-02,1.444586e+00
463.1875,463.34375,0.15625,1.510681e+00,4.238859e-02,1.468292e+00
463.34375,463.5,0.15625,1.601185e+00,4.238859e-02,1.558796e+00
463.5,463.65625,0.15625,1.739507e+00,4.238859e-02,1.697119e+00
463.65625,463.8125,0.15625,1.896898e+00,4.238859e-02,1.854510e+00
463.8125,463.96875,0.15625,2.042258e+00,4.238859e-02,1.999870e+00
463.96875,464.125,0.15625,2.150195e+00,4.238859e-02,2.107806e+00
464.125,464.28125,0.15625,2.207618e+00,4.238859e-02,2.165229e+00
464.28125,464.4375,0.15625,2.195568e+00,4.238859e-02,2.153180e+00
464.4375,464.59375,0.15625,2.169941e+00,4.238859e-02,2.127552e+00
464.59375,464.75,0.15625,2.168931e+00,4.238859e-02,2.126542e+00
464.75,464.90625,0.15625,2.168931e+00,4.238859e-02,2.126542e+00
464.90625,465.0625,0.15625,2.215584e+00,4.238859e-02,2.173196e+00
465.0625,465.21875,0.15625,2.321497e+00,4.238859e-02,2.279109e+00
465.21875,465.375,0.15625,2.484707e+00,4.238859e-02,2.442318e+00
465.375,465.53125,0.15625,2.691449e+00,4.238859e-02,2.649061e+00
465.53125,465.6875,0.15625,2.920775e+00,4.238859e-02,2.878386e+00
465.6875,465.84375,0.15625,3.150191e+00,4.238859e-02,3.107803e+00
465.84375,466,0.15625,3.360458e+00,4.238859e-02,3.318069e+00
466,466.15625,0.15625,3.538248e+00,4.238859e-02,3.495859e+00
466.15625,466.3125,0.15625,3.676383e+00,4.238859e-02,3.633995e+00
466.3125,466.46875,0.15625,3.772187e+00,4.238859e-02,3.729798e+00
466.46875,466.625,0.15625,3.824997e+00,4.238859e-02,3.782608e+00
466.625,466.78125,0.15625,3.796385e+00,4.238859e-02,3.753997e+00
466.78125,466.9375,0.15625,3.708436e+00,4.238859e-02,3.666047e+00
466.9375,467.09375,0.15625,3.565773e+00,4.238859e-02,3.523384e+00
467.09375,467.25,0.15625,3.366202e+00,4.238859e-02,3.323813e+00
467.25,467.40625,0.15625,3.112310e+00,4.238859e-02,3.069921e+00
467.40625,467.5625,0.15625,2.813759e+00,4.238859e-02,2.771371e+00
467.5625,467.71875,0.15625,2.488331e+00,4.238859e-02,2.445943e+00
467.71875,467.875,0.15625,2.161090e+00,4.238859e-02,2.118701e+00
467.875,468.03125,0.15625,1.861521e+00,4.238859e-02,1.819133e+00
468.03125,468.1875,0.15625,1.619078e+00,4.238859e-02,1.576690e+00
468.1875,468.34375,0.15625,1.458055e+00,4.238859e-02,1.415667e+00
468.34375,468.5,0.15625,1.392968e+00,4.238859e-02,1.350580e+00
468.5,468.65625,0.15625,1.392968e+00,4.238859e-02,1.350580e+00
468.65625,468.8125,0.15625,1.425539e+00,4.238859e-02,1.383151e+00
468.8125,468.96875,0.15625,1.544099e+00,4.238859e-02,1.501711e+00
468.96875,469.125,0.15625,1.725702e+00,4.238859e-02,1.683313e+00
469.125,469.28125,0.15625,1.940645e+00,4.238859e-02,1.898256e+00
469.28125,469.4375,0.15625,2.158417e+00,4.238859e-02,2.116029e+00
469.4375,469.59375,0.15625,2.353584e+00,4.238859e-02,2.311195e+00
469.59375,469.75,0.15625,2.509940e+00,4.238859e-02,2.467551e+00
469.75,469.90625,0.15625,2.621681e+00,4.238859e-02,2.579292e+00
469.90625,470.0625,0.15625,2.691296e+00,4.238859e-02,2.648907e+00
470.0625,470.21875,0.15625,2.725090e+00,4.238859e-02,2.682702e+00
470.21875,470.375,0.15625,2.701378e+00,4.238859e-02,2.658989e+00
470.375,470.53125,0.15625,2.640474e+00,4.238859e-02,2.598085e+00
470.53125,470.6875,0.15625,2.539595e+00,4.238859e-02,2.497207e+00
470.6875,470.84375,0.15625,2.395815e+00,4.238859e-02,2.353426e+00
470.84375,471,0.15625,2.213852e+00,4.238859e-02,2.171464e+00
471,471.15625,0.15625,2.008545e+00,4.238859e-02,1.966157e+00
471.15625,471.3125,0.15625,1.803982e+00,4.238859e-02,1.761593e+00
471.3125,471.46875,0.15625,1.629423e+00,4.238859e-02,1.587035e+00
471.46875,471.625,0.15625,1.513232e+00,4.238859e-02,1.470843e+00
471.625,471.78125,0.15625,1.476597e+00,4.238859e-02,1.434209e+00
471.78125,471.9375,0.15625,1.476597e+00,4.238859e-02,1.434209e+00
471.9375,472.09375,0.15625,1.528812e+00,4.238859e-02,1.486424e+00
472.09375,472.25,0.15625,1.665300e+00,4.238859e-02,1.622912e+00
472.25,472.40625,0.15625,1.868786e+00,4.238859e-02,1.826397e+00
472.40625,472.5625,0.15625,2.113151e+00,4.238859e-02,2.070763e+00
472.5625,472.71875,0.15625,2.368826e+00,4.238859e-02,2.326438e+00
472.71875,472.875,0.15625,2.608156e+00,4.238859e-02,2.565767e+00
472.875,473.03125,0.15625,2.809319e+00,4.238859e-02,2.766931e+00
473.03125,473.1875,0.15625,2.957951e+00,4.238859e-02,2.915563e+00
473.1875,473.34375,0.15625,3.046535e+00,4.238859e-02,3.004146e+00
473.34375,473.5,0.15625,3.036734e+00,4.238859e-02,2.994345e+00
473.5,473.65625,0.15625,2.942631e+00,4.238859e-02,2.900243e+00
473.65625,473.8125,0.15625,2.797569e+00,4.238859e-02,2.755181e+00
473.8125,473.96875,0.15625,2.614391e+00,4.238859e-02,2.572002e+00
473.96875,474.125,0.15625,2.412468e+00,4.238859e-02,2.370080e+00
474.125,474.28125,0.15625,2.216725e+00,4.238859e-02,2.174336e+00
474.28125,474.4375,0.15625,2.054166e+00,4.238859e-02,2.011777e+00
474.4375,474.59375,0.15625,1.948600e+00,4.238859e-02,1.906211e+00
474.59375,474.75,0.15625,1.915141e+00,4.238859e-02,1.872752e+00
474.75,474.90625,0.15625,1.915141e+00,4.238859e-02,1.872752e+00
474.90625,475.0625,0.15625,1.956426e+00,4.238859e-02,1.914038e+00
475.0625,475.21875,0.15625,2.061973e+00,4.238859e-02,2.019585e+00
475.21875,475.375,0.15625,2.211059e+00,4.238859e-02,2.168670e+00
475.375,475.53125,0.15625,2.378224e+00,4.238859e-02,2.335835e+00
475.53125,475.6875,0.15625,2.539562e+00,4.238859e-02,2.497173e+00
475.6875,475.84375,0.15625,2.677708e+00,4.238859e-02,2.635320e+00
475.84375,476,0.15625,2.784025e+00,4.238859e-02,2.741637e+00
476,476.15625,0.15625,2.857673e+00,4.238859e-02,2.815284e+00
476.15625,476.3125,0.15625,2.902551e+00,4.238859e-02,2.860163e+00
476.3125,476.46875,0.15625,2.923887e+00,4.238859e-02,2.881499e+00
476.46875,476.625,0.15625,2.913119e+00,4.238859e-02,2.870731e+00
476.625,476.78125,0.15625,2.889481e+00,4.238859e-02,2.847092e+00
476.78125,476.9375,0.15625,2.862747e+00,4.238859e-02,2.820359e+00
476.9375,477.09375,0.15625,2.843716e+00,4.238859e-02,2.801328e+00
477.09375,477.25,0.15625,2.843716e+00,4.238859e-02,2.801328e+00
477.25,477.40625,0.15625,2.844799e+00,4.238859e-02,2.802410e+00
477.40625,477.5625,0.15625,2.876556e+00,4.238859e-02,2.834167e+00
477.5625,477.71875,0.15625,2.943815e+00,4.238859e-02,2.901427e+00
477.71875,477.875,0.15625,3.042982e+00,4.238859e-02,3.000593e+00
477.875,478.03125,0.15625,3.161613e+00,4.238859e-02,3.119225e+00
478.03125,478.1875,0.15625,3.280352e+00,4.238859e-02,3.237964e+00
478.1875,478.34375,0.15625,3.376412e+00,4.238859e-02,3.334023e+00
478.34375,478.5,0.15625,3.415081e+00,4.238859e-02,3.372692e+00
478.5,478.65625,0.15625,3.327060e+00,4.238859e-02,3.284671e+00
478.65625,478.8125,0.15625,3.159048e+00,4.238859e-02,3.116660e+00
478.8125,478.96875,0.15625,2.915157e+00,4.238859e-02,2.872768e+00
478.96875,479.125,0.15625,2.607798e+00,4.238859e-02,2.565409e+00
479.125,479.28125,0.15625,2.256508e+00,4.238859e-02,2.214120e+00
479.28125,479.4375,0.15625,1.885710e+00,4.238859e-02,1.843322e+00
479.4375,479.59375,0.15625,1.521666e+00,4.238859e-02,1.479278e+00
479.59375,479.75,0.15625,1.189257e+00,4.238859e-02,1.146868e+00
479.75,479.90625,0.15625,9.093622e-01,4.238859e-02,8.669736e-01
479.90625,480.0625,0.15625,6.974256e-01,4.238859e-02,6.550370e-01
480.0625,480.21875,0.15625,5.633141e-01,4.238859e-02,5.209255e-01
480.21875,480.375,0.15625,5.120565e-01,4.238859e-02,4.696679e-01
480.375,480.53125,0.15625,5.120565e-01,4.238859e-02,4.696679e-01
480.53125,480.6875,0.15625,5.447492e-01,4.238859e-02,5.023606e-01
480.6875,480.84375,0.15625,6.589803e-01,4.238859e-02,6.165918e-01
480.84375,481,0.15625,8.485307e-01,4.238859e-02,8.061421e-01
481,481.15625,0.15625,1.102645e+00,4.238859e-02,1.060257e+00
481.15625,481.3125,0.15625,1.405573e+00,4.238859e-02,1.363185e+00
481.3125,481.46875,0.15625,1.737119e+00,4.238859e-02,1.694730e+00
481.46875,481.625,0.15625,2.074578e+00,4.238859e-02,2.032189e+00
481.625,481.78125,0.15625,2.395797e+00,4.238859e-02,2.353408e+00
481.78125,481.9375,0.15625,2.682499e+00,4.238859e-02,2.640110e+00
481.9375,482.09375,0.15625,2.922785e+00,4.238859e-02,2.880396e+00
482.09375,482.25,0.15625,3.111991e+00,4.238859e-02,3.069602e+00
482.25,482.40625,0.15625,3.251745e+00,4.238859e-02,3.209357e+00
482.40625,482.5625,0.15625,3.347757e+00,4.238859e-02,3.305368e+00
482.5625,482.71875,0.15625,3.407230e+00,4.238859e-02,3.364841e+00
482.71875,482.875,0.15625,3.436724e+00,4.238859e-02,3.394335e+00
482.875,483.03125,0.15625,3.421466e+00,4.238859e-02,3.379077e+00
483.03125,483.1875,0.15625,3.378060e+00,4.238859e-02,3.335671e+00
483.1875,483.34375,0.15625,3.307821e+00,4.238859e-02,3.265432e+00
483.34375,483.5,0.15625,3.207063e+00,4.238859e-02,3.164674e+00
483.5,483.65625,0.15625,3.073283e+00,4.238859e-02,3.030894e+00
483.65625,483.8125,0.15625,2.907895e+00,4.238859e-02,2.865506e+00
483.8125,483.96875,0.15625,2.718788e+00,4.238859e-02,2.676399e+00
483.96875,484.125,0.15625,2.521520e+00,4.238859e-02,2.479131e+00
484.125,484.28125,0.15625,2.338155e+00,4.238859e-02,2.295766e+00
484.28125,484.4375,0.15625,2.193538e+00,4.238859e-02,2.151149e+00
484.4375,484.59375,0.15625,2.109820e+00,4.238859e-02,2.067431e+00
484.59375,484.75,0.15625,2.100896e+00,4.238859e-02,2.058507e+00
484.75,484.90625,0.15625,2.100896e+00,4.238859e-02,2.058507e+00
484.90625,485.0625,0.15625,2.168608e+00,4.238859e-02,2.126219e+00
485.0625,485.21875,0.15625,2.301985e+00,4.238859e-02,2.259596e+00
485.21875,485.375,0.15625,2.479718e+00,4.238859e-02,2.437330e+00
485.375,485.53125,0.15625,2.674901e+00,4.238859e-02,2.632512e+00
485.53125,485.6875,0.15625,2.860335e+00,4.238859e-02,2.817946e+00
485.6875,485.84375,0.15625,3.012754e+00,4.238859e-02,2.970365e+00
485.84375,486,0.15625,3.115010e+00,4.238859e-02,3.072621e+00
486,486.15625,0.15625,3.131620e+00,4.238859e-02,3.089231e+00
486.15625,486.3125,0.15625,3.040869e+00,4.238859e-02,2.998480e+00
486.3125,486.46875,0.15625,2.889533e+00,4.238859e-02,2.847145e+00
486.46875,486.625,0.15625,2.689501e+00,4.238859e-02,2.647112e+00
486.625,486.78125,0.15625,2.459798e+00,4.238859e-02,2.417410e+00
486.78125,486.9375,0.15625,2.225823e+00,4.238859e-02,2.183434e+00
486.9375,487.09375,0.15625,2.016403e+00,4.238859e-02,1.974014e+00
487.09375,487.25,0.15625,1.858906e+00,4.238859e-02,1.816518e+00
487.25,487.40625,0.15625,1.773579e+00,4.238859e-02,1.731191e+00
487.40625,487.5625,0.15625,1.768827e+00,4.238859e-02,1.726439e+00
487.5625,487.71875,0.15625,1.768827e+00,4.238859e-02,1.726439e+00
487.71875,487.875,0.15625,1.839070e+00,4.238859e-02,1.796681e+00
487.875,488.03125,0.15625,1.966075e+00,4.238859e-02,1.923686e+00
488.03125,488.1875,0.15625,2.123581e+00,4.238859e-02,2.081192e+00
488.1875,488.34375,0.15625,2.283898e+00,4.238859e-02,2.241510e+00
488.34375,488.5,0.15625,2.424445e+00,4.238859e-02,2.382057e+00
488.5,488.65625,0.15625,2.532116e+00,4.238859e-02,2.489728e+00
488.65625,488.8125,0.15625,2.604128e+00,4.238859e-02,2.561740e+00
488.8125,488.96875,0.15625,2.645280e+00,4.238859e-02,2.602891e+00
488.96875,489.125,0.15625,2.662159e+00,4.238859e-02,2.619771e+00
489.125,489.28125,0.15625,2.642617e+00,4.238859e-02,2.600229e+00
489.28125,489.4375,0.15625,2.599456e+00,4.238859e-02,2.557068e+00
489.4375,489.59375,0.15625,2.526850e+00,4.238859e-02,2.484461e+00
489.59375,489.75,0.15625,2.423077e+00,4.238859e-02,2.380689e+00
489.75,489.90625,0.15625,2.294553e+00,4.238859e-02,2.252165e+00
489.90625,490.0625,0.15625,2.156820e+00,4.238859e-02,2.114432e+00
490.0625,490.21875,0.15625,2.031715e+00,4.238859e-02,1.989327e+00
490.21875,490.375,0.15625,1.941471e+00,4.238859e-02,1.899082e+00
490.375,490.53125,0.15625,1.901740e+00,4.238859e-02,1.859352e+00
490.53125,490.6875,0.15625,1.901740e+00,4.238859e-02,1.859352e+00
490.6875,490.84375,0.15625,1.916021e+00,4.238859e-02,1.873632e+00
490.84375,491,0.15625,1.973514e+00,4.238859e-02,1.931125e+00
491,491.15625,0.15625,2.051348e+00,4.238859e-02,2.008960e+00
491.15625,491.3125,0.15625,2.120660e+00,4.238859e-02,2.078272e+00
491.3125,491.46875,0.15625,2.137134e+00,4.238859e-02,2.094745e+00
491.46875,491.625,0.15625,2.066532e+00,4.238859e-02,2.024144e+00
491.625,491.78125,0.15625,1.958399e+00,4.238859e-02,1.916010e+00
491.78125,491.9375,0.15625,1.841620e+00,4.238859e-02,1.799232e+00
491.9375,492.09375,0.15625,1.751988e+00,4.238859e-02,1.709599e+00
492.09375,492.25,0.15625,1.723977e+00,4.238859e-02,1.681589e+00
492.25,492.40625,0.15625,1.723977e+00,4.238859e-02,1.681589e+00
492.40625,492.5625,0.15625,1.782891e+00,4.238859e-02,1.740502e+00
492.5625,492.71875,0.15625,1.939099e+00,4.238859e-02,1.896710e+00
492.71875,492.875,0.15625,2.185460e+00,4.238859e-02,2.143072e+00
492.875,493.03125,0.15625,2.498258e+00,4.238859e-02,2.455869e+00
493.03125,493.1875,0.15625,2.841282e+00,4.238859e-02,2.798894e+00
493.1875,493.34375,0.15625,3.172175e+00,4.238859e-02,3.129786e+00
493.34375,493.5,0.15625,3.449836e+00,4.238859e-02,3.407447e+00
493.5,493.65625,0.15625,3.641572e+00,4.238859e-02,3.599183e+00
493.65625,493.8125,0.15625,3.709785e+00,4.238859e-02,3.667397e+00
493.8125,493.96875,0.15625,3.600239e+00,4.238859e-02,3.557850e+00
493.96875,494.125,0.15625,3.429235e+00,4.238859e-02,3.386846e+00
494.125,494.28125,0.15625,3.233458e+00,4.238859e-02,3.191069e+00
494.28125,494.4375,0.15625,3.049571e+00,4.238859e-02,3.007182e+00
494.4375,494.59375,0.15625,2.906933e+00,4.238859e-02,2.864544e+00
494.59375,494.75,0.15625,2.822394e+00,4.238859e-02,2.780006e+00
494.75,494.90625,0.15625,2.798454e+00,4.238859e-02,2.756066e+00
494.90625,495.0625,0.15625,2.798454e+00,4.238859e-02,2.756066e+00
495.0625,495.21875,0.15625,2.825034e+00,4.238859e-02,2.782645e+00
495.21875,495.375,0.15625,2.883943e+00,4.238859e-02,2.841554e+00
495.375,495.53125,0.15625,2.954267e+00,4.238859e-02,2.911878e+00
495.53125,495.6875,0.15625,3.016778e+00,4.238859e-02,2.974390e+00
495.6875,495.84375,0.15625,3.056195e+00,4.238859e-02,3.013806e+00
495.84375,496,0.15625,3.023582e+00,4.238859e-02,2.981193e+00
496,496.15625,0.15625,2.936988e+00,4.238859e-02,2.894599e+00
496.15625,496.3125,0.15625,2.797892e+00,4.238859e-02,2.755504e+00
496.3125,496.46875,0.15625,2.607261e+00,4.238859e-02,2.564872e+00
496.46875,496.625,0.15625,2.372941e+00,4.238859e-02,2.330552e+00
496.625,496.78125,0.15625,2.111081e+00,4.238859e-02,2.068692e+00
496.78125,496.9375,0.15625,1.845505e+00,4.238859e-02,1.803117e+00
496.9375,497.09375,0.15625,1.604697e+00,4.238859e-02,1.562308e+00
497.09375,497.25,0.15625,1.416929e+00,4.238859e-02,1.374540e+00
497.25,497.40625,0.15625,1.304724e+00,4.238859e-02,1.262336e+00
497.40625,497.5625,0.15625,1.279987e+00,4.238859e-02,1.237598e+00
497.5625,497.71875,0.15625,1.279987e+00,4.238859e-02,1.237598e+00
497.71875,497.875,0.15625,1.340973e+00,4.238859e-02,1.298584e+00
497.875,498.03125,0.15625,1.471871e+00,4.238859e-02,1.429482e+00
498.03125,498.1875,0.15625,1.645273e+00,4.238859e-02,1.602884e+00
498.1875,498.34375,0.15625,1.827274e+00,4.238859e-02,1.784885e+00
498.34375,498.5,0.15625,1.984342e+00,4.238859e-02,1.941953e+00
498.5,498.65625,0.15625,2.090527e+00,4.238859e-02,2.048139e+00
498.65625,498.8125,0.15625,2.116089e+00,4.238859e-02,2.073700e+00
498.8125,498.96875,0.15625,2.057400e+00,4.238859e-02,2.015011e+00
498.96875,499.125,0.15625,1.985258e+00,4.238859e-02,1.942869e+00
499.125,499.28125,0.15625,1.929716e+00,4.238859e-02,1.887327e+00
499.28125,499.4375,0.15625,1.914777e+00,4.238859e-02,1.872388e+00
499.4375,499.59375,0.15625,1.914777e+00,4.238859e-02,1.872388e+00
499.59375,499.75,0.15625,1.952415e+00,4.238859e-02,1.910026e+00
499.75,499.90625,0.15625,2.040421e+00,4.238859e-02,1.998033e+00
499.90625,500.0625,0.15625,2.164686e+00,4.238859e-02,2.122297e+00
500.0625,500.21875,0.15625,2.305039e+00,4.238859e-02,2.262651e+00
500.21875,500.375,0.15625,2.442630e+00,4.238859e-02,2.400241e+00
500.375,500.53125,0.15625,2.566270e+00,4.238859e-02,2.523882e+00
500.53125,500.6875,0.15625,2.675564e+00,4.238859e-02,2.633175e+00
500.6875,500.84375,0.15625,2.779767e+00,4.238859e-02,2.737379e+00
500.84375,501,0.15625,2.892877e+00,4.238859e-02,2.850489e+00
501,501.15625,0.15625,3.026775e+00,4.238859e-02,2.984387e+00
501.15625,501.3125,0.15625,3.184890e+00,4.238859e-02,3.142502e+00
501.3125,501.46875,0.15625,3.358562e+00,4.238859e-02,3.316174e+00
501.46875,501.625,0.15625,3.527261e+00,4.238859e-02,3.484872e+00
501.625,501.78125,0.15625,3.662483e+00,4.238859e-02,3.620094e+00
501.78125,501.9375,0.15625,3.717059e+00,4.238859e-02,3.674671e+00
501.9375,502.09375,0.15625,3.597545e+00,4.238859e-02,3.555156e+00
502.09375,502.25,0.15625,3.375991e+00,4.238859e-02,3.333602e+00
502.25,502.40625,0.15625,3.067838e+00,4.238859e-02,3.025450e+00
502.40625,502.5625,0.15625,2.701348e+00,4.238859e-02,2.658959e+00
502.5625,502.71875,0.15625,2.313403e+00,4.238859e-02,2.271015e+00
502.71875,502.875,0.15625,1.944182e+00,4.238859e-02,1.901794e+00
502.875,503.03125,0.15625,1.631677e+00,4.238859e-02,1.589288e+00
503.03125,503.1875,0.15625,1.406895e+00,4.238859e-02,1.364506e+00
503.1875,503.34375,0.15625,1.290318e+00,4.238859e-02,1.247929e+00
503.34375,503.5,0.15625,1.289903e+00,4.238859e-02,1.247515e+00
503.5,503.65625,0.15625,1.289903e+00,4.238859e-02,1.247515e+00
503.65625,503.8125,0.15625,1.400724e+00,4.238859e-02,1.358335e+00
503.8125,503.96875,0.15625,1.606204e+00,4.238859e-02,1.563815e+00
503.96875,504.125,0.15625,1.880806e+00,4.238859e-02,1.838417e+00
504.125,504.28125,0.15625,2.193866e+00,4.238859e-02,2.151478e+00
504.28125,504.4375,0.15625,2.514018e+00,4.238859e-02,2.471630e+00
504.4375,504.59375,0.15625,2.813415e+00,4.238859e-02,2.771026e+00
504.59375,504.75,0.15625,3.070939e+00,4.238859e-02,3.028550e+00
504.75,504.90625,0.15625,3.273822e+00,4.238859e-02,3.231433e+00
504.90625,505.0625,0.15625,3.417554e+00,4.238859e-02,3.375166e+00
505.0625,505.21875,0.15625,3.504438e+00,4.238859e-02,3.462049e+00
505.21875,505.375,0.15625,3.537346e+00,4.238859e-02,3.494957e+00
505.375,505.53125,0.15625,3.501170e+00,4.238859e-02,3.458781e+00
505.53125,505.6875,0.15625,3.439303e+00,4.238859e-02,3.396915e+00
505.6875,505.84375,0.15625,3.354369e+00,4.238859e-02,3.311980e+00
505.84375,506,0.15625,3.244565e+00,4.238859e-02,3.202176e+00
506,506.15625,0.15625,3.104489e+00,4.238859e-02,3.062100e+00
506.15625,506.3125,0.15625,2.927511e+00,4.238859e-02,2.885122e+00
506.3125,506.46875,0.15625,2.709254e+00,4.238859e-02,2.666866e+00
506.46875,506.625,0.15625,2.451180e+00,4.238859e-02,2.408792e+00
506.625,506.78125,0.15625,2.163008e+00,4.238859e-02,2.120619e+00
506.78125,506.9375,0.15625,1.863023e+00,4.238859e-02,1.820634e+00
506.9375,507.09375,0.15625,1.576018e+00,4.238859e-02,1.533630e+00
507.09375,507.25,0.15625,1.329390e+00,4.238859e-02,1.287001e+00
507.25,507.40625,0.15625,1.148397e+00,4.238859e-02,1.106008e+00
507.40625,507.5625,0.15625,1.051673e+00,4.238859e-02,1.009284e+00
507.5625,507.71875,0.15625,1.047814e+00,4.238859e-02,1.005425e+00
507.71875,507.875,0.15625,1.047814e+00,4.238859e-02,1.005425e+00
507.875,508.03125,0.15625,1.133550e+00,4.238859e-02,1.091161e+00
508.03125,508.1875,0.15625,1.293766e+00,4.238859e-02,1.251377e+00
508.1875,508.34375,0.15625,1.503519e+00,4.238859e-02,1.461131e+00
508.34375,508.5,0.15625,1.732008e+00,4.238859e-02,1.689619e+00
508.5,508.65625,0.15625,1.948071e+00,4.238859e-02,1.905683e+00
508.65625,508.8125,0.15625,2.126245e+00,4.238859e-02,2.083857e+00
508.8125,508.96875,0.15625,2.251900e+00,4.238859e-02,2.209512e+00
508.96875,509.125,0.15625,2.323870e+00,4.238859e-02,2.281481e+00
509.125,509.28125,0.15625,2.353526e+00,4.238859e-02,2.311138e+00
509.28125,509.4375,0.15625,2.360338e+00,4.238859e-02,2.317950e+00
509.4375,509.59375,0.15625,2.365229e+00,4.238859e-02,2.322840e+00
509.59375,509.75,0.15625,2.383974e+00,4.238859e-02,2.341585e+00
509.75,509.90625,0.15625,2.422947e+00,4.238859e-02,2.380559e+00
509.90625,510.0625,0.15625,2.478653e+00,4.238859e-02,2.436264e+00
510.0625,510.21875,0.15625,2.540991e+00,4.238859e-02,2.498603e+00
510.21875,510.375,0.15625,2.598700e+00,4.238859e-02,2.556311e+00
510.375,510.53125,0.15625,2.644604e+00,4.238859e-02,2.602215e+00
510.53125,510.6875,0.15625,2.678504e+00,4.238859e-02,2.636116e+00
510.6875,510.84375,0.15625,2.706701e+00,4.238859e-02,2.664313e+00
510.84375,511,0.15625,2.738686e+00,4.238859e-02,2.696298e+00
511,511.15625,0.15625,2.782738e+00,4.238859e-02,2.740350e+00
511.15625,511.3125,0.15625,2.842485e+00,4.238859e-02,2.800096e+00
511.3125,511.46875,0.15625,2.915816e+00,4.238859e-02,2.873427e+00
511.46875,511.625,0.15625,2.996277e+00,4.238859e-02,2.953889e+00
511.625,511.78125,0.15625,3.075916e+00,4.238859e-02,3.033528e+00
511.78125,511.9375,0.15625,3.148045e+00,4.238859e-02,3.105656e+00
511.9375,512.09375,0.15625,3.208735e+00,4.238859e-02,3.166346e+00
512.09375,512.25,0.15625,3.256724e+00,4.238859e-02,3.214335e+00
512.25,512.40625,0.15625,3.292253e+00,4.238859e-02,3.249864e+00
512.40625,512.5625,0.15625,3.315709e+00,4.238859e-02,3.273321e+00
512.5625,512.71875,0.15625,3.323674e+00,4.238859e-02,3.281285e+00
512.71875,512.875,0.15625,3.303832e+00,4.238859e-02,3.261443e+00
512.875,513.03125,0.15625,3.263106e+00,4.238859e-02,3.220718e+00
513.03125,513.1875,0.15625,3.196355e+00,4.238859e-02,3.153967e+00
513.1875,513.34375,0.15625,3.098209e+00,4.238859e-02,3.055821e+00
513.34375,513.5,0.15625,2.964916e+00,4.238859e-02,2.922528e+00
513.5,513.65625,0.15625,2.796981e+00,4.238859e-02,2.754593e+00
513.65625,513.8125,0.15625,2.601700e+00,4.238859e-02,2.559311e+00
513.8125,513.96875,0.15625,2.394270e+00,4.238859e-02,2.351882e+00
513.96875,514.125,0.15625,2.196410e+00,4.238859e-02,2.154022e+00
514.125,514.28125,0.15625,2.032238e+00,4.238859e-02,1.989850e+00
514.28125,514.4375,0.15625,1.922295e+00,4.238859e-02,1.879906e+00
514.4375,514.59375,0.15625,1.877473e+00,4.238859e-02,1.835084e+00
514.59375,514.75,0.15625,1.877473e+00,4.238859e-02,1.835084e+00
514.75,514.90625,0.15625,1.894888e+00,4.238859e-02,1.852499e+00
514.90625,515.0625,0.15625,1.957262e+00,4.238859e-02,1.914873e+00
515.0625,515.21875,0.15625,2.036330e+00,4.238859e-02,1.993942e+00
515.21875,515.375,0.15625,2.099518e+00,4.238859e-02,2.057129e+00
515.375,515.53125,0.15625,2.074588e+00,4.238859e-02,2.032199e+00
515.53125,515.6875,0.15625,1.967387e+00,4.238859e-02,1.924999e+00
515.6875,515.84375,0.15625,1.811538e+00,4.238859e-02,1.769149e+00
515.84375,516,0.15625,1.635636e+00,4.238859e-02,1.593247e+00
516,516.15625,0.15625,1.475925e+00,4.238859e-02,1.433536e+00
516.15625,516.3125,0.15625,1.369145e+00,4.238859e-02,1.326757e+00
516.3125,516.46875,0.15625,1.345719e+00,4.238859e-02,1.303331e+00
516.46875,516.625,0.15625,1.345719e+00,4.238859e-02,1.303331e+00
516.625,516.78125,0.15625,1.424445e+00,4.238859e-02,1.382057e+00
516.78125,516.9375,0.15625,1.609321e+00,4.238859e-02,1.566933e+00
516.9375,517.09375,0.15625,1.888684e+00,4.238859e-02,1.846296e+00
517.09375,517.25,0.15625,2.236563e+00,4.238859e-02,2.194175e+00
517.25,517.40625,0.15625,2.615992e+00,4.238859e-02,2.573603e+00
517.40625,517.5625,0.15625,2.983893e+00,4.238859e-02,2.941504e+00
517.5625,517.71875,0.15625,3.296964e+00,4.238859e-02,3.254576e+00
517.71875,517.875,0.15625,3.517812e+00,4.238859e-02,3.475423e+00
517.875,518.03125,0.15625,3.594294e+00,4.238859e-02,3.551906e+00
518.03125,518.1875,0.15625,3.446013e+00,4.238859e-02,3.403624e+00
518.1875,518.34375,0.15625,3.198735e+00,4.238859e-02,3.156346e+00
518.34375,518.5,0.15625,2.888706e+00,4.238859e-02,2.846317e+00
518.5,518.65625,0.15625,2.559723e+00,4.238859e-02,2.517334e+00
518.65625,518.8125,0.15625,2.256180e+00,4.238859e-02,2.213791e+00
518.8125,518.96875,0.15625,2.015849e+00,4.238859e-02,1.973460e+00
518.96875,519.125,0.15625,1.863723e+00,4.238859e-02,1.821335e+00
519.125,519.28125,0.15625,1.808182e+00,4.238859e-02,1.765794e+00
519.28125,519.4375,0.15625,1.808182e+00,4.238859e-02,1.765794e+00
519.4375,519.59375,0.15625,1.840421e+00,4.238859e-02,1.798032e+00
519.59375,519.75,0.15625,1.937459e+00,4.238859e-02,1.895070e+00
519.75,519.90625,0.15625,2.068239e+00,4.238859e-02,2.025851e+00
519.90625,520.0625,0.15625,2.201461e+00,4.238859e-02,2.159072e+00
520.0625,520.21875,0.15625,2.313173e+00,4.238859e-02,2.270785e+00
520.21875,520.375,0.15625,2.392068e+00,4.238859e-02,2.349680e+00
520.375,520.53125,0.15625,2.440938e+00,4.238859e-02,2.398550e+00
520.53125,520.6875,0.15625,2.473937e+00,4.238859e-02,2.431549e+00
520.6875,520.84375,0.15625,2.510618e+00,4.238859e-02,2.468229e+00
520.84375,521,0.15625,2.568796e+00,4.238859e-02,2.526408e+00
521,521.15625,0.15625,2.658590e+00,4.238859e-02,2.616202e+00
521.15625,521.3125,0.15625,2.779404e+00,4.238859e-02,2.737015e+00
521.3125,521.46875,0.15625,2.920413e+00,4.238859e-02,2.878024e+00
521.46875,521.625,0.15625,3.063828e+00,4.238859e-02,3.021439e+00
521.625,521.78125,0.15625,3.189411e+00,4.238859e-02,3.147023e+00
521.78125,521.9375,0.15625,3.278724e+00,4.238859e-02,3.236335e+00
521.9375,522.09375,0.15625,3.300817e+00,4.238859e-02,3.258429e+00
522.09375,522.25,0.15625,3.227143e+00,4.238859e-02,3.184754e+00
522.25,522.40625,0.15625,3.105422e+00,4.238859e-02,3.063033e+00
522.40625,522.5625,0.15625,2.951284e+00,4.238859e-02,2.908895e+00
522.5625,522.71875,0.15625,2.786213e+00,4.238859e-02,2.743825e+00
522.71875,522.875,0.15625,2.634488e+00,4.238859e-02,2.592100e+00
522.875,523.03125,0.15625,2.518759e+00,4.238859e-02,2.476370e+00
523.03125,523.1875,0.15625,2.455234e+00,4.238859e-02,2.412845e+00
523.1875,523.34375,0.15625,2.450001e+00,4.238859e-02,2.407612e+00
523.34375,523.5,0.15625,2.450001e+00,4.238859e-02,2.407612e+00
523.5,523.65625,0.15625,2.497861e+00,4.238859e-02,2.455473e+00
523.65625,523.8125,0.15625,2.584221e+00,4.238859e-02,2.541833e+00
523.8125,523.96875,0.15625,2.689350e+00,4.238859e-02,2.646961e+00
523.96875,524.125,0.15625,2.793363e+00,4.238859e-02,2.750975e+00
524.125,524.28125,0.15625,2.880044e+00,4.238859e-02,2.837655e+00
524.28125,524.4375,0.15625,2.938267e+00,4.238859e-02,2.895878e+00
524.4375,524.59375,0.15625,2.943183e+00,4.238859e-02,2.900794e+00
524.59375,524.75,0.15625,2.879654e+00,4.238859e-02,2.837265e+00
524.75,524.90625,0.15625,2.765215e+00,4.238859e-02,2.722827e+00
524.90625,525.0625,0.15625,2.596265e+00,4.238859e-02,2.553876e+00
525.0625,525.21875,0.15625,2.373615e+00,4.238859e-02,2.331226e+00
525.21875,525.375,0.15625,2.104878e+00,4.238859e-02,2.062490e+00
525.375,525.53125,0.15625,1.805175e+00,4.238859e-02,1.762786e+00
525.53125,525.6875,0.15625,1.495721e+00,4.238859e-02,1.453332e+00
525.6875,525.84375,0.15625,1.200830e+00,4.238859e-02,1.158442e+00
525.84375,526,0.15625,9.444915e-01,4.238859e-02,9.021030e-01
526,526.15625,0.15625,7.476662e-01,4.238859e-02,7.052776e-01
526.15625,526.3125,0.15625,6.269366e-01,4.238859e-02,5.845481e-01
526.3125,526.46875,0.15625,5.943528e-01,4.238859e-02,5.519642e-01
526.46875,526.625,0.15625,5.943528e-01,4.238859e-02,5.519642e-01
526.625,526.78125,0.15625,6.577546e-01,4.238859e-02,6.153660e-01
526.78125,526.9375,0.15625,8.206903e-01,4.238859e-02,7.783017e-01
526.9375,527.09375,0.15625,1.081380e+00,4.238859e-02,1.038992e+00
527.09375,527.25,0.15625,1.430812e+00,4.238859e-02,1.388423e+00
527.25,527.40625,0.15625,1.850718e+00,4.238859e-02,1.808330e+00
527.40625,527.5625,0.15625,2.312608e+00,4.238859e-02,2.270219e+00
527.5625,527.71875,0.15625,2.778951e+00,4.238859e-02,2.736562e+00
527.71875,527.875,0.15625,3.207107e+00,4.238859e-02,3.164719e+00
527.875,528.03125,0.15625,3.555669e+00,4.238859e-02,3.513280e+00
528.03125,528.1875,0.15625,3.791984e+00,4.238859e-02,3.749596e+00
528.1875,528.34375,0.15625,3.879081e+00,4.238859e-02,3.836692e+00
528.34375,528.5,0.15625,3.754409e+00,4.238859e-02,3.712020e+00
528.5,528.65625,0.15625,3.561943e+00,4.238859e-02,3.519554e+00
528.65625,528.8125,0.15625,3.345630e+00,4.238859e-02,3.303241e+00
528.8125,528.96875,0.15625,3.146944e+00,4.238859e-02,3.104556e+00
528.96875,529.125,0.15625,2.996649e+00,4.238859e-02,2.954260e+00
529.125,529.28125,0.15625,2.909890e+00,4.238859e-02,2.867501e+00
529.28125,529.4375,0.15625,2.885685e+00,4.238859e-02,2.843297e+00
529.4375,529.59375,0.15625,2.885685e+00,4.238859e-02,2.843297e+00
529.59375,529.75,0.15625,2.910369e+00,4.238859e-02,2.867981e+00
529.75,529.90625,0.15625,2.963313e+00,4.238859e-02,2.920925e+00
529.90625,530.0625,0.15625,3.022716e+00,4.238859e-02,2.980328e+00
530.0625,530.21875,0.15625,3.069656e+00,4.238859e-02,3.027267e+00
530.21875,530.375,0.15625,3.072763e+00,4.238859e-02,3.030375e+00
530.375,530.53125,0.15625,3.012208e+00,4.238859e-02,2.969820e+00
530.53125,530.6875,0.15625,2.905043e+00,4.238859e-02,2.862654e+00
530.6875,530.84375,0.15625,2.753101e+00,4.238859e-02,2.710712e+00
530.84375,531,0.15625,2.564952e+00,4.238859e-02,2.522564e+00
531,531.15625,0.15625,2.357084e+00,4.238859e-02,2.314696e+00
531.15625,531.3125,0.15625,2.153074e+00,4.238859e-02,2.110685e+00
531.3125,531.46875,0.15625,1.980205e+00,4.238859e-02,1.937817e+00
531.46875,531.625,0.15625,1.864097e+00,4.238859e-02,1.821708e+00
531.625,531.78125,0.15625,1.822851e+00,4.238859e-02,1.780462e+00
531.78125,531.9375,0.15625,1.822851e+00,4.238859e-02,1.780462e+00
531.9375,532.09375,0.15625,1.862594e+00,4.238859e-02,1.820205e+00
532.09375,532.25,0.15625,1.975910e+00,4.238859e-02,1.933521e+00
532.25,532.40625,0.15625,2.143705e+00,4.238859e-02,2.101316e+00
532.40625,532.5625,0.15625,2.339882e+00,4.238859e-02,2.297493e+00
532.5625,532.71875,0.15625,2.537244e+00,4.238859e-02,2.494856e+00
532.71875,532.875,0.15625,2.712693e+00,4.238859e-02,2.670305e+00
532.875,533.03125,0.15625,2.850161e+00,4.238859e-02,2.807773e+00
533.03125,533.1875,0.15625,2.940742e+00,4.238859e-02,2.898353e+00
533.1875,533.34375,0.15625,2.968747e+00,4.238859e-02,2.926359e+00
533.34375,533.5,0.15625,2.904681e+00,4.238859e-02,2.862293e+00
533.5,533.65625,0.15625,2.789572e+00,4.238859e-02,2.747183e+00
533.65625,533.8125,0.15625,2.628033e+00,4.238859e-02,2.585645e+00
533.8125,533.96875,0.15625,2.430839e+00,4.238859e-02,2.388451e+00
533.96875,534.125,0.15625,2.216330e+00,4.238859e-02,2.173942e+00
534.125,534.28125,0.15625,2.009302e+00,4.238859e-02,1.966914e+00
534.28125,534.4375,0.15625,1.837107e+00,4.238859e-02,1.794719e+00
534.4375,534.59375,0.15625,1.723873e+00,4.238859e-02,1.681484e+00
534.59375,534.75,0.15625,1.684590e+00,4.238859e-02,1.642202e+00
534.75,534.90625,0.15625,1.684590e+00,4.238859e-02,1.642202e+00
534.90625,535.0625,0.15625,1.721001e+00,4.238859e-02,1.678613e+00
535.0625,535.21875,0.15625,1.820762e+00,4.238859e-02,1.778374e+00
535.21875,535.375,0.15625,1.960358e+00,4.238859e-02,1.917970e+00
535.375,535.53125,0.15625,2.111099e+00,4.238859e-02,2.068711e+00
535.53125,535.6875,0.15625,2.246487e+00,4.238859e-02,2.204099e+00
535.6875,535.84375,0.15625,2.348727e+00,4.238859e-02,2.306338e+00
535.84375,536,0.15625,2.412327e+00,4.238859e-02,2.369938e+00
536,536.15625,0.15625,2.443666e+00,4.238859e-02,2.401278e+00
536.15625,536.3125,0.15625,2.456784e+00,4.238859e-02,2.414396e+00
536.3125,536.46875,0.15625,2.467051e+00,4.238859e-02,2.424663e+00
536.46875,536.625,0.15625,2.485159e+00,4.238859e-02,2.442770e+00
536.625,536.78125,0.15625,2.513705e+00,4.238859e-02,2.471316e+00
536.78125,536.9375,0.15625,2.547534e+00,4.238859e-02,2.505145e+00
536.9375,537.09375,0.15625,2.577377e+00,4.238859e-02,2.534989e+00
537.09375,537.25,0.15625,2.594926e+00,4.238859e-02,2.552537e+00
537.25,537.40625,0.15625,2.586266e+00,4.238859e-02,2.543878e+00
537.40625,537.5625,0.15625,2.570001e+00,4.238859e-02,2.527613e+00
537.5625,537.71875,0.15625,2.554759e+00,4.238859e-02,2.512370e+00
537.71875,537.875,0.15625,2.542469e+00,4.238859e-02,2.500080e+00
537.875,538.03125,0.15625,2.528279e+00,4.238859e-02,2.485890e+00
538.03125,538.1875,0.15625,2.502063e+00,4.238859e-02,2.459674e+00
538.1875,538.34375,0.15625,2.453173e+00,4.238859e-02,2.410784e+00
538.34375,538.5,0.15625,2.376627e+00,4.238859e-02,2.334238e+00
538.5,538.65625,0.15625,2.278228e+00,4.238859e-02,2.235839e+00
538.65625,538.8125,0.15625,2.176406e+00,4.238859e-02,2.134017e+00
538.8125,538.96875,0.15625,2.099743e+00,4.238859e-02,2.057354e+00
538.96875,539.125,0.15625,2.080613e+00,4.238859e-02,2.038224e+00
539.125,539.28125,0.15625,2.080613e+00,4.238859e-02,2.038224e+00
539.28125,539.4375,0.15625,2.146670e+00,4.238859e-02,2.104281e+00
539.4375,539.59375,0.15625,2.312599e+00,4.238859e-02,2.270210e+00
539.59375,539.75,0.15625,2.574479e+00,4.238859e-02,2.532091e+00
539.75,539.90625,0.15625,2.908472e+00,4.238859e-02,2.866084e+00
539.90625,540.0625,0.15625,3.274404e+00,4.238859e-02,3.232016e+00
540.0625,540.21875,0.15625,3.623576e+00,4.238859e-02,3.581187e+00
540.21875,540.375,0.15625,3.908950e+00,4.238859e-02,3.866561e+00
540.375,540.53125,0.15625,4.095120e+00,4.238859e-02,4.052731e+00
540.53125,540.6875,0.15625,4.123750e+00,4.238859e-02,4.081362e+00
540.6875,540.84375,0.15625,3.991820e+00,4.238859e-02,3.949432e+00
540.84375,541,0.15625,3.800768e+00,4.238859e-02,3.758379e+00
541,541.15625,0.15625,3.581831e+00,4.238859e-02,3.539443e+00
541.15625,541.3125,0.15625,3.357901e+00,4.238859e-02,3.315512e+00
541.3125,541.46875,0.15625,3.138969e+00,4.238859e-02,3.096581e+00
541.46875,541.625,0.15625,2.922571e+00,4.238859e-02,2.880183e+00
541.625,541.78125,0.15625,2.698552e+00,4.238859e-02,2.656163e+00
541.78125,541.9375,0.15625,2.456040e+00,4.238859e-02,2.413652e+00
541.9375,542.09375,0.15625,2.189988e+00,4.238859e-02,2.147599e+00
542.09375,542.25,0.15625,1.905092e+00,4.238859e-02,1.862704e+00
542.25,542.40625,0.15625,1.616184e+00,4.238859e-02,1.573795e+00
542.40625,542.5625,0.15625,1.345470e+00,4.238859e-02,1.303081e+00
542.5625,542.71875,0.15625,1.117949e+00,4.238859e-02,1.075561e+00
542.71875,542.875,0.15625,9.565180e-01,4.238859e-02,9.141295e-01
542.875,543.03125,0.15625,8.779006e-01,4.238859e-02,8.355120e-01
543.03125,543.1875,0.15625,8.779006e-01,4.238859e-02,8.355120e-01
543.1875,543.34375,0.15625,8.899222e-01,4.238859e-02,8.475336e-01
543.34375,543.5,0.15625,9.901930e-01,4.238859e-02,9.478044e-01
543.5,543.65625,0.15625,1.166134e+00,4.238859e-02,1.123745e+00
543.65625,543.8125,0.15625,1.396384e+00,4.238859e-02,1.353995e+00
543.8125,543.96875,0.15625,1.653693e+00,4.238859e-02,1.611304e+00
543.96875,544.125,0.15625,1.909202e+00,4.238859e-02,1.866814e+00
544.125,544.28125,0.15625,2.137501e+00,4.238859e-02,2.095112e+00
544.28125,544.4375,0.15625,2.321268e+00,4.238859e-02,2.278879e+00
544.4375,544.59375,0.15625,2.454063e+00,4.238859e-02,2.411674e+00
544.59375,544.75,0.15625,2.540169e+00,4.238859e-02,2.497780e+00
544.75,544.90625,0.15625,2.591372e+00,4.238859e-02,2.548983e+00
544.90625,545.0625,0.15625,2.621770e+00,4.238859e-02,2.579381e+00
545.0625,545.21875,0.15625,2.642591e+00,4.238859e-02,2.600203e+00
545.21875,545.375,0.15625,2.659068e+00,4.238859e-02,2.616680e+00
545.375,545.53125,0.15625,2.670554e+00,4.238859e-02,2.628165e+00
545.53125,545.6875,0.15625,2.666434e+00,4.238859e-02,2.624046e+00
545.6875,545.84375,0.15625,2.652431e+00,4.238859e-02,2.610042e+00
545.84375,546,0.15625,2.641079e+00,4.238859e-02,2.598691e+00
546,546.15625,0.15625,2.641079e+00,4.238859e-02,2.598691e+00
546.15625,546.3125,0.15625,2.645655e+00,4.238859e-02,2.603267e+00
546.3125,546.46875,0.15625,2.678718e+00,4.238859e-02,2.636330e+00
546.46875,546.625,0.15625,2.747309e+00,4.238859e-02,2.704920e+00
546.625,546.78125,0.15625,2.849806e+00,4.238859e-02,2.807418e+00
546.78125,546.9375,0.15625,2.975547e+00,4.238859e-02,2.933158e+00
546.9375,547.09375,0.15625,3.107090e+00,4.238859e-02,3.064701e+00
547.09375,547.25,0.15625,3.224036e+00,4.238859e-02,3.181648e+00
547.25,547.40625,0.15625,3.307029e+00,4.238859e-02,3.264641e+00
547.40625,547.5625,0.15625,3.317010e+00,4.238859e-02,3.274621e+00
547.5625,547.71875,0.15625,3.233980e+00,4.238859e-02,3.191591e+00
547.71875,547.875,0.15625,3.098749e+00,4.238859e-02,3.056361e+00
547.875,548.03125,0.15625,2.926146e+00,4.238859e-02,2.883757e+00
548.03125,548.1875,0.15625,2.737519e+00,4.238859e-02,2.695131e+00
548.1875,548.34375,0.15625,2.557638e+00,4.238859e-02,2.515249e+00
548.34375,548.5,0.15625,2.410009e+00,4.238859e-02,2.367621e+00
548.5,548.65625,0.15625,2.311576e+00,4.238859e-02,2.269187e+00
548.65625,548.8125,0.15625,2.268416e+00,4.238859e-02,2.226027e+00
548.8125,548.96875,0.15625,2.268416e+00,4.238859e-02,2.226027e+00
548.96875,549.125,0.15625,2.274146e+00,4.238859e-02,2.231758e+00
549.125,549.28125,0.15625,2.311974e+00,4.238859e-02,2.269586e+00
549.28125,549.4375,0.15625,2.360071e+00,4.238859e-02,2.317683e+00
549.4375,549.59375,0.15625,2.398612e+00,4.238859e-02,2.356223e+00
549.59375,549.75,0.15625,2.412465e+00,4.238859e-02,2.370076e+00
549.75,549.90625,0.15625,2.398594e+00,4.238859e-02,2.356205e+00
549.90625,550.0625,0.15625,2.391324e+00,4.238859e-02,2.348935e+00
550.0625,550.21875,0.15625,2.391324e+00,4.238859e-02,2.348935e+00
550.21875,550.375,0.15625,2.407120e+00,4.238859e-02,2.364731e+00
550.375,550.53125,0.15625,2.456076e+00,4.238859e-02,2.413688e+00
550.53125,550.6875,0.15625,2.538649e+00,4.238859e-02,2.496261e+00
550.6875,550.84375,0.15625,2.645953e+00,4.238859e-02,2.603564e+00
550.84375,551,0.15625,2.763014e+00,4.238859e-02,2.720626e+00
551,551.15625,0.15625,2.873248e+00,4.238859e-02,2.830859e+00
551.15625,551.3125,0.15625,2.962213e+00,4.238859e-02,2.919825e+00
551.3125,551.46875,0.15625,3.019427e+00,4.238859e-02,2.977038e+00
551.46875,551.625,0.15625,3.014564e+00,4.238859e-02,2.972175e+00
551.625,551.78125,0.15625,2.946663e+00,4.238859e-02,2.904274e+00
551.78125,551.9375,0.15625,2.835473e+00,4.238859e-02,2.793085e+00
551.9375,552.09375,0.15625,2.686655e+00,4.238859e-02,2.644267e+00
552.09375,552.25,0.15625,2.512352e+00,4.238859e-02,2.469964e+00
552.25,552.40625,0.15625,2.331404e+00,4.238859e-02,2.289016e+00
552.40625,552.5625,0.15625,2.166958e+00,4.238859e-02,2.124570e+00
552.5625,552.71875,0.15625,2.041586e+00,4.238859e-02,1.999197e+00
552.71875,552.875,0.15625,1.971213e+00,4.238859e-02,1.928824e+00
552.875,553.03125,0.15625,1.959925e+00,4.238859e-02,1.917536e+00
553.03125,553.1875,0.15625,1.959925e+00,4.238859e-02,1.917536e+00
553.1875,553.34375,0.15625,1.997614e+00,4.238859e-02,1.955226e+00
553.34375,553.5,0.15625,2.061620e+00,4.238859e-02,2.019232e+00
553.5,553.65625,0.15625,2.122178e+00,4.238859e-02,2.079790e+00
553.65625,553.8125,0.15625,2.125368e+00,4.238859e-02,2.082979e+00
553.8125,553.96875,0.15625,2.041537e+00,4.238859e-02,1.999148e+00
553.96875,554.125,0.15625,1.909003e+00,4.238859e-02,1.866615e+00
554.125,554.28125,0.15625,1.752030e+00,4.238859e-02,1.709642e+00
554.28125,554.4375,0.15625,1.603099e+00,4.238859e-02,1.560710e+00
554.4375,554.59375,0.15625,1.495312e+00,4.238859e-02,1.452923e+00
554.59375,554.75,0.15625,1.454985e+00,4.238859e-02,1.412597e+00
554.75,554.90625,0.15625,1.454985e+00,4.238859e-02,1.412597e+00
554.90625,555.0625,0.15625,1.496205e+00,4.238859e-02,1.453817e+00
555.0625,555.21875,0.15625,1.618543e+00,4.238859e-02,1.576154e+00
555.21875,555.375,0.15625,1.808296e+00,4.238859e-02,1.765907e+00
555.375,555.53125,0.15625,2.042785e+00,4.238859e-02,2.000397e+00
555.53125,555.6875,0.15625,2.296484e+00,4.238859e-02,2.254095e+00
555.6875,555.84375,0.15625,2.547243e+00,4.238859e-02,2.504854e+00
555.84375,556,0.15625,2.780817e+00,4.238859e-02,2.738428e+00
556,556.15625,0.15625,2.992351e+00,4.238859e-02,2.949962e+00
556.15625,556.3125,0.15625,3.184460e+00,4.238859e-02,3.142072e+00
556.3125,556.46875,0.15625,3.362705e+00,4.238859e-02,3.320317e+00
556.46875,556.625,0.15625,3.530179e+00,4.238859e-02,3.487790e+00
556.625,556.78125,0.15625,3.683248e+00,4.238859e-02,3.640860e+00
556.78125,556.9375,0.15625,3.810046e+00,4.238859e-02,3.767658e+00
556.9375,557.09375,0.15625,3.892302e+00,4.238859e-02,3.849914e+00
557.09375,557.25,0.15625,3.847165e+00,4.238859e-02,3.804777e+00
557.25,557.40625,0.15625,3.697870e+00,4.238859e-02,3.655482e+00
557.40625,557.5625,0.15625,3.469457e+00,4.238859e-02,3.427068e+00
557.5625,557.71875,0.15625,3.183393e+00,4.238859e-02,3.141004e+00
557.71875,557.875,0.15625,2.872648e+00,4.238859e-02,2.830260e+00
557.875,558.03125,0.15625,2.576365e+00,4.238859e-02,2.533976e+00
558.03125,558.1875,0.15625,2.332908e+00,4.238859e-02,2.290519e+00
558.1875,558.34375,0.15625,2.172830e+00,4.238859e-02,2.130441e+00
558.34375,558.5,0.15625,2.113342e+00,4.238859e-02,2.070953e+00
558.5,558.65625,0.15625,2.113342e+00,4.238859e-02,2.070953e+00
558.65625,558.8125,0.15625,2.155543e+00,4.238859e-02,2.113155e+00
558.8125,558.96875,0.15625,2.284988e+00,4.238859e-02,2.242599e+00
558.96875,559.125,0.15625,2.475263e+00,4.238859e-02,2.432874e+00
559.125,559.28125,0.15625,2.693454e+00,4.238859e-02,2.651065e+00
559.28125,559.4375,0.15625,2.905935e+00,4.238859e-02,2.863546e+00
559.4375,559.59375,0.15625,3.083047e+00,4.238859e-02,3.040659e+00
559.59375,559.75,0.15625,3.201856e+00,4.238859e-02,3.159467e+00
559.75,559.90625,0.15625,3.210541e+00,4.238859e-02,3.168153e+00
559.90625,560.0625,0.15625,3.091271e+00,4.238859e-02,3.048883e+00
560.0625,560.21875,0.15625,2.894842e+00,4.238859e-02,2.852454e+00
560.21875,560.375,0.15625,2.633916e+00,4.238859e-02,2.591527e+00
560.375,560.53125,0.15625,2.328213e+00,4.238859e-02,2.285824e+00
560.53125,560.6875,0.15625,2.003605e+00,4.238859e-02,1.961216e+00
560.6875,560.84375,0.15625,1.689874e+00,4.238859e-02,1.647485e+00
560.84375,561,0.15625,1.417271e+00,4.238859e-02,1.374882e+00
561,561.15625,0.15625,1.212478e+00,4.238859e-02,1.170089e+00
561.15625,561.3125,0.15625,1.094733e+00,4.238859e-02,1.052345e+00
561.3125,561.46875,0.15625,1.072817e+00,4.238859e-02,1.030428e+00
561.46875,561.625,0.15625,1.072817e+00,4.238859e-02,1.030428e+00
561.625,561.78125,0.15625,1.143388e+00,4.238859e-02,1.100999e+00
561.78125,561.9375,0.15625,1.291036e+00,4.238859e-02,1.248648e+00
561.9375,562.09375,0.15625,1.490289e+00,4.238859e-02,1.447901e+00
562.09375,562.25,0.15625,1.709672e+00,4.238859e-02,1.667284e+00
562.25,562.40625,0.15625,1.917519e+00,4.238859e-02,1.875130e+00
562.40625,562.5625,0.15625,2.088633e+00,4.238859e-02,2.046245e+00
562.5625,562.71875,0.15625,2.210314e+00,4.238859e-02,2.167926e+00
562.71875,562.875,0.15625,2.285951e+00,4.238859e-02,2.243562e+00
562.875,563.03125,0.15625,2.334715e+00,4.238859e-02,2.292326e+00
563.03125,563.1875,0.15625,2.386804e+00,4.238859e-02,2.344416e+00
563.1875,563.34375,0.15625,2.475008e+00,4.238859e-02,2.432619e+00
563.34375,563.5,0.15625,2.624635e+00,4.238859e-02,2.582247e+00
563.5,563.65625,0.15625,2.844585e+00,4.238859e-02,2.802196e+00
563.65625,563.8125,0.15625,3.122244e+00,4.238859e-02,3.079855e+00
563.8125,563.96875,0.15625,3.423976e+00,4.238859e-02,3.381587e+00
563.96875,564.125,0.15625,3.701408e+00,4.238859e-02,3.659019e+00
564.125,564.28125,0.15625,3.902057e+00,4.238859e-02,3.859668e+00
564.28125,564.4375,0.15625,3.914075e+00,4.238859e-02,3.871686e+00
564.4375,564.59375,0.15625,3.698697e+00,4.238859e-02,3.656309e+00
564.59375,564.75,0.15625,3.359543e+00,4.238859e-02,3.317155e+00
564.75,564.90625,0.15625,2.940731e+00,4.238859e-02,2.898342e+00
564.90625,565.0625,0.15625,2.497429e+00,4.238859e-02,2.455041e+00
565.0625,565.21875,0.15625,2.085647e+00,4.238859e-02,2.043259e+00
565.21875,565.375,0.15625,1.753099e+00,4.238859e-02,1.710710e+00
565.375,565.53125,0.15625,1.532762e+00,4.238859e-02,1.490373e+00
565.53125,565.6875,0.15625,1.439770e+00,4.238859e-02,1.397381e+00
565.6875,565.84375,0.15625,1.439770e+00,4.238859e-02,1.397381e+00
565.84375,566,0.15625,1.471460e+00,4.238859e-02,1.429071e+00
566,566.15625,0.15625,1.609983e+00,4.238859e-02,1.567595e+00
566.15625,566.3125,0.15625,1.826734e+00,4.238859e-02,1.784345e+00
566.3125,566.46875,0.15625,2.087812e+00,4.238859e-02,2.045423e+00
566.46875,566.625,0.15625,2.359660e+00,4.238859e-02,2.317271e+00
566.625,566.78125,0.15625,2.613896e+00,4.238859e-02,2.571507e+00
566.78125,566.9375,0.15625,2.830464e+00,4.238859e-02,2.788075e+00
566.9375,567.09375,0.15625,2.998585e+00,4.238859e-02,2.956196e+00
567.09375,567.25,0.15625,3.115678e+00,4.238859e-02,3.073289e+00
567.25,567.40625,0.15625,3.185060e+00,4.238859e-02,3.142672e+00
567.40625,567.5625,0.15625,3.209659e+00,4.238859e-02,3.167270e+00
567.5625,567.71875,0.15625,3.183039e+00,4.238859e-02,3.140650e+00
567.71875,567.875,0.15625,3.143897e+00,4.238859e-02,3.101509e+00
567.875,568.03125,0.15625,3.102472e+00,4.238859e-02,3.060084e+00
568.03125,568.1875,0.15625,3.067704e+00,4.238859e-02,3.025316e+00
568.1875,568.34375,0.15625,3.045557e+00,4.238859e-02,3.003168e+00
568.34375,568.5,0.15625,3.037746e+00,4.238859e-02,2.995357e+00
568.5,568.65625,0.15625,3.037746e+00,4.238859e-02,2.995357e+00
568.65625,568.8125,0.15625,3.041640e+00,4.238859e-02,2.999251e+00
568.8125,568.96875,0.15625,3.051489e+00,4.238859e-02,3.009100e+00
568.96875,569.125,0.15625,3.060358e+00,4.238859e-02,3.017969e+00
569.125,569.28125,0.15625,3.049877e+00,4.238859e-02,3.007488e+00
569.28125,569.4375,0.15625,3.019215e+00,4.238859e-02,2.976826e+00
569.4375,569.59375,0.15625,2.963048e+00,4.238859e-02,2.920659e+00
569.59375,569.75,0.15625,2.873305e+00,4.238859e-02,2.830917e+00
569.75,569.90625,0.15625,2.741845e+00,4.238859e-02,2.699457e+00
569.90625,570.0625,0.15625,2.563309e+00,4.238859e-02,2.520921e+00
570.0625,570.21875,0.15625,2.338497e+00,4.238859e-02,2.296108e+00
570.21875,570.375,0.15625,2.076816e+00,4.238859e-02,2.034427e+00
570.375,570.53125,0.15625,1.796646e+00,4.238859e-02,1.754257e+00
570.53125,570.6875,0.15625,1.523277e+00,4.238859e-02,1.480888e+00
570.6875,570.84375,0.15625,1.284958e+00,4.238859e-02,1.242570e+00
570.84375,571,0.15625,1.108155e+00,4.238859e-02,1.065766e+00
571,571.15625,0.15625,1.013128e+00,4.238859e-02,9.707394e-01
571.15625,571.3125,0.15625,1.010663e+00,4.238859e-02,9.682743e-01
571.3125,571.46875,0.15625,1.010663e+00,4.238859e-02,9.682743e-01
571.46875,571.625,0.15625,1.100348e+00,4.238859e-02,1.057959e+00
571.625,571.78125,0.15625,1.270561e+00,4.238859e-02,1.228173e+00
571.78125,571.9375,0.15625,1.500194e+00,4.238859e-02,1.457806e+00
571.9375,572.09375,0.15625,1.761997e+00,4.238859e-02,1.719608e+00
572.09375,572.25,0.15625,2.027154e+00,4.238859e-02,1.984766e+00
572.25,572.40625,0.15625,2.270239e+00,4.238859e-02,2.227851e+00
572.40625,572.5625,0.15625,2.473306e+00,4.238859e-02,2.430918e+00
572.5625,572.71875,0.15625,2.627914e+00,4.238859e-02,2.585525e+00
572.71875,572.875,0.15625,2.734418e+00,4.238859e-02,2.692030e+00
572.875,573.03125,0.15625,2.798904e+00,4.238859e-02,2.756516e+00
573.03125,573.1875,0.15625,2.829105e+00,4.238859e-02,2.786717e+00
573.1875,573.34375,0.15625,2.808650e+00,4.238859e-02,2.766261e+00
573.34375,573.5,0.15625,2.764268e+00,4.238859e-02,2.721879e+00
573.5,573.65625,0.15625,2.703084e+00,4.238859e-02,2.660696e+00
573.65625,573.8125,0.15625,2.635518e+00,4.238859e-02,2.593130e+00
573.8125,573.96875,0.15625,2.578128e+00,4.238859e-02,2.535739e+00
573.96875,574.125,0.15625,2.551273e+00,4.238859e-02,2.508884e+00
574.125,574.28125,0.15625,2.551273e+00,4.238859e-02,2.508884e+00
574.28125,574.4375,0.15625,2.574140e+00,4.238859e-02,2.531752e+00
574.4375,574.59375,0.15625,2.658818e+00,4.238859e-02,2.616429e+00
574.59375,574.75,0.15625,2.805612e+00,4.238859e-02,2.763223e+00
574.75,574.90625,0.15625,3.001347e+00,4.238859e-02,2.958958e+00
574.90625,575.0625,0.15625,3.221335e+00,4.238859e-02,3.178947e+00
575.0625,575.21875,0.15625,3.434438e+00,4.238859e-02,3.392049e+00
575.21875,575.375,0.15625,3.609760e+00,4.238859e-02,3.567371e+00
575.375,575.53125,0.15625,3.723152e+00,4.238859e-02,3.680763e+00
575.53125,575.6875,0.15625,3.726758e+00,4.238859e-02,3.684369e+00
575.6875,575.84375,0.15625,3.630359e+00,4.238859e-02,3.587970e+00
575.84375,576,0.15625,3.493397e+00,4.238859e-02,3.451008e+00
576,576.15625,0.15625,3.338566e+00,4.238859e-02,3.296177e+00
576.15625,576.3125,0.15625,3.184404e+00,4.238859e-02,3.142015e+00
576.3125,576.46875,0.15625,3.040583e+00,4.238859e-02,2.998195e+00
576.46875,576.625,0.15625,2.906149e+00,4.238859e-02,2.863760e+00
576.625,576.78125,0.15625,2.771355e+00,4.238859e-02,2.728967e+00
576.78125,576.9375,0.15625,2.622608e+00,4.238859e-02,2.580220e+00
576.9375,577.09375,0.15625,2.448894e+00,4.238859e-02,2.406506e+00
577.09375,577.25,0.15625,2.247548e+00,4.238859e-02,2.205160e+00
577.25,577.40625,0.15625,2.027412e+00,4.238859e-02,1.985023e+00
577.40625,577.5625,0.15625,1.808347e+00,4.238859e-02,1.765959e+00
577.5625,577.71875,0.15625,1.617306e+00,4.238859e-02,1.574917e+00
577.71875,577.875,0.15625,1.482191e+00,4.238859e-02,1.439802e+00
577.875,578.03125,0.15625,1.425316e+00,4.238859e-02,1.382927e+00
578.03125,578.1875,0.15625,1.425316e+00,4.238859e-02,1.382927e+00
578.1875,578.34375,0.15625,1.458193e+00,4.238859e-02,1.415804e+00
578.34375,578.5,0.15625,1.578898e+00,4.238859e-02,1.536510e+00
578.5,578.65625,0.15625,1.772520e+00,4.238859e-02,1.730132e+00
578.65625,578.8125,0.15625,2.014386e+00,4.238859e-02,1.971998e+00
578.8125,578.96875,0.15625,2.275104e+00,4.238859e-02,2.232715e+00
578.96875,579.125,0.15625,2.525985e+00,4.238859e-02,2.483596e+00
579.125,579.28125,0.15625,2.743391e+00,4.238859e-02,2.701002e+00
579.28125,579.4375,0.15625,2.910955e+00,4.238859e-02,2.868567e+00
579.4375,579.59375,0.15625,3.019484e+00,4.238859e-02,2.977096e+00
579.59375,579.75,0.15625,3.048029e+00,4.238859e-02,3.005641e+00
579.75,579.90625,0.15625,2.970096e+00,4.238859e-02,2.927707e+00
579.90625,580.0625,0.15625,2.836862e+00,4.238859e-02,2.794474e+00
580.0625,580.21875,0.15625,2.658596e+00,4.238859e-02,2.616207e+00
580.21875,580.375,0.15625,2.451999e+00,4.238859e-02,2.409610e+00
580.375,580.53125,0.15625,2.240181e+00,4.238859e-02,2.197792e+00
580.53125,580.6875,0.15625,2.050151e+00,4.238859e-02,2.007762e+00
580.6875,580.84375,0.15625,1.908040e+00,4.238859e-02,1.865652e+00
580.84375,581,0.15625,1.833345e+00,4.238859e-02,1.790956e+00
581,581.15625,0.15625,1.833345e+00,4.238859e-02,1.790956e+00
581.15625,581.3125,0.15625,1.834054e+00,4.238859e-02,1.791665e+00
581.3125,581.46875,0.15625,1.904458e+00,4.238859e-02,1.862069e+00
581.46875,581.625,0.15625,2.026568e+00,4.238859e-02,1.984179e+00
581.625,581.78125,0.15625,2.174910e+00,4.238859e-02,2.132521e+00
581.78125,581.9375,0.15625,2.323245e+00,4.238859e-02,2.280857e+00
581.9375,582.09375,0.15625,2.451067e+00,4.238859e-02,2.408678e+00
582.09375,582.25,0.15625,2.547753e+00,4.238859e-02,2.505364e+00
582.25,582.40625,0.15625,2.613109e+00,4.238859e-02,2.570721e+00
582.40625,582.5625,0.15625,2.654416e+00,4.238859e-02,2.612028e+00
582.5625,582.71875,0.15625,2.681448e+00,4.238859e-02,2.639059e+00
582.71875,582.875,0.15625,2.701678e+00,4.238859e-02,2.659289e+00
582.875,583.03125,0.15625,2.717667e+00,4.238859e-02,2.675278e+00
583.03125,583.1875,0.15625,2.727507e+00,4.238859e-02,2.685118e+00
583.1875,583.34375,0.15625,2.716571e+00,4.238859e-02,2.674183e+00
583.34375,583.5,0.15625,2.696610e+00,4.238859e-02,2.654221e+00
583.5,583.65625,0.15625,2.673862e+00,4.238859e-02,2.631473e+00
583.65625,583.8125,0.15625,2.655279e+00,4.238859e-02,2.612891e+00
583.8125,583.96875,0.15625,2.645146e+00,4.238859e-02,2.602757e+00
583.96875,584.125,0.15625,2.642748e+00,4.238859e-02,2.600359e+00
584.125,584.28125,0.15625,2.642713e+00,4.238859e-02,2.600325e+00
584.28125,584.4375,0.15625,2.638139e+00,4.238859e-02,2.595750e+00
584.4375,584.59375,0.15625,2.625127e+00,4.238859e-02,2.582738e+00
584.59375,584.75,0.15625,2.606571e+00,4.238859e-02,2.564182e+00
584.75,584.90625,0.15625,2.593227e+00,4.238859e-02,2.550839e+00
584.90625,585.0625,0.15625,2.593227e+00,4.238859e-02,2.550839e+00
585.0625,585.21875,0.15625,2.601274e+00,4.238859e-02,2.558886e+00
585.21875,585.375,0.15625,2.647076e+00,4.238859e-02,2.604688e+00
585.375,585.53125,0.15625,2.741086e+00,4.238859e-02,2.698697e+00
585.53125,585.6875,0.15625,2.883125e+00,4.238859e-02,2.840736e+00
585.6875,585.84375,0.15625,3.060729e+00,4.238859e-02,3.018340e+00
585.84375,586,0.15625,3.251056e+00,4.238859e-02,3.208667e+00
586,586.15625,0.15625,3.425648e+00,4.238859e-02,3.383260e+00
586.15625,586.3125,0.15625,3.556596e+00,4.238859e-02,3.514207e+00
586.3125,586.46875,0.15625,3.612674e+00,4.238859e-02,3.570285e+00
586.46875,586.625,0.15625,3.529553e+00,4.238859e-02,3.487164e+00
586.625,586.78125,0.15625,3.387677e+00,4.238859e-02,3.345289e+00
586.78125,586.9375,0.15625,3.210633e+00,4.238859e-02,3.168245e+00
586.9375,587.09375,0.15625,3.025681e+00,4.238859e-02,2.983292e+00
587.09375,587.25,0.15625,2.857343e+00,4.238859e-02,2.814955e+00
587.25,587.40625,0.15625,2.721405e+00,4.238859e-02,2.679017e+00
587.40625,587.5625,0.15625,2.620996e+00,4.238859e-02,2.578608e+00
587.5625,587.71875,0.15625,2.546070e+00,4.238859e-02,2.503682e+00
587.71875,587.875,0.15625,2.476672e+00,4.238859e-02,2.434283e+00
587.875,588.03125,0.15625,2.389156e+00,4.238859e-02,2.346768e+00
588.03125,588.1875,0.15625,2.263511e+00,4.238859e-02,2.221123e+00
588.1875,588.34375,0.15625,2.089533e+00,4.238859e-02,2.047144e+00
588.34375,588.5,0.15625,1.870081e+00,4.238859e-02,1.827692e+00
588.5,588.65625,0.15625,1.620714e+00,4.238859e-02,1.578326e+00
588.65625,588.8125,0.15625,1.366229e+00,4.238859e-02,1.323840e+00
588.8125,588.96875,0.15625,1.135481e+00,4.238859e-02,1.093093e+00
588.96875,589.125,0.15625,9.560881e-01,4.238859e-02,9.136996e-01
589.125,589.28125,0.15625,8.501566e-01,4.238859e-02,8.077680e-01
589.28125,589.4375,0.15625,8.315486e-01,4.238859e-02,7.891601e-01
589.4375,589.59375,0.15625,8.315486e-01,4.238859e-02,7.891601e-01
589.59375,589.75,0.15625,9.045891e-01,4.238859e-02,8.622005e-01
589.75,589.90625,0.15625,1.063930e+00,4.238859e-02,1.021542e+00
589.90625,590.0625,0.15625,1.295402e+00,4.238859e-02,1.253013e+00
590.0625,590.21875,0.15625,1.577894e+00,4.238859e-02,1.535505e+00
590.21875,590.375,0.15625,1.886346e+00,4.238859e-02,1.843957e+00
590.375,590.53125,0.15625,2.195631e+00,4.238859e-02,2.153242e+00
590.53125,590.6875,0.15625,2.484645e+00,4.238859e-02,2.442256e+00
590.6875,590.84375,0.15625,2.739524e+00,4.238859e-02,2.697135e+00
590.84375,591,0.15625,2.954970e+00,4.238859e-02,2.912581e+00
591,591.15625,0.15625,3.133187e+00,4.238859e-02,3.090798e+00
591.15625,591.3125,0.15625,3.280797e+00,4.238859e-02,3.238408e+00
591.3125,591.46875,0.15625,3.404849e+00,4.238859e-02,3.362460e+00
591.46875,591.625,0.15625,3.509319e+00,4.238859e-02,3.466931e+00
591.625,591.78125,0.15625,3.593232e+00,4.238859e-02,3.550843e+00
591.78125,591.9375,0.15625,3.650844e+00,4.238859e-02,3.608456e+00
591.9375,592.09375,0.15625,3.653348e+00,4.238859e-02,3.610959e+00
592.09375,592.25,0.15625,3.585277e+00,4.238859e-02,3.542889e+00
592.25,592.40625,0.15625,3.470865e+00,4.238859e-02,3.428476e+00
592.40625,592.5625,0.15625,3.318995e+00,4.238859e-02,3.276606e+00
592.5625,592.71875,0.15625,3.145407e+00,4.238859e-02,3.103018e+00
592.71875,592.875,0.15625,2.970011e+00,4.238859e-02,2.927623e+00
592.875,593.03125,0.15625,2.812482e+00,4.238859e-02,2.770094e+00
593.03125,593.1875,0.15625,2.687174e+00,4.238859e-02,2.644785e+00
593.1875,593.34375,0.15625,2.598988e+00,4.238859e-02,2.556600e+00
593.34375,593.5,0.15625,2.541822e+00,4.238859e-02,2.499433e+00
593.5,593.65625,0.15625,2.500564e+00,4.238859e-02,2.458176e+00
593.65625,593.8125,0.15625,2.456388e+00,4.238859e-02,2.413999e+00
593.8125,593.96875,0.15625,2.393789e+00,4.238859e-02,2.351400e+00
593.96875,594.125,0.15625,2.307038e+00,4.238859e-02,2.264649e+00
594.125,594.28125,0.15625,2.203770e+00,4.238859e-02,2.161381e+00
594.28125,594.4375,0.15625,2.104354e+00,4.238859e-02,2.061965e+00
594.4375,594.59375,0.15625,2.037096e+00,4.238859e-02,1.994708e+00
594.59375,594.75,0.15625,2.030664e+00,4.238859e-02,1.988275e+00
594.75,594.90625,0.15625,2.030664e+00,4.238859e-02,1.988275e+00
594.90625,595.0625,0.15625,2.105926e+00,4.238859e-02,2.063538e+00
595.0625,595.21875,0.15625,2.269486e+00,4.238859e-02,2.227097e+00
595.21875,595.375,0.15625,2.510539e+00,4.238859e-02,2.468151e+00
595.375,595.53125,0.15625,2.801731e+00,4.238859e-02,2.759342e+00
595.53125,595.6875,0.15625,3.103622e+00,4.238859e-02,3.061234e+00
595.6875,595.84375,0.15625,3.371618e+00,4.238859e-02,3.329229e+00
595.84375,596,0.15625,3.563781e+00,4.238859e-02,3.521392e+00
596,596.15625,0.15625,3.607244e+00,4.238859e-02,3.564855e+00
596.15625,596.3125,0.15625,3.442140e+00,4.238859e-02,3.399752e+00
596.3125,596.46875,0.15625,3.170645e+00,4.238859e-02,3.128257e+00
596.46875,596.625,0.15625,2.825043e+00,4.238859e-02,2.782654e+00
596.625,596.78125,0.15625,2.446930e+00,4.238859e-02,2.404542e+00
596.78125,596.9375,0.15625,2.081087e+00,4.238859e-02,2.038698e+00
596.9375,597.09375,0.15625,1.769207e+00,4.238859e-02,1.726819e+00
597.09375,597.25,0.15625,1.544421e+00,4.238859e-02,1.502033e+00
597.25,597.40625,0.15625,1.427289e+00,4.238859e-02,1.384900e+00
597.40625,597.5625,0.15625,1.423745e+00,4.238859e-02,1.381357e+00
597.5625,597.71875,0.15625,1.423745e+00,4.238859e-02,1.381357e+00
597.71875,597.875,0.15625,1.525202e+00,4.238859e-02,1.482813e+00
597.875,598.03125,0.15625,1.710762e+00,4.238859e-02,1.668374e+00
598.03125,598.1875,0.15625,1.951236e+00,4.238859e-02,1.908848e+00
598.1875,598.34375,0.15625,2.214230e+00,4.238859e-02,2.171842e+00
598.34375,598.5,0.15625,2.469288e+00,4.238859e-02,2.426900e+00
598.5,598.65625,0.15625,2.691879e+00,4.238859e-02,2.649491e+00
598.65625,598.8125,0.15625,2.865314e+00,4.238859e-02,2.822925e+00
598.8125,598.96875,0.15625,2.980343e+00,4.238859e-02,2.937954e+00
598.96875,599.125,0.15625,3.022521e+00,4.238859e-02,2.980133e+00
599.125,599.28125,0.15625,2.949136e+00,4.238859e-02,2.906747e+00
599.28125,599.4375,0.15625,2.815172e+00,4.238859e-02,2.772784e+00
599.4375,599.59375,0.15625,2.626622e+00,4.238859e-02,2.584233e+00
599.59375,599.75,0.15625,2.395626e+00,4.238859e-02,2.353237e+00
599.75,599.90625,0.15625,2.141878e+00,4.238859e-02,2.099489e+00
599.90625,600.0625,0.15625,1.891884e+00,4.238859e-02,1.849496e+00
600.0625,600.21875,0.15625,1.675795e+00,4.238859e-02,1.633407e+00
600.21875,600.375,0.15625,1.522469e+00,4.238859e-02,1.480081e+00
600.375,600.53125,0.15625,1.454084e+00,4.238859e-02,1.411696e+00
600.53125,600.6875,0.15625,1.454084e+00,4.238859e-02,1.411696e+00
600.6875,600.84375,0.15625,1.481757e+00,4.238859e-02,1.439368e+00
600.84375,601,0.15625,1.603338e+00,4.238859e-02,1.560950e+00
601,601.15625,0.15625,1.803942e+00,4.238859e-02,1.761554e+00
601.15625,601.3125,0.15625,2.059058e+00,4.238859e-02,2.016670e+00
601.3125,601.46875,0.15625,2.339441e+00,4.238859e-02,2.297053e+00
601.46875,601.625,0.15625,2.616530e+00,4.238859e-02,2.574142e+00
601.625,601.78125,0.15625,2.867048e+00,4.238859e-02,2.824659e+00
601.78125,601.9375,0.15625,3.075763e+00,4.238859e-02,3.033374e+00
601.9375,602.09375,0.15625,3.236047e+00,4.238859e-02,3.193658e+00
602.09375,602.25,0.15625,3.348605e+00,4.238859e-02,3.306216e+00
602.25,602.40625,0.15625,3.419240e+00,4.238859e-02,3.376852e+00
602.40625,602.5625,0.15625,3.456574e+00,4.238859e-02,3.414185e+00
602.5625,602.71875,0.15625,3.469683e+00,4.238859e-02,3.427294e+00
602.71875,602.875,0.15625,3.463119e+00,4.238859e-02,3.420730e+00
602.875,603.03125,0.15625,3.456733e+00,4.238859e-02,3.414344e+00
603.03125,603.1875,0.15625,3.453860e+00,4.238859e-02,3.411471e+00
603.1875,603.34375,0.15625,3.453860e+00,4.238859e-02,3.411471e+00
603.34375,603.5,0.15625,3.454546e+00,4.238859e-02,3.412157e+00
603.5,603.65625,0.15625,3.451420e+00,4.238859e-02,3.409031e+00
603.65625,603.8125,0.15625,3.434397e+00,4.238859e-02,3.392008e+00
603.8125,603.96875,0.15625,3.396250e+00,4.238859e-02,3.353862e+00
603.96875,604.125,0.15625,3.328729e+00,4.238859e-02,3.286341e+00
604.125,604.28125,0.15625,3.224900e+00,4.238859e-02,3.182511e+00
604.28125,604.4375,0.15625,3.080953e+00,4.238859e-02,3.038564e+00
604.4375,604.59375,0.15625,2.898444e+00,4.238859e-02,2.856056e+00
604.59375,604.75,0.15625,2.686241e+00,4.238859e-02,2.643853e+00
604.75,604.90625,0.15625,2.461122e+00,4.238859e-02,2.418733e+00
604.90625,605.0625,0.15625,2.246088e+00,4.238859e-02,2.203700e+00
605.0625,605.21875,0.15625,2.066192e+00,4.238859e-02,2.023803e+00
605.21875,605.375,0.15625,1.942661e+00,4.238859e-02,1.900272e+00
605.375,605.53125,0.15625,1.886962e+00,4.238859e-02,1.844573e+00
605.53125,605.6875,0.15625,1.886962e+00,4.238859e-02,1.844573e+00
605.6875,605.84375,0.15625,1.896740e+00,4.238859e-02,1.854351e+00
605.84375,606,0.15625,1.955173e+00,4.238859e-02,1.912785e+00
606,606.15625,0.15625,2.034301e+00,4.238859e-02,1.991912e+00
606.15625,606.3125,0.15625,2.101640e+00,4.238859e-02,2.059252e+00
606.3125,606.46875,0.15625,2.096755e+00,4.238859e-02,2.054367e+00
606.46875,606.625,0.15625,2.004922e+00,4.238859e-02,1.962533e+00
606.625,606.78125,0.15625,1.867450e+00,4.238859e-02,1.825062e+00
606.78125,606.9375,0.15625,1.712008e+00,4.238859e-02,1.669619e+00
606.9375,607.09375,0.15625,1.572888e+00,4.238859e-02,1.530499e+00
607.09375,607.25,0.15625,1.483272e+00,4.238859e-02,1.440884e+00
607.25,607.40625,0.15625,1.468134e+00,4.238859e-02,1.425746e+00
607.40625,607.5625,0.15625,1.468134e+00,4.238859e-02,1.425746e+00
607.5625,607.71875,0.15625,1.539343e+00,4.238859e-02,1.496954e+00
607.71875,607.875,0.15625,1.693883e+00,4.238859e-02,1.651494e+00
607.875,608.03125,0.15625,1.915287e+00,4.238859e-02,1.872899e+00
608.03125,608.1875,0.15625,2.177664e+00,4.238859e-02,2.135276e+00
608.1875,608.34375,0.15625,2.451114e+00,4.238859e-02,2.408725e+00
608.34375,608.5,0.15625,2.707110e+00,4.238859e-02,2.664721e+00
608.5,608.65625,0.15625,2.922575e+00,4.238859e-02,2.880186e+00
608.65625,608.8125,0.15625,3.081963e+00,4.238859e-02,3.039574e+00
608.8125,608.96875,0.15625,3.177457e+00,4.238859e-02,3.135069e+00
608.96875,609.125,0.15625,3.178597e+00,4.238859e-02,3.136208e+00
609.125,609.28125,0.15625,3.099140e+00,4.238859e-02,3.056751e+00
609.28125,609.4375,0.15625,2.984954e+00,4.238859e-02,2.942565e+00
609.4375,609.59375,0.15625,2.855999e+00,4.238859e-02,2.813611e+00
609.59375,609.75,0.15625,2.735236e+00,4.238859e-02,2.692848e+00
609.75,609.90625,0.15625,2.645329e+00,4.238859e-02,2.602941e+00
609.90625,610.0625,0.15625,2.604292e+00,4.238859e-02,2.561903e+00
610.0625,610.21875,0.15625,2.604292e+00,4.238859e-02,2.561903e+00
610.21875,610.375,0.15625,2.621381e+00,4.238859e-02,2.578992e+00
610.375,610.53125,0.15625,2.694729e+00,4.238859e-02,2.652340e+00
610.53125,610.6875,0.15625,2.811616e+00,4.238859e-02,2.769227e+00
610.6875,610.84375,0.15625,2.951279e+00,4.238859e-02,2.908890e+00
610.84375,611,0.15625,3.089211e+00,4.238859e-02,3.046823e+00
611,611.15625,0.15625,3.201520e+00,4.238859e-02,3.159132e+00
611.15625,611.3125,0.15625,3.268245e+00,4.238859e-02,3.225856e+00
611.3125,611.46875,0.15625,3.215416e+00,4.238859e-02,3.173028e+00
611.46875,611.625,0.15625,3.088781e+00,4.238859e-02,3.046392e+00
611.625,611.78125,0.15625,2.903607e+00,4.238859e-02,2.861218e+00
611.78125,611.9375,0.15625,2.676469e+00,4.238859e-02,2.634080e+00
611.9375,612.09375,0.15625,2.431611e+00,4.238859e-02,2.389223e+00
612.09375,612.25,0.15625,2.198538e+00,4.238859e-02,2.156149e+00
612.25,612.40625,0.15625,2.007751e+00,4.238859e-02,1.965362e+00
612.40625,612.5625,0.15625,1.885325e+00,4.238859e-02,1.842936e+00
612.5625,612.71875,0.15625,1.847698e+00,4.238859e-02,1.805309e+00
612.71875,612.875,0.15625,1.847698e+00,4.238859e-02,1.805309e+00
612.875,613.03125,0.15625,1.898263e+00,4.238859e-02,1.855874e+00
613.03125,613.1875,0.15625,2.026930e+00,4.238859e-02,1.984541e+00
613.1875,613.34375,0.15625,2.212914e+00,4.238859e-02,2.170525e+00
613.34375,613.5,0.15625,2.429977e+00,4.238859e-02,2.387589e+00
613.5,613.65625,0.15625,2.652517e+00,4.238859e-02,2.610129e+00
613.65625,613.8125,0.15625,2.860650e+00,4.238859e-02,2.818262e+00
613.8125,613.96875,0.15625,3.042861e+00,4.238859e-02,3.000472e+00
613.96875,614.125,0.15625,3.195713e+00,4.238859e-02,3.153324e+00
614.125,614.28125,0.15625,3.321181e+00,4.238859e-02,3.278793e+00
614.28125,614.4375,0.15625,3.422904e+00,4.238859e-02,3.380516e+00
614.4375,614.59375,0.15625,3.502789e+00,4.238859e-02,3.460401e+00
614.59375,614.75,0.15625,3.558974e+00,4.238859e-02,3.516585e+00
614.75,614.90625,0.15625,3.573167e+00,4.238859e-02,3.530779e+00
614.90625,615.0625,0.15625,3.511857e+00,4.238859e-02,3.469468e+00
615.0625,615.21875,0.15625,3.392520e+00,4.238859e-02,3.350131e+00
615.21875,615.375,0.15625,3.209810e+00,4.238859e-02,3.167422e+00
615.375,615.53125,0.15625,2.964231e+00,4.238859e-02,2.921842e+00
615.53125,615.6875,0.15625,2.663615e+00,4.238859e-02,2.621227e+00
615.6875,615.84375,0.15625,2.323458e+00,4.238859e-02,2.281069e+00
615.84375,616,0.15625,1.965797e+00,4.238859e-02,1.923408e+00
616,616.15625,0.15625,1.616755e+00,4.238859e-02,1.574366e+00
616.15625,616.3125,0.15625,1.303283e+00,4.238859e-02,1.260894e+00
616.3125,616.46875,0.15625,1.049868e+00,4.238859e-02,1.007479e+00
616.46875,616.625,0.15625,8.758679e-01,4.238859e-02,8.334794e-01
616.625,616.78125,0.15625,7.937841e-01,4.238859e-02,7.513955e-01
616.78125,616.9375,0.15625,7.937841e-01,4.238859e-02,7.513955e-01
616.9375,617.09375,0.15625,8.083794e-01,4.238859e-02,7.659908e-01
617.09375,617.25,0.15625,9.163977e-01,4.238859e-02,8.740091e-01
617.25,617.40625,0.15625,1.106743e+00,4.238859e-02,1.064354e+00
617.40625,617.5625,0.15625,1.361252e+00,4.238859e-02,1.318864e+00
617.5625,617.71875,0.15625,1.656383e+00,4.238859e-02,1.613995e+00
617.71875,617.875,0.15625,1.965992e+00,4.238859e-02,1.923604e+00
617.875,618.03125,0.15625,2.264959e+00,4.238859e-02,2.222570e+00
618.03125,618.1875,0.15625,2.532873e+00,4.238859e-02,2.490484e+00
618.1875,618.34375,0.15625,2.756722e+00,4.238859e-02,2.714333e+00
618.34375,618.5,0.15625,2.931722e+00,4.238859e-02,2.889334e+00
618.5,618.65625,0.15625,3.060106e+00,4.238859e-02,3.017717e+00
618.65625,618.8125,0.15625,3.148481e+00,4.238859e-02,3.106093e+00
618.8125,618.96875,0.15625,3.204883e+00,4.238859e-02,3.162494e+00
618.96875,619.125,0.15625,3.236561e+00,4.238859e-02,3.194173e+00
619.125,619.28125,0.15625,3.245754e+00,4.238859e-02,3.203365e+00
619.28125,619.4375,0.15625,3.228968e+00,4.238859e-02,3.186580e+00
619.4375,619.59375,0.15625,3.199325e+00,4.238859e-02,3.156936e+00
619.59375,619.75,0.15625,3.156263e+00,4.238859e-02,3.113874e+00
619.75,619.90625,0.15625,3.098516e+00,4.238859e-02,3.056127e+00
619.90625,620.0625,0.15625,3.025587e+00,4.238859e-02,2.983198e+00
620.0625,620.21875,0.15625,2.940038e+00,4.238859e-02,2.897649e+00
620.21875,620.375,0.15625,2.849737e+00,4.238859e-02,2.807348e+00
620.375,620.53125,0.15625,2.768726e+00,4.238859e-02,2.726337e+00
620.53125,620.6875,0.15625,2.715661e+00,4.238859e-02,2.673272e+00
620.6875,620.84375,0.15625,2.709659e+00,4.238859e-02,2.667270e+00
620.84375,621,0.15625,2.709659e+00,4.238859e-02,2.667270e+00
621,621.15625,0.15625,2.764585e+00,4.238859e-02,2.722197e+00
621.15625,621.3125,0.15625,2.883620e+00,4.238859e-02,2.841232e+00
621.3125,621.46875,0.15625,3.056045e+00,4.238859e-02,3.013657e+00
621.46875,621.625,0.15625,3.257498e+00,4.238859e-02,3.215110e+00
621.625,621.78125,0.15625,3.453813e+00,4.238859e-02,3.411425e+00
621.78125,621.9375,0.15625,3.607465e+00,4.238859e-02,3.565077e+00
621.9375,622.09375,0.15625,3.663678e+00,4.238859e-02,3.621289e+00
622.09375,622.25,0.15625,3.536077e+00,4.238859e-02,3.493689e+00
622.25,622.40625,0.15625,3.311719e+00,4.238859e-02,3.269330e+00
622.40625,622.5625,0.15625,3.015678e+00,4.238859e-02,2.973290e+00
622.5625,622.71875,0.15625,2.684429e+00,4.238859e-02,2.642041e+00
622.71875,622.875,0.15625,2.359651e+00,4.238859e-02,2.317263e+00
622.875,623.03125,0.15625,2.081030e+00,4.238859e-02,2.038641e+00
623.03125,623.1875,0.15625,1.879281e+00,4.238859e-02,1.836892e+00
623.1875,623.34375,0.15625,1.770685e+00,4.238859e-02,1.728296e+00
623.34375,623.5,0.15625,1.754280e+00,4.238859e-02,1.711892e+00
623.5,623.65625,0.15625,1.754280e+00,4.238859e-02,1.711892e+00
623.65625,623.8125,0.15625,1.812457e+00,4.238859e-02,1.770069e+00
623.8125,623.96875,0.15625,1.915062e+00,4.238859e-02,1.872674e+00
623.96875,624.125,0.15625,2.026333e+00,4.238859e-02,1.983945e+00
624.125,624.28125,0.15625,2.113209e+00,4.238859e-02,2.070820e+00
624.28125,624.4375,0.15625,2.138673e+00,4.238859e-02,2.096284e+00
624.4375,624.59375,0.15625,2.079569e+00,4.238859e-02,2.037181e+00
624.59375,624.75,0.15625,1.998428e+00,4.238859e-02,1.956039e+00
624.75,624.90625,0.15625,1.924390e+00,4.238859e-02,1.882002e+00
624.90625,625.0625,0.15625,1.884699e+00,4.238859e-02,1.842310e+00
625.0625,625.21875,0.15625,1.884699e+00,4.238859e-02,1.842310e+00
625.21875,625.375,0.15625,1.897263e+00,4.238859e-02,1.854875e+00
625.375,625.53125,0.15625,1.966313e+00,4.238859e-02,1.923924e+00
625.53125,625.6875,0.15625,2.082289e+00,4.238859e-02,2.039901e+00
625.6875,625.84375,0.15625,2.225823e+00,4.238859e-02,2.183434e+00
625.84375,626,0.15625,2.374293e+00,4.238859e-02,2.331905e+00
626,626.15625,0.15625,2.508683e+00,4.238859e-02,2.466295e+00
626.15625,626.3125,0.15625,2.618431e+00,4.238859e-02,2.576043e+00
626.3125,626.46875,0.15625,2.702816e+00,4.238859e-02,2.660428e+00
626.46875,626.625,0.15625,2.768780e+00,4.238859e-02,2.726391e+00
626.625,626.78125,0.15625,2.826438e+00,4.238859e-02,2.784049e+00
626.78125,626.9375,0.15625,2.884283e+00,4.238859e-02,2.841895e+00
626.9375,627.09375,0.15625,2.945932e+00,4.238859e-02,2.903544e+00
627.09375,627.25,0.15625,3.009314e+00,4.238859e-02,2.966925e+00
627.25,627.40625,0.15625,3.067972e+00,4.238859e-02,3.025584e+00
627.40625,627.5625,0.15625,3.113289e+00,4.238859e-02,3.070900e+00
627.5625,627.71875,0.15625,3.128786e+00,4.238859e-02,3.086397e+00
627.71875,627.875,0.15625,3.082971e+00,4.238859e-02,3.040582e+00
627.875,628.03125,0.15625,2.992282e+00,4.238859e-02,2.949894e+00
628.03125,628.1875,0.15625,2.852400e+00,4.238859e-02,2.810011e+00
628.1875,628.34375,0.15625,2.663655e+00,4.238859e-02,2.621267e+00
628.34375,628.5,0.15625,2.433760e+00,4.238859e-02,2.391371e+00
628.5,628.65625,0.15625,2.179684e+00,4.238859e-02,2.137296e+00
628.65625,628.8125,0.15625,1.927592e+00,4.238859e-02,1.885204e+00
628.8125,628.96875,0.15625,1.710335e+00,4.238859e-02,1.667946e+00
628.96875,629.125,0.15625,1.562800e+00,4.238859e-02,1.520412e+00
629.125,629.28125,0.15625,1.515993e+00,4.238859e-02,1.473605e+00
629.28125,629.4375,0.15625,1.515993e+00,4.238859e-02,1.473605e+00
629.4375,629.59375,0.15625,1.590968e+00,4.238859e-02,1.548579e+00
629.59375,629.75,0.15625,1.793726e+00,4.238859e-02,1.751337e+00
629.75,629.90625,0.15625,2.112064e+00,4.238859e-02,2.069676e+00
629.90625,630.0625,0.15625,2.515248e+00,4.238859e-02,2.472859e+00
630.0625,630.21875,0.15625,2.957095e+00,4.238859e-02,2.914706e+00
630.21875,630.375,0.15625,3.382592e+00,4.238859e-02,3.340203e+00
630.375,630.53125,0.15625,3.737244e+00,4.238859e-02,3.694855e+00
630.53125,630.6875,0.15625,3.977416e+00,4.238859e-02,3.935028e+00
630.6875,630.84375,0.15625,4.042954e+00,4.238859e-02,4.000566e+00
630.84375,631,0.15625,3.892813e+00,4.238859e-02,3.850425e+00
631,631.15625,0.15625,3.669587e+00,4.238859e-02,3.627199e+00
631.15625,631.3125,0.15625,3.420421e+00,4.238859e-02,3.378032e+00
631.3125,631.46875,0.15625,3.187392e+00,4.238859e-02,3.145004e+00
631.46875,631.625,0.15625,2.998752e+00,4.238859e-02,2.956363e+00
631.625,631.78125,0.15625,2.865177e+00,4.238859e-02,2.822788e+00
631.78125,631.9375,0.15625,2.781653e+00,4.238859e-02,2.739264e+00
631.9375,632.09375,0.15625,2.733618e+00,4.238859e-02,2.691230e+00
632.09375,632.25,0.15625,2.704592e+00,4.238859e-02,2.662203e+00
632.25,632.40625,0.15625,2.682264e+00,4.238859e-02,2.639876e+00
632.40625,632.5625,0.15625,2.660964e+00,4.238859e-02,2.618575e+00
632.5625,632.71875,0.15625,2.640134e+00,4.238859e-02,2.597745e+00
632.71875,632.875,0.15625,2.620220e+00,4.238859e-02,2.577832e+00
632.875,633.03125,0.15625,2.598403e+00,4.238859e-02,2.556014e+00
633.03125,633.1875,0.15625,2.566520e+00,4.238859e-02,2.524131e+00
633.1875,633.34375,0.15625,2.512407e+00,4.238859e-02,2.470019e+00
633.34375,633.5,0.15625,2.424222e+00,4.238859e-02,2.381833e+00
633.5,633.65625,0.15625,2.295974e+00,4.238859e-02,2.253585e+00
633.65625,633.8125,0.15625,2.131904e+00,4.238859e-02,2.089516e+00
633.8125,633.96875,0.15625,1.947818e+00,4.238859e-02,1.905430e+00
633.96875,634.125,0.15625,1.768616e+00,4.238859e-02,1.726227e+00
634.125,634.28125,0.15625,1.622653e+00,4.238859e-02,1.580264e+00
634.28125,634.4375,0.15625,1.534566e+00,4.238859e-02,1.492178e+00
634.4375,634.59375,0.15625,1.518639e+00,4.238859e-02,1.476250e+00
634.59375,634.75,0.15625,1.518639e+00,4.238859e-02,1.476250e+00
634.75,634.90625,0.15625,1.574555e+00,4.238859e-02,1.532166e+00
634.90625,635.0625,0.15625,1.686728e+00,4.238859e-02,1.644339e+00
635.0625,635.21875,0.15625,1.827485e+00,4.238859e-02,1.785096e+00
635.21875,635.375,0.15625,1.963426e+00,4.238859e-02,1.921038e+00
635.375,635.53125,0.15625,2.063513e+00,4.238859e-02,2.021124e+00
635.53125,635.6875,0.15625,2.088528e+00,4.238859e-02,2.046139e+00
635.6875,635.84375,0.15625,2.021056e+00,4.238859e-02,1.978667e+00
635.84375,636,0.15625,1.932458e+00,4.238859e-02,1.890069e+00
636,636.15625,0.15625,1.859962e+00,4.238859e-02,1.817574e+00
636.15625,636.3125,0.15625,1.841719e+00,4.238859e-02,1.799330e+00
636.3125,636.46875,0.15625,1.841719e+00,4.238859e-02,1.799330e+00
636.46875,636.625,0.15625,1.908185e+00,4.238859e-02,1.865796e+00
636.625,636.78125,0.15625,2.075165e+00,4.238859e-02,2.032777e+00
636.78125,636.9375,0.15625,2.340004e+00,4.238859e-02,2.297615e+00
636.9375,637.09375,0.15625,2.681661e+00,4.238859e-02,2.639273e+00
637.09375,637.25,0.15625,3.064619e+00,4.238859e-02,3.022230e+00
637.25,637.40625,0.15625,3.445720e+00,4.238859e-02,3.403331e+00
637.40625,637.5625,0.15625,3.782421e+00,4.238859e-02,3.740033e+00
637.5625,637.71875,0.15625,4.040553e+00,4.238859e-02,3.998165e+00
637.71875,637.875,0.15625,4.199754e+00,4.238859e-02,4.157365e+00
637.875,638.03125,0.15625,4.216078e+00,4.238859e-02,4.173689e+00
638.03125,638.1875,0.15625,4.099587e+00,4.238859e-02,4.057199e+00
638.1875,638.34375,0.15625,3.925840e+00,4.238859e-02,3.883451e+00
638.34375,638.5,0.15625,3.712298e+00,4.238859e-02,3.669909e+00
638.5,638.65625,0.15625,3.471516e+00,4.238859e-02,3.429127e+00
638.65625,638.8125,0.15625,3.211994e+00,4.238859e-02,3.169605e+00
638.8125,638.96875,0.15625,2.941372e+00,4.238859e-02,2.898983e+00
638.96875,639.125,0.15625,2.670145e+00,4.238859e-02,2.627756e+00
639.125,639.28125,0.15625,2.413850e+00,4.238859e-02,2.371462e+00
639.28125,639.4375,0.15625,2.192408e+00,4.238859e-02,2.150020e+00
639.4375,639.59375,0.15625,2.026520e+00,4.238859e-02,1.984131e+00
639.59375,639.75,0.15625,1.932347e+00,4.238859e-02,1.889958e+00
639.75,639.90625,0.15625,1.916474e+00,4.238859e-02,1.874086e+00
639.90625,640.0625,0.15625,1.916474e+00,4.238859e-02,1.874086e+00
640.0625,640.21875,0.15625,1.973156e+00,4.238859e-02,1.930767e+00
640.21875,640.375,0.15625,2.085051e+00,4.238859e-02,2.042662e+00
640.375,640.53125,0.15625,2.227391e+00,4.238859e-02,2.185002e+00
640.53125,640.6875,0.15625,2.374232e+00,4.238859e-02,2.331844e+00
640.6875,640.84375,0.15625,2.504665e+00,4.238859e-02,2.462276e+00
640.84375,641,0.15625,2.606867e+00,4.238859e-02,2.564479e+00
641,641.15625,0.15625,2.678740e+00,4.238859e-02,2.636351e+00
641.15625,641.3125,0.15625,2.725255e+00,4.238859e-02,2.682867e+00
641.3125,641.46875,0.15625,2.753958e+00,4.238859e-02,2.711570e+00
641.46875,641.625,0.15625,2.770750e+00,4.238859e-02,2.728361e+00
641.625,641.78125,0.15625,2.774020e+00,4.238859e-02,2.731631e+00
641.78125,641.9375,0.15625,2.758010e+00,4.238859e-02,2.715621e+00
641.9375,642.09375,0.15625,2.730551e+00,4.238859e-02,2.688162e+00
642.09375,642.25,0.15625,2.695970e+00,4.238859e-02,2.653581e+00
642.25,642.40625,0.15625,2.660802e+00,4.238859e-02,2.618414e+00
642.40625,642.5625,0.15625,2.630524e+00,4.238859e-02,2.588136e+00
642.5625,642.71875,0.15625,2.606041e+00,4.238859e-02,2.563652e+00
642.71875,642.875,0.15625,2.581953e+00,4.238859e-02,2.539564e+00
642.875,643.03125,0.15625,2.547867e+00,4.238859e-02,2.505478e+00
643.03125,643.1875,0.15625,2.492576e+00,4.238859e-02,2.450187e+00
643.1875,643.34375,0.15625,2.409522e+00,4.238859e-02,2.367133e+00
643.34375,643.5,0.15625,2.301210e+00,4.238859e-02,2.258822e+00
643.5,643.65625,0.15625,2.180541e+00,4.238859e-02,2.138153e+00
643.65625,643.8125,0.15625,2.068220e+00,4.238859e-02,2.025831e+00
643.8125,643.96875,0.15625,1.986969e+00,4.238859e-02,1.944580e+00
643.96875,644.125,0.15625,1.954532e+00,4.238859e-02,1.912143e+00
644.125,644.28125,0.15625,1.954532e+00,4.238859e-02,1.912143e+00
644.28125,644.4375,0.15625,1.977976e+00,4.238859e-02,1.935588e+00
644.4375,644.59375,0.15625,2.051347e+00,4.238859e-02,2.008959e+00
644.59375,644.75,0.15625,2.157538e+00,4.238859e-02,2.115149e+00
644.75,644.90625,0.15625,2.273707e+00,4.238859e-02,2.231318e+00
644.90625,645.0625,0.15625,2.378301e+00,4.238859e-02,2.335913e+00
645.0625,645.21875,0.15625,2.457171e+00,4.238859e-02,2.414782e+00
645.21875,645.375,0.15625,2.506612e+00,4.238859e-02,2.464223e+00
645.375,645.53125,0.15625,2.532411e+00,4.238859e-02,2.490022e+00
645.53125,645.6875,0.15625,2.545518e+00,4.238859e-02,2.503130e+00
645.6875,645.84375,0.15625,2.556341e+00,4.238859e-02,2.513952e+00
645.84375,646,0.15625,2.570132e+00,4.238859e-02,2.527743e+00
646,646.15625,0.15625,2.585418e+00,4.238859e-02,2.543029e+00
646.15625,646.3125,0.15625,2.595293e+00,4.238859e-02,2.552905e+00
646.3125,646.46875,0.15625,2.581251e+00,4.238859e-02,2.538863e+00
646.46875,646.625,0.15625,2.558857e+00,4.238859e-02,2.516468e+00
646.625,646.78125,0.15625,2.539608e+00,4.238859e-02,2.497220e+00
646.78125,646.9375,0.15625,2.537791e+00,4.238859e-02,2.495403e+00
646.9375,647.09375,0.15625,2.537791e+00,4.238859e-02,2.495403e+00
647.09375,647.25,0.15625,2.565305e+00,4.238859e-02,2.522917e+00
647.25,647.40625,0.15625,2.627224e+00,4.238859e-02,2.584835e+00
647.40625,647.5625,0.15625,2.719853e+00,4.238859e-02,2.677464e+00
647.5625,647.71875,0.15625,2.831826e+00,4.238859e-02,2.789437e+00
647.71875,647.875,0.15625,2.947460e+00,4.238859e-02,2.905071e+00
647.875,648.03125,0.15625,3.050788e+00,4.238859e-02,3.008399e+00
648.03125,648.1875,0.15625,3.128773e+00,4.238859e-02,3.086384e+00
648.1875,648.34375,0.15625,3.173002e+00,4.238859e-02,3.130613e+00
648.34375,648.5,0.15625,3.151894e+00,4.238859e-02,3.109505e+00
648.5,648.65625,0.15625,3.095438e+00,4.238859e-02,3.053050e+00
648.65625,648.8125,0.15625,3.023773e+00,4.238859e-02,2.981385e+00
648.8125,648.96875,0.15625,2.955653e+00,4.238859e-02,2.913264e+00
648.96875,649.125,0.15625,2.913708e+00,4.238859e-02,2.871319e+00
649.125,649.28125,0.15625,2.913708e+00,4.238859e-02,2.871319e+00
649.28125,649.4375,0.15625,2.920272e+00,4.238859e-02,2.877883e+00
649.4375,649.59375,0.15625,2.991416e+00,4.238859e-02,2.949027e+00
649.59375,649.75,0.15625,3.130819e+00,4.238859e-02,3.088431e+00
649.75,649.90625,0.15625,3.325672e+00,4.238859e-02,3.283283e+00
649.90625,650.0625,0.15625,3.546464e+00,4.238859e-02,3.504075e+00
650.0625,650.21875,0.15625,3.751369e+00,4.238859e-02,3.708981e+00
650.21875,650.375,0.15625,3.894400e+00,4.238859e-02,3.852011e+00
650.375,650.53125,0.15625,3.848062e+00,4.238859e-02,3.805673e+00
650.53125,650.6875,0.15625,3.626980e+00,4.238859e-02,3.584591e+00
650.6875,650.84375,0.15625,3.286802e+00,4.238859e-02,3.244414e+00
650.84375,651,0.15625,2.859238e+00,4.238859e-02,2.816849e+00
651,651.15625,0.15625,2.385924e+00,4.238859e-02,2.343535e+00
651.15625,651.3125,0.15625,1.910403e+00,4.238859e-02,1.868015e+00
651.3125,651.46875,0.15625,1.471187e+00,4.238859e-02,1.428798e+00
651.46875,651.625,0.15625,1.097403e+00,4.238859e-02,1.055014e+00
651.625,651.78125,0.15625,8.075535e-01,4.238859e-02,7.651649e-01
651.78125,651.9375,0.15625,6.109043e-01,4.238859e-02,5.685157e-01
651.9375,652.09375,0.15625,5.103597e-01,4.238859e-02,4.679711e-01
652.09375,652.25,0.15625,5.054372e-01,4.238859e-02,4.630486e-01
652.25,652.40625,0.15625,5.054372e-01,4.238859e-02,4.630486e-01
652.40625,652.5625,0.15625,5.941908e-01,4.238859e-02,5.518022e-01
652.5625,652.71875,0.15625,7.734779e-01,4.238859e-02,7.310893e-01
652.71875,652.875,0.15625,1.037643e+00,4.238859e-02,9.952545e-01
652.875,653.03125,0.15625,1.376292e+00,4.238859e-02,1.333904e+00
653.03125,653.1875,0.15625,1.772193e+00,4.238859e-02,1.729804e+00
653.1875,653.34375,0.15625,2.200357e+00,4.238859e-02,2.157968e+00
653.34375,653.5,0.15625,2.629059e+00,4.238859e-02,2.586670e+00
653.5,653.65625,0.15625,3.022960e+00,4.238859e-02,2.980571e+00
653.65625,653.8125,0.15625,3.347920e+00,4.238859e-02,3.305531e+00
653.8125,653.96875,0.15625,3.576518e+00,4.238859e-02,3.534129e+00
653.96875,654.125,0.15625,3.693058e+00,4.238859e-02,3.650670e+00
654.125,654.28125,0.15625,3.602701e+00,4.238859e-02,3.560312e+00
654.28125,654.4375,0.15625,3.438566e+00,4.238859e-02,3.396178e+00
654.4375,654.59375,0.15625,3.240064e+00,4.238859e-02,3.197675e+00
654.59375,654.75,0.15625,3.043471e+00,4.238859e-02,3.001083e+00
654.75,654.90625,0.15625,2.878525e+00,4.238859e-02,2.836136e+00
654.90625,655.0625,0.15625,2.763027e+00,4.238859e-02,2.720639e+00
655.0625,655.21875,0.15625,2.700779e+00,4.238859e-02,2.658390e+00
655.21875,655.375,0.15625,2.683389e+00,4.238859e-02,2.641001e+00
655.375,655.53125,0.15625,2.683389e+00,4.238859e-02,2.641001e+00
655.53125,655.6875,0.15625,2.695248e+00,4.238859e-02,2.652859e+00
655.6875,655.84375,0.15625,2.719799e+00,4.238859e-02,2.677411e+00
655.84375,656,0.15625,2.744846e+00,4.238859e-02,2.702457e+00
656,656.15625,0.15625,2.765078e+00,4.238859e-02,2.722689e+00
656.15625,656.3125,0.15625,2.781309e+00,4.238859e-02,2.738920e+00
656.3125,656.46875,0.15625,2.797321e+00,4.238859e-02,2.754932e+00
656.46875,656.625,0.15625,2.816183e+00,4.238859e-02,2.773794e+00
656.625,656.78125,0.15625,2.837908e+00,4.238859e-02,2.795519e+00
656.78125,656.9375,0.15625,2.859383e+00,4.238859e-02,2.816995e+00
656.9375,657.09375,0.15625,2.876197e+00,4.238859e-02,2.833809e+00
657.09375,657.25,0.15625,2.884665e+00,4.238859e-02,2.842277e+00
657.25,657.40625,0.15625,2.876113e+00,4.238859e-02,2.833724e+00
657.40625,657.5625,0.15625,2.860168e+00,4.238859e-02,2.817779e+00
657.5625,657.71875,0.15625,2.835865e+00,4.238859e-02,2.793476e+00
657.71875,657.875,0.15625,2.800011e+00,4.238859e-02,2.757622e+00
657.875,658.03125,0.15625,2.748855e+00,4.238859e-02,2.706467e+00
658.03125,658.1875,0.15625,2.681232e+00,4.238859e-02,2.638843e+00
658.1875,658.34375,0.15625,2.601554e+00,4.238859e-02,2.559166e+00
658.34375,658.5,0.15625,2.520901e+00,4.238859e-02,2.478513e+00
658.5,658.65625,0.15625,2.455213e+00,4.238859e-02,2.412825e+00
658.65625,658.8125,0.15625,2.420986e+00,4.238859e-02,2.378598e+00
658.8125,658.96875,0.15625,2.420986e+00,4.238859e-02,2.378598e+00
658.96875,659.125,0.15625,2.430066e+00,4.238859e-02,2.387678e+00
659.125,659.28125,0.15625,2.485636e+00,4.238859e-02,2.443247e+00
659.28125,659.4375,0.15625,2.580969e+00,4.238859e-02,2.538581e+00
659.4375,659.59375,0.15625,2.701309e+00,4.238859e-02,2.658920e+00
659.59375,659.75,0.15625,2.827882e+00,4.238859e-02,2.785493e+00
659.75,659.90625,0.15625,2.942312e+00,4.238859e-02,2.899924e+00
659.90625,660.0625,0.15625,3.029794e+00,4.238859e-02,2.987405e+00
660.0625,660.21875,0.15625,3.080291e+00,4.238859e-02,3.037903e+00
660.21875,660.375,0.15625,3.051357e+00,4.238859e-02,3.008969e+00
660.375,660.53125,0.15625,2.971247e+00,4.238859e-02,2.928859e+00
660.53125,660.6875,0.15625,2.853458e+00,4.238859e-02,2.811069e+00
660.6875,660.84375,0.15625,2.708982e+00,4.238859e-02,2.666594e+00
660.84375,661,0.15625,2.554329e+00,4.238859e-02,2.511940e+00
661,661.15625,0.15625,2.409589e+00,4.238859e-02,2.367200e+00
661.15625,661.3125,0.15625,2.294259e+00,4.238859e-02,2.251870e+00
661.3125,661.46875,0.15625,2.221863e+00,4.238859e-02,2.179474e+00
661.46875,661.625,0.15625,2.195277e+00,4.238859e-02,2.152889e+00
661.625,661.78125,0.15625,2.195277e+00,4.238859e-02,2.152889e+00
661.78125,661.9375,0.15625,2.204755e+00,4.238859e-02,2.162367e+00
661.9375,662.09375,0.15625,2.229808e+00,4.238859e-02,2.187420e+00
662.09375,662.25,0.15625,2.226274e+00,4.238859e-02,2.183886e+00
662.25,662.40625,0.15625,2.160818e+00,4.238859e-02,2.118430e+00
662.40625,662.5625,0.15625,2.049155e+00,4.238859e-02,2.006766e+00
662.5625,662.71875,0.15625,1.906993e+00,4.238859e-02,1.864605e+00
662.71875,662.875,0.15625,1.761317e+00,4.238859e-02,1.718928e+00
662.875,663.03125,0.15625,1.643649e+00,4.238859e-02,1.601260e+00
663.03125,663.1875,0.15625,1.582230e+00,4.238859e-02,1.539842e+00
663.1875,663.34375,0.15625,1.582230e+00,4.238859e-02,1.539842e+00
663.34375,663.5,0.15625,1.595253e+00,4.238859e-02,1.552864e+00
663.5,663.65625,0.15625,1.686883e+00,4.238859e-02,1.644495e+00
663.65625,663.8125,0.15625,1.846944e+00,4.238859e-02,1.804556e+00
663.8125,663.96875,0.15625,2.054105e+00,4.238859e-02,2.011717e+00
663.96875,664.125,0.15625,2.281493e+00,4.238859e-02,2.239105e+00
664.125,664.28125,0.15625,2.503007e+00,4.238859e-02,2.460619e+00
664.28125,664.4375,0.15625,2.698522e+00,4.238859e-02,2.656133e+00
664.4375,664.59375,0.15625,2.856653e+00,4.238859e-02,2.814264e+00
664.59375,664.75,0.15625,2.974706e+00,4.238859e-02,2.932318e+00
664.75,664.90625,0.15625,3.056511e+00,4.238859e-02,3.014122e+00
664.90625,665.0625,0.15625,3.109517e+00,4.238859e-02,3.067128e+00
665.0625,665.21875,0.15625,3.142552e+00,4.238859e-02,3.100163e+00
665.21875,665.375,0.15625,3.164927e+00,4.238859e-02,3.122538e+00
665.375,665.53125,0.15625,3.186575e+00,4.238859e-02,3.144187e+00
665.53125,665.6875,0.15625,3.218166e+00,4.238859e-02,3.175777e+00
665.6875,665.84375,0.15625,3.270099e+00,4.238859e-02,3.227710e+00
665.84375,666,0.15625,3.349972e+00,4.238859e-02,3.307583e+00
666,666.15625,0.15625,3.459148e+00,4.238859e-02,3.416759e+00
666.15625,666.3125,0.15625,3.589830e+00,4.238859e-02,3.547441e+00
666.3125,666.46875,0.15625,3.724196e+00,4.238859e-02,3.681807e+00
666.46875,666.625,0.15625,3.836474e+00,4.238859e-02,3.794086e+00
666.625,666.78125,0.15625,3.882896e+00,4.238859e-02,3.840507e+00
666.78125,666.9375,0.15625,3.776192e+00,4.238859e-02,3.733803e+00
666.9375,667.09375,0.15625,3.576757e+00,4.238859e-02,3.534368e+00
667.09375,667.25,0.15625,3.299734e+00,4.238859e-02,3.257345e+00
667.25,667.40625,0.15625,2.974480e+00,4.238859e-02,2.932092e+00
667.40625,667.5625,0.15625,2.639568e+00,4.238859e-02,2.597179e+00
667.5625,667.71875,0.15625,2.335702e+00,4.238859e-02,2.293313e+00
667.71875,667.875,0.15625,2.098050e+00,4.238859e-02,2.055661e+00
667.875,668.03125,0.15625,1.949633e+00,4.238859e-02,1.907245e+00
668.03125,668.1875,0.15625,1.897267e+00,4.238859e-02,1.854879e+00
668.1875,668.34375,0.15625,1.897267e+00,4.238859e-02,1.854879e+00
668.34375,668.5,0.15625,1.931045e+00,4.238859e-02,1.888656e+00
668.5,668.65625,0.15625,2.027578e+00,4.238859e-02,1.985190e+00
668.65625,668.8125,0.15625,2.156256e+00,4.238859e-02,2.113867e+00
668.8125,668.96875,0.15625,2.286885e+00,4.238859e-02,2.244497e+00
668.96875,669.125,0.15625,2.396589e+00,4.238859e-02,2.354200e+00
669.125,669.28125,0.15625,2.473902e+00,4.238859e-02,2.431514e+00
669.28125,669.4375,0.15625,2.518894e+00,4.238859e-02,2.476505e+00
669.4375,669.59375,0.15625,2.539424e+00,4.238859e-02,2.497035e+00
669.59375,669.75,0.15625,2.541353e+00,4.238859e-02,2.498965e+00
669.75,669.90625,0.15625,2.525946e+00,4.238859e-02,2.483557e+00
669.90625,670.0625,0.15625,2.489383e+00,4.238859e-02,2.446995e+00
670.0625,670.21875,0.15625,2.418954e+00,4.238859e-02,2.376566e+00
670.21875,670.375,0.15625,2.304850e+00,4.238859e-02,2.262462e+00
670.375,670.53125,0.15625,2.145998e+00,4.238859e-02,2.103609e+00
670.53125,670.6875,0.15625,1.953475e+00,4.238859e-02,1.911086e+00
670.6875,670.84375,0.15625,1.750368e+00,4.238859e-02,1.707979e+00
670.84375,671,0.15625,1.568199e+00,4.238859e-02,1.525811e+00
671,671.15625,0.15625,1.441055e+00,4.238859e-02,1.398667e+00
671.15625,671.3125,0.15625,1.398997e+00,4.238859e-02,1.356608e+00
671.3125,671.46875,0.15625,1.398997e+00,4.238859e-02,1.356608e+00
671.46875,671.625,0.15625,1.462210e+00,4.238859e-02,1.419821e+00
671.625,671.78125,0.15625,1.636910e+00,4.238859e-02,1.594522e+00
671.78125,671.9375,0.15625,1.913538e+00,4.238859e-02,1.871150e+00
671.9375,672.09375,0.15625,2.267424e+00,4.238859e-02,2.225035e+00
672.09375,672.25,0.15625,2.661854e+00,4.238859e-02,2.619465e+00
672.25,672.40625,0.15625,3.053250e+00,4.238859e-02,3.010861e+00
672.40625,672.5625,0.15625,3.397815e+00,4.238859e-02,3.355427e+00
672.5625,672.71875,0.15625,3.658649e+00,4.238859e-02,3.616261e+00
672.71875,672.875,0.15625,3.811987e+00,4.238859e-02,3.769598e+00
672.875,673.03125,0.15625,3.787181e+00,4.238859e-02,3.744792e+00
673.03125,673.1875,0.15625,3.645516e+00,4.238859e-02,3.603127e+00
673.1875,673.34375,0.15625,3.459620e+00,4.238859e-02,3.417231e+00
673.34375,673.5,0.15625,3.262744e+00,4.238859e-02,3.220356e+00
673.5,673.65625,0.15625,3.080203e+00,4.238859e-02,3.037814e+00
673.65625,673.8125,0.15625,2.924320e+00,4.238859e-02,2.881931e+00
673.8125,673.96875,0.15625,2.793574e+00,4.238859e-02,2.751185e+00
673.96875,674.125,0.15625,2.676171e+00,4.238859e-02,2.633782e+00
674.125,674.28125,0.15625,2.556795e+00,4.238859e-02,2.514406e+00
674.28125,674.4375,0.15625,2.424205e+00,4.238859e-02,2.381816e+00
674.4375,674.59375,0.15625,2.277041e+00,4.238859e-02,2.234652e+00
674.59375,674.75,0.15625,2.125883e+00,4.238859e-02,2.083494e+00
674.75,674.90625,0.15625,1.990931e+00,4.238859e-02,1.948542e+00
674.90625,675.0625,0.15625,1.896231e+00,4.238859e-02,1.853842e+00
675.0625,675.21875,0.15625,1.862517e+00,4.238859e-02,1.820128e+00
675.21875,675.375,0.15625,1.862517e+00,4.238859e-02,1.820128e+00
675.375,675.53125,0.15625,1.901138e+00,4.238859e-02,1.858750e+00
675.53125,675.6875,0.15625,2.011060e+00,4.238859e-02,1.968671e+00
675.6875,675.84375,0.15625,2.179793e+00,4.238859e-02,2.137405e+00
675.84375,676,0.15625,2.387740e+00,4.238859e-02,2.345351e+00
676,676.15625,0.15625,2.614219e+00,4.238859e-02,2.571831e+00
676.15625,676.3125,0.15625,2.842923e+00,4.238859e-02,2.800534e+00
676.3125,676.46875,0.15625,3.064793e+00,4.238859e-02,3.022404e+00
676.46875,676.625,0.15625,3.277360e+00,4.238859e-02,3.234972e+00
676.625,676.78125,0.15625,3.480994e+00,4.238859e-02,3.438606e+00
676.78125,676.9375,0.15625,3.673759e+00,4.238859e-02,3.631370e+00
676.9375,677.09375,0.15625,3.847145e+00,4.238859e-02,3.804756e+00
677.09375,677.25,0.15625,3.984618e+00,4.238859e-02,3.942229e+00
677.25,677.40625,0.15625,4.061911e+00,4.238859e-02,4.019522e+00
677.40625,677.5625,0.15625,3.962273e+00,4.238859e-02,3.919884e+00
677.5625,677.71875,0.15625,3.760585e+00,4.238859e-02,3.718196e+00
677.71875,677.875,0.15625,3.468212e+00,4.238859e-02,3.425823e+00
677.875,678.03125,0.15625,3.111953e+00,4.238859e-02,3.069564e+00
678.03125,678.1875,0.15625,2.730138e+00,4.238859e-02,2.687750e+00
678.1875,678.34375,0.15625,2.366009e+00,4.238859e-02,2.323620e+00
678.34375,678.5,0.15625,2.059887e+00,4.238859e-02,2.017498e+00
678.5,678.65625,0.15625,1.841805e+00,4.238859e-02,1.799416e+00
678.65625,678.8125,0.15625,1.726060e+00,4.238859e-02,1.683671e+00
678.8125,678.96875,0.15625,1.708756e+00,4.238859e-02,1.666367e+00
678.96875,679.125,0.15625,1.708756e+00,4.238859e-02,1.666367e+00
679.125,679.28125,0.15625,1.768827e+00,4.238859e-02,1.726438e+00
679.28125,679.4375,0.15625,1.872439e+00,4.238859e-02,1.830051e+00
679.4375,679.59375,0.15625,1.980000e+00,4.238859e-02,1.937612e+00
679.59375,679.75,0.15625,2.054397e+00,4.238859e-02,2.012009e+00
679.75,679.90625,0.15625,2.011858e+00,4.238859e-02,1.969470e+00
679.90625,680.0625,0.15625,1.890378e+00,4.238859e-02,1.847990e+00
680.0625,680.21875,0.15625,1.726939e+00,4.238859e-02,1.684550e+00
680.21875,680.375,0.15625,1.555221e+00,4.238859e-02,1.512833e+00
680.375,680.53125,0.15625,1.413070e+00,4.238859e-02,1.370681e+00
680.53125,680.6875,0.15625,1.335306e+00,4.238859e-02,1.292918e+00
680.6875,680.84375,0.15625,1.335306e+00,4.238859e-02,1.292918e+00
680.84375,681,0.15625,1.347613e+00,4.238859e-02,1.305225e+00
681,681.15625,0.15625,1.462397e+00,4.238859e-02,1.420008e+00
681.15625,681.3125,0.15625,1.677003e+00,4.238859e-02,1.634615e+00
681.3125,681.46875,0.15625,1.974262e+00,4.238859e-02,1.931873e+00
681.46875,681.625,0.15625,2.325087e+00,4.238859e-02,2.282698e+00
681.625,681.78125,0.15625,2.692688e+00,4.238859e-02,2.650299e+00
681.78125,681.9375,0.15625,3.037821e+00,4.238859e-02,2.995433e+00
681.9375,682.09375,0.15625,3.324393e+00,4.238859e-02,3.282005e+00
682.09375,682.25,0.15625,3.524659e+00,4.238859e-02,3.482270e+00
682.25,682.40625,0.15625,3.619658e+00,4.238859e-02,3.577269e+00
682.40625,682.5625,0.15625,3.527939e+00,4.238859e-02,3.485550e+00
682.5625,682.71875,0.15625,3.374712e+00,4.238859e-02,3.332324e+00
682.71875,682.875,0.15625,3.194346e+00,4.238859e-02,3.151957e+00
682.875,683.03125,0.15625,3.022761e+00,4.238859e-02,2.980372e+00
683.03125,683.1875,0.15625,2.890792e+00,4.238859e-02,2.848403e+00
683.1875,683.34375,0.15625,2.818658e+00,4.238859e-02,2.776269e+00
683.34375,683.5,0.15625,2.812919e+00,4.238859e-02,2.770530e+00
683.5,683.65625,0.15625,2.812919e+00,4.238859e-02,2.770530e+00
683.65625,683.8125,0.15625,2.866674e+00,4.238859e-02,2.824286e+00
683.8125,683.96875,0.15625,2.962770e+00,4.238859e-02,2.920382e+00
683.96875,684.125,0.15625,3.078846e+00,4.238859e-02,3.036458e+00
684.125,684.28125,0.15625,3.192603e+00,4.238859e-02,3.150215e+00
684.28125,684.4375,0.15625,3.285884e+00,4.238859e-02,3.243496e+00
684.4375,684.59375,0.15625,3.346879e+00,4.238859e-02,3.304490e+00
684.59375,684.75,0.15625,3.357984e+00,4.238859e-02,3.315596e+00
684.75,684.90625,0.15625,3.314913e+00,4.238859e-02,3.272525e+00
684.90625,685.0625,0.15625,3.250136e+00,4.238859e-02,3.207747e+00
685.0625,685.21875,0.15625,3.173288e+00,4.238859e-02,3.130899e+00
685.21875,685.375,0.15625,3.092306e+00,4.238859e-02,3.049918e+00
685.375,685.53125,0.15625,3.010982e+00,4.238859e-02,2.968594e+00
685.53125,685.6875,0.15625,2.927535e+00,4.238859e-02,2.885146e+00
685.6875,685.84375,0.15625,2.835148e+00,4.238859e-02,2.792760e+00
685.84375,686,0.15625,2.724815e+00,4.238859e-02,2.682427e+00
686,686.15625,0.15625,2.589811e+00,4.238859e-02,2.547423e+00
686.15625,686.3125,0.15625,2.430227e+00,4.238859e-02,2.387839e+00
686.3125,686.46875,0.15625,2.255664e+00,4.238859e-02,2.213275e+00
686.46875,686.625,0.15625,2.084710e+00,4.238859e-02,2.042322e+00
686.625,686.78125,0.15625,1.940992e+00,4.238859e-02,1.898603e+00
686.78125,686.9375,0.15625,1.846878e+00,4.238859e-02,1.804489e+00
686.9375,687.09375,0.15625,1.816895e+00,4.238859e-02,1.774506e+00
687.09375,687.25,0.15625,1.816895e+00,4.238859e-02,1.774506e+00
687.25,687.40625,0.15625,1.853072e+00,4.238859e-02,1.810683e+00
687.40625,687.5625,0.15625,1.943882e+00,4.238859e-02,1.901494e+00
687.5625,687.71875,0.15625,2.067258e+00,4.238859e-02,2.024869e+00
687.71875,687.875,0.15625,2.196805e+00,4.238859e-02,2.154416e+00
687.875,688.03125,0.15625,2.309254e+00,4.238859e-02,2.266866e+00
688.03125,688.1875,0.15625,2.390714e+00,4.238859e-02,2.348325e+00
688.1875,688.34375,0.15625,2.439681e+00,4.238859e-02,2.397292e+00
688.34375,688.5,0.15625,2.465891e+00,4.238859e-02,2.423502e+00
688.5,688.65625,0.15625,2.485585e+00,4.238859e-02,2.443197e+00
688.65625,688.8125,0.15625,2.515058e+00,4.238859e-02,2.472670e+00
688.8125,688.96875,0.15625,2.564916e+00,4.238859e-02,2.522527e+00
688.96875,689.125,0.15625,2.637018e+00,4.238859e-02,2.594629e+00
689.125,689.28125,0.15625,2.724858e+00,4.238859e-02,2.682469e+00
689.28125,689.4375,0.15625,2.816643e+00,4.238859e-02,2.774255e+00
689.4375,689.59375,0.15625,2.899324e+00,4.238859e-02,2.856935e+00
689.59375,689.75,0.15625,2.961693e+00,4.238859e-02,2.919305e+00
689.75,689.90625,0.15625,2.994828e+00,4.238859e-02,2.952439e+00
689.90625,690.0625,0.15625,2.954693e+00,4.238859e-02,2.912304e+00
690.0625,690.21875,0.15625,2.870757e+00,4.238859e-02,2.828368e+00
690.21875,690.375,0.15625,2.740542e+00,4.238859e-02,2.698153e+00
690.375,690.53125,0.15625,2.566165e+00,4.238859e-02,2.523777e+00
690.53125,690.6875,0.15625,2.357247e+00,4.238859e-02,2.314859e+00
690.6875,690.84375,0.15625,2.132437e+00,4.238859e-02,2.090048e+00
690.84375,691,0.15625,1.918409e+00,4.238859e-02,1.876020e+00
691,691.15625,0.15625,1.746144e+00,4.238859e-02,1.703755e+00
691.15625,691.3125,0.15625,1.645314e+00,4.238859e-02,1.602925e+00
691.3125,691.46875,0.15625,1.638247e+00,4.238859e-02,1.595858e+00
691.46875,691.625,0.15625,1.638247e+00,4.238859e-02,1.595858e+00
691.625,691.78125,0.15625,1.735009e+00,4.238859e-02,1.692620e+00
691.78125,691.9375,0.15625,1.930799e+00,4.238859e-02,1.888411e+00
691.9375,692.09375,0.15625,2.206173e+00,4.238859e-02,2.163784e+00
692.09375,692.25,0.15625,2.529949e+00,4.238859e-02,2.487560e+00
692.25,692.40625,0.15625,2.864137e+00,4.238859e-02,2.821748e+00
692.40625,692.5625,0.15625,3.169886e+00,4.238859e-02,3.127497e+00
692.5625,692.71875,0.15625,3.413409e+00,4.238859e-02,3.371020e+00
692.71875,692.875,0.15625,3.570947e+00,4.238859e-02,3.528559e+00
692.875,693.03125,0.15625,3.600791e+00,4.238859e-02,3.558402e+00
693.03125,693.1875,0.15625,3.494452e+00,4.238859e-02,3.452063e+00
693.1875,693.34375,0.15625,3.340135e+00,4.238859e-02,3.297747e+00
693.34375,693.5,0.15625,3.169364e+00,4.238859e-02,3.126976e+00
693.5,693.65625,0.15625,3.011874e+00,4.238859e-02,2.969486e+00
693.65625,693.8125,0.15625,2.889922e+00,4.238859e-02,2.847533e+00
693.8125,693.96875,0.15625,2.814652e+00,4.238859e-02,2.772263e+00
693.96875,694.125,0.15625,2.785597e+00,4.238859e-02,2.743209e+00
694.125,694.28125,0.15625,2.785597e+00,4.238859e-02,2.743209e+00
694.28125,694.4375,0.15625,2.793445e+00,4.238859e-02,2.751056e+00
694.4375,694.59375,0.15625,2.825017e+00,4.238859e-02,2.782629e+00
694.59375,694.75,0.15625,2.868586e+00,4.238859e-02,2.826198e+00
694.75,694.90625,0.15625,2.917532e+00,4.238859e-02,2.875144e+00
694.90625,695.0625,0.15625,2.971128e+00,4.238859e-02,2.928740e+00
695.0625,695.21875,0.15625,3.032483e+00,4.238859e-02,2.990094e+00
695.21875,695.375,0.15625,3.104844e+00,4.238859e-02,3.062456e+00
695.375,695.53125,0.15625,3.187998e+00,4.238859e-02,3.145609e+00
695.53125,695.6875,0.15625,3.276177e+00,4.238859e-02,3.233789e+00
695.6875,695.84375,0.15625,3.358058e+00,4.238859e-02,3.315669e+00
695.84375,696,0.15625,3.418478e+00,4.238859e-02,3.376090e+00
696,696.15625,0.15625,3.410784e+00,4.238859e-02,3.368396e+00
696.15625,696.3125,0.15625,3.316511e+00,4.238859e-02,3.274122e+00
696.3125,696.46875,0.15625,3.152672e+00,4.238859e-02,3.110283e+00
696.46875,696.625,0.15625,2.920817e+00,4.238859e-02,2.878428e+00
696.625,696.78125,0.15625,2.630429e+00,4.238859e-02,2.588041e+00
696.78125,696.9375,0.15625,2.298802e+00,4.238859e-02,2.256414e+00
696.9375,697.09375,0.15625,1.949672e+00,4.238859e-02,1.907283e+00
697.09375,697.25,0.15625,1.610635e+00,4.238859e-02,1.568247e+00
697.25,697.40625,0.15625,1.309808e+00,4.238859e-02,1.267420e+00
697.40625,697.5625,0.15625,1.072394e+00,4.238859e-02,1.030006e+00
697.5625,697.71875,0.15625,9.178043e-01,4.238859e-02,8.754157e-01
697.71875,697.875,0.15625,8.576496e-01,4.238859e-02,8.152611e-01
697.875,698.03125,0.15625,8.576496e-01,4.238859e-02,8.152611e-01
698.03125,698.1875,0.15625,8.946403e-01,4.238859e-02,8.522517e-01
698.1875,698.34375,0.15625,1.022291e+00,4.238859e-02,9.799027e-01
698.34375,698.5,0.15625,1.225456e+00,4.238859e-02,1.183067e+00
698.5,698.65625,0.15625,1.481878e+00,4.238859e-02,1.439489e+00
698.65625,698.8125,0.15625,1.764977e+00,4.238859e-02,1.722589e+00
698.8125,698.96875,0.15625,2.047760e+00,4.238859e-02,2.005371e+00
698.96875,699.125,0.15625,2.307224e+00,4.238859e-02,2.264835e+00
699.125,699.28125,0.15625,2.528131e+00,4.238859e-02,2.485742e+00
699.28125,699.4375,0.15625,2.704942e+00,4.238859e-02,2.662553e+00
699.4375,699.59375,0.15625,2.841208e+00,4.238859e-02,2.798819e+00
699.59375,699.75,0.15625,2.946630e+00,4.238859e-02,2.904242e+00
699.75,699.90625,0.15625,3.032916e+00,4.238859e-02,2.990527e+00
699.90625,700.0625,0.15625,3.109987e+00,4.238859e-02,3.067599e+00
700.0625,700.21875,0.15625,3.183810e+00,4.238859e-02,3.141422e+00
700.21875,700.375,0.15625,3.256261e+00,4.238859e-02,3.213873e+00
700.375,700.53125,0.15625,3.326475e+00,4.238859e-02,3.284086e+00
700.53125,700.6875,0.15625,3.392600e+00,4.238859e-02,3.350211e+00
700.6875,700.84375,0.15625,3.452948e+00,4.238859e-02,3.410560e+00
700.84375,701,0.15625,3.506114e+00,4.238859e-02,3.463726e+00
701,701.15625,0.15625,3.550276e+00,4.238859e-02,3.507887e+00
701.15625,701.3125,0.15625,3.582275e+00,4.238859e-02,3.539886e+00
701.3125,701.46875,0.15625,3.587531e+00,4.238859e-02,3.545142e+00
701.46875,701.625,0.15625,3.545641e+00,4.238859e-02,3.503252e+00
701.625,701.78125,0.15625,3.463372e+00,4.238859e-02,3.420984e+00
701.78125,701.9375,0.15625,3.334874e+00,4.238859e-02,3.292485e+00
701.9375,702.09375,0.15625,3.158769e+00,4.238859e-02,3.116381e+00
702.09375,702.25,0.15625,2.940451e+00,4.238859e-02,2.898063e+00
702.25,702.40625,0.15625,2.693547e+00,4.238859e-02,2.651159e+00
702.40625,702.5625,0.15625,2.439683e+00,4.238859e-02,2.397294e+00
702.5625,702.71875,0.15625,2.205988e+00,4.238859e-02,2.163599e+00
702.71875,702.875,0.15625,2.020506e+00,4.238859e-02,1.978118e+00
702.875,703.03125,0.15625,1.906489e+00,4.238859e-02,1.864100e+00
703.03125,703.1875,0.15625,1.877158e+00,4.238859e-02,1.834769e+00
703.1875,703.34375,0.15625,1.877158e+00,4.238859e-02,1.834769e+00
703.34375,703.5,0.15625,1.932578e+00,4.238859e-02,1.890189e+00
703.5,703.65625,0.15625,2.059715e+00,4.238859e-02,2.017326e+00
703.65625,703.8125,0.15625,2.235762e+00,4.238859e-02,2.193374e+00
703.8125,703.96875,0.15625,2.433743e+00,4.238859e-02,2.391354e+00
703.96875,704.125,0.15625,2.628614e+00,4.238859e-02,2.586226e+00
704.125,704.28125,0.15625,2.802026e+00,4.238859e-02,2.759637e+00
704.28125,704.4375,0.15625,2.944420e+00,4.238859e-02,2.902031e+00
704.4375,704.59375,0.15625,3.054265e+00,4.238859e-02,3.011876e+00
704.59375,704.75,0.15625,3.135255e+00,4.238859e-02,3.092866e+00
704.75,704.90625,0.15625,3.192909e+00,4.238859e-02,3.150520e+00
704.90625,705.0625,0.15625,3.231887e+00,4.238859e-02,3.189499e+00
705.0625,705.21875,0.15625,3.254643e+00,4.238859e-02,3.212254e+00
705.21875,705.375,0.15625,3.249482e+00,4.238859e-02,3.207093e+00
705.375,705.53125,0.15625,3.215425e+00,4.238859e-02,3.173037e+00
705.53125,705.6875,0.15625,3.153284e+00,4.238859e-02,3.110895e+00
705.6875,705.84375,0.15625,3.056212e+00,4.238859e-02,3.013824e+00
705.84375,706,0.15625,2.917918e+00,4.238859e-02,2.875529e+00
706,706.15625,0.15625,2.735344e+00,4.238859e-02,2.692956e+00
706.15625,706.3125,0.15625,2.511737e+00,4.238859e-02,2.469348e+00
706.3125,706.46875,0.15625,2.258896e+00,4.238859e-02,2.216508e+00
706.46875,706.625,0.15625,1.997476e+00,4.238859e-02,1.955087e+00
706.625,706.78125,0.15625,1.754764e+00,4.238859e-02,1.712375e+00
706.78125,706.9375,0.15625,1.560289e+00,4.238859e-02,1.517900e+00
706.9375,707.09375,0.15625,1.440304e+00,4.238859e-02,1.397915e+00
707.09375,707.25,0.15625,1.412566e+00,4.238859e-02,1.370177e+00
707.25,707.40625,0.15625,1.412566e+00,4.238859e-02,1.370177e+00
707.40625,707.5625,0.15625,1.482708e+00,4.238859e-02,1.440320e+00
707.5625,707.71875,0.15625,1.643034e+00,4.238859e-02,1.600645e+00
707.71875,707.875,0.15625,1.873937e+00,4.238859e-02,1.831549e+00
707.875,708.03125,0.15625,2.147516e+00,4.238859e-02,2.105128e+00
708.03125,708.1875,0.15625,2.432409e+00,4.238859e-02,2.390020e+00
708.1875,708.34375,0.15625,2.698619e+00,4.238859e-02,2.656230e+00
708.34375,708.5,0.15625,2.921185e+00,4.238859e-02,2.878797e+00
708.5,708.65625,0.15625,3.082043e+00,4.238859e-02,3.039654e+00
708.65625,708.8125,0.15625,3.170154e+00,4.238859e-02,3.127766e+00
708.8125,708.96875,0.15625,3.114176e+00,4.238859e-02,3.071788e+00
708.96875,709.125,0.15625,2.976652e+00,4.238859e-02,2.934264e+00
709.125,709.28125,0.15625,2.780347e+00,4.238859e-02,2.737958e+00
709.28125,709.4375,0.15625,2.544658e+00,4.238859e-02,2.502269e+00
709.4375,709.59375,0.15625,2.296050e+00,4.238859e-02,2.253661e+00
709.59375,709.75,0.15625,2.066093e+00,4.238859e-02,2.023705e+00
709.75,709.90625,0.15625,1.887502e+00,4.238859e-02,1.845113e+00
709.90625,710.0625,0.15625,1.788870e+00,4.238859e-02,1.746481e+00
710.0625,710.21875,0.15625,1.788870e+00,4.238859e-02,1.746481e+00
710.21875,710.375,0.15625,1.789421e+00,4.238859e-02,1.747033e+00
710.375,710.53125,0.15625,1.895226e+00,4.238859e-02,1.852838e+00
710.53125,710.6875,0.15625,2.097937e+00,4.238859e-02,2.055549e+00
710.6875,710.84375,0.15625,2.376406e+00,4.238859e-02,2.334017e+00
710.84375,711,0.15625,2.700730e+00,4.238859e-02,2.658341e+00
711,711.15625,0.15625,3.037682e+00,4.238859e-02,2.995293e+00
711.15625,711.3125,0.15625,3.356148e+00,4.238859e-02,3.313759e+00
711.3125,711.46875,0.15625,3.631359e+00,4.238859e-02,3.588971e+00
711.46875,711.625,0.15625,3.847130e+00,4.238859e-02,3.804742e+00
711.625,711.78125,0.15625,3.995948e+00,4.238859e-02,3.953560e+00
711.78125,711.9375,0.15625,4.077370e+00,4.238859e-02,4.034982e+00
711.9375,712.09375,0.15625,4.057002e+00,4.238859e-02,4.014613e+00
712.09375,712.25,0.15625,3.968917e+00,4.238859e-02,3.926528e+00
712.25,712.40625,0.15625,3.839135e+00,4.238859e-02,3.796746e+00
712.40625,712.5625,0.15625,3.676776e+00,4.238859e-02,3.634387e+00
712.5625,712.71875,0.15625,3.493250e+00,4.238859e-02,3.450862e+00
712.71875,712.875,0.15625,3.302521e+00,4.238859e-02,3.260132e+00
712.875,713.03125,0.15625,3.119841e+00,4.238859e-02,3.077453e+00
713.03125,713.1875,0.15625,2.958870e+00,4.238859e-02,2.916481e+00
713.1875,713.34375,0.15625,2.827911e+00,4.238859e-02,2.785523e+00
713.34375,713.5,0.15625,2.726782e+00,4.238859e-02,2.684393e+00
713.5,713.65625,0.15625,2.645859e+00,4.238859e-02,2.603470e+00
713.65625,713.8125,0.15625,2.568261e+00,4.238859e-02,2.525873e+00
713.8125,713.96875,0.15625,2.474885e+00,4.238859e-02,2.432496e+00
713.96875,714.125,0.15625,2.350840e+00,4.238859e-02,2.308451e+00
714.125,714.28125,0.15625,2.191137e+00,4.238859e-02,2.148748e+00
714.28125,714.4375,0.15625,2.003634e+00,4.238859e-02,1.961245e+00
714.4375,714.59375,0.15625,1.808190e+00,4.238859e-02,1.765802e+00
714.59375,714.75,0.15625,1.632223e+00,4.238859e-02,1.589834e+00
714.75,714.90625,0.15625,1.503973e+00,4.238859e-02,1.461584e+00
714.90625,715.0625,0.15625,1.445403e+00,4.238859e-02,1.403014e+00
715.0625,715.21875,0.15625,1.445403e+00,4.238859e-02,1.403014e+00
715.21875,715.375,0.15625,1.466624e+00,4.238859e-02,1.424236e+00
715.375,715.53125,0.15625,1.563275e+00,4.238859e-02,1.520886e+00
715.53125,715.6875,0.15625,1.717482e+00,4.238859e-02,1.675093e+00
715.6875,715.84375,0.15625,1.902175e+00,4.238859e-02,1.859787e+00
715.84375,716,0.15625,2.087663e+00,4.238859e-02,2.045274e+00
716,716.15625,0.15625,2.248720e+00,4.238859e-02,2.206331e+00
716.15625,716.3125,0.15625,2.370201e+00,4.238859e-02,2.327812e+00
716.3125,716.46875,0.15625,2.449509e+00,4.238859e-02,2.407120e+00
716.46875,716.625,0.15625,2.495194e+00,4.238859e-02,2.452806e+00
716.625,716.78125,0.15625,2.522270e+00,4.238859e-02,2.479881e+00
716.78125,716.9375,0.15625,2.546037e+00,4.238859e-02,2.503649e+00
716.9375,717.09375,0.15625,2.576763e+00,4.238859e-02,2.534374e+00
717.09375,717.25,0.15625,2.617168e+00,4.238859e-02,2.574779e+00
717.25,717.40625,0.15625,2.663449e+00,4.238859e-02,2.621061e+00
717.40625,717.5625,0.15625,2.709035e+00,4.238859e-02,2.666646e+00
717.5625,717.71875,0.15625,2.749105e+00,4.238859e-02,2.706717e+00
717.71875,717.875,0.15625,2.783722e+00,4.238859e-02,2.741334e+00
717.875,718.03125,0.15625,2.818183e+00,4.238859e-02,2.775795e+00
718.03125,718.1875,0.15625,2.860598e+00,4.238859e-02,2.818209e+00
718.1875,718.34375,0.15625,2.917964e+00,4.238859e-02,2.875575e+00
718.34375,718.5,0.15625,2.992583e+00,4.238859e-02,2.950195e+00
718.5,718.65625,0.15625,3.080275e+00,4.238859e-02,3.037887e+00
718.65625,718.8125,0.15625,3.170874e+00,4.238859e-02,3.128485e+00
718.8125,718.96875,0.15625,3.250451e+00,4.238859e-02,3.208063e+00
718.96875,719.125,0.15625,3.304198e+00,4.238859e-02,3.261810e+00
719.125,719.28125,0.15625,3.285587e+00,4.238859e-02,3.243198e+00
719.28125,719.4375,0.15625,3.199756e+00,4.238859e-02,3.157368e+00
719.4375,719.59375,0.15625,3.064052e+00,4.238859e-02,3.021664e+00
719.59375,719.75,0.15625,2.888680e+00,4.238859e-02,2.846292e+00
719.75,719.90625,0.15625,2.691755e+00,4.238859e-02,2.649366e+00
719.90625,720.0625,0.15625,2.497880e+00,4.238859e-02,2.455491e+00
720.0625,720.21875,0.15625,2.334693e+00,4.238859e-02,2.292304e+00
720.21875,720.375,0.15625,2.227761e+00,4.238859e-02,2.185372e+00
720.375,720.53125,0.15625,2.195072e+00,4.238859e-02,2.152683e+00
720.53125,720.6875,0.15625,2.195072e+00,4.238859e-02,2.152683e+00
720.6875,720.84375,0.15625,2.242775e+00,4.238859e-02,2.200386e+00
720.84375,721,0.15625,2.363553e+00,4.238859e-02,2.321165e+00
721,721.15625,0.15625,2.538166e+00,4.238859e-02,2.495777e+00
721.15625,721.3125,0.15625,2.739576e+00,4.238859e-02,2.697187e+00
721.3125,721.46875,0.15625,2.938300e+00,4.238859e-02,2.895912e+00
721.46875,721.625,0.15625,3.107388e+00,4.238859e-02,3.064999e+00
721.625,721.78125,0.15625,3.225936e+00,4.238859e-02,3.183547e+00
721.78125,721.9375,0.15625,3.267535e+00,4.238859e-02,3.225146e+00
721.9375,722.09375,0.15625,3.189626e+00,4.238859e-02,3.147238e+00
722.09375,722.25,0.15625,3.059216e+00,4.238859e-02,3.016828e+00
722.25,722.40625,0.15625,2.896315e+00,4.238859e-02,2.853926e+00
722.40625,722.5625,0.15625,2.727485e+00,4.238859e-02,2.685096e+00
722.5625,722.71875,0.15625,2.582784e+00,4.238859e-02,2.540395e+00
722.71875,722.875,0.15625,2.490975e+00,4.238859e-02,2.448587e+00
722.875,723.03125,0.15625,2.473816e+00,4.238859e-02,2.431427e+00
723.03125,723.1875,0.15625,2.473816e+00,4.238859e-02,2.431427e+00
723.1875,723.34375,0.15625,2.540873e+00,4.238859e-02,2.498484e+00
723.34375,723.5,0.15625,2.686451e+00,4.238859e-02,2.644063e+00
723.5,723.65625,0.15625,2.889652e+00,4.238859e-02,2.847264e+00
723.65625,723.8125,0.15625,3.117659e+00,4.238859e-02,3.075271e+00
723.8125,723.96875,0.15625,3.331425e+00,4.238859e-02,3.289036e+00
723.96875,724.125,0.15625,3.492363e+00,4.238859e-02,3.449974e+00
724.125,724.28125,0.15625,3.539705e+00,4.238859e-02,3.497316e+00
724.28125,724.4375,0.15625,3.399253e+00,4.238859e-02,3.356865e+00
724.4375,724.59375,0.15625,3.155210e+00,4.238859e-02,3.112822e+00
724.59375,724.75,0.15625,2.828249e+00,4.238859e-02,2.785860e+00
724.75,724.90625,0.15625,2.448503e+00,4.238859e-02,2.406114e+00
724.90625,725.0625,0.15625,2.051322e+00,4.238859e-02,2.008933e+00
725.0625,725.21875,0.15625,1.672749e+00,4.238859e-02,1.630360e+00
725.21875,725.375,0.15625,1.345412e+00,4.238859e-02,1.303024e+00
725.375,725.53125,0.15625,1.095357e+00,4.238859e-02,1.052969e+00
725.53125,725.6875,0.15625,9.400170e-01,4.238859e-02,8.976284e-01
725.6875,725.84375,0.15625,8.872197e-01,4.238859e-02,8.448311e-01
725.84375,726,0.15625,8.872197e-01,4.238859e-02,8.448311e-01
726,726.15625,0.15625,9.349670e-01,4.238859e-02,8.925785e-01
726.15625,726.3125,0.15625,1.071842e+00,4.238859e-02,1.029453e+00
726.3125,726.46875,0.15625,1.278184e+00,4.238859e-02,1.235796e+00
726.46875,726.625,0.15625,1.528410e+00,4.238859e-02,1.486021e+00
726.625,726.78125,0.15625,1.794738e+00,4.238859e-02,1.752350e+00
726.78125,726.9375,0.15625,2.052136e+00,4.238859e-02,2.009748e+00
726.9375,727.09375,0.15625,2.283505e+00,4.238859e-02,2.241116e+00
727.09375,727.25,0.15625,2.483531e+00,4.238859e-02,2.441143e+00
727.25,727.40625,0.15625,2.659545e+00,4.238859e-02,2.617157e+00
727.40625,727.5625,0.15625,2.828396e+00,4.238859e-02,2.786008e+00
727.5625,727.71875,0.15625,3.009705e+00,4.238859e-02,2.967316e+00
727.71875,727.875,0.15625,3.217319e+00,4.238859e-02,3.174930e+00
727.875,728.03125,0.15625,3.451792e+00,4.238859e-02,3.409404e+00
728.03125,728.1875,0.15625,3.696728e+00,4.238859e-02,3.654339e+00
728.1875,728.34375,0.15625,3.920706e+00,4.238859e-02,3.878317e+00
728.34375,728.5,0.15625,4.084677e+00,4.238859e-02,4.042288e+00
728.5,728.65625,0.15625,4.103089e+00,4.238859e-02,4.060701e+00
728.65625,728.8125,0.15625,3.935350e+00,4.238859e-02,3.892961e+00
728.8125,728.96875,0.15625,3.672475e+00,4.238859e-02,3.630086e+00
728.96875,729.125,0.15625,3.356124e+00,4.238859e-02,3.313736e+00
729.125,729.28125,0.15625,3.037263e+00,4.238859e-02,2.994874e+00
729.28125,729.4375,0.15625,2.764696e+00,4.238859e-02,2.722307e+00
729.4375,729.59375,0.15625,2.574793e+00,4.238859e-02,2.532404e+00
729.59375,729.75,0.15625,2.485047e+00,4.238859e-02,2.442659e+00
729.75,729.90625,0.15625,2.485047e+00,4.238859e-02,2.442659e+00
729.90625,730.0625,0.15625,2.492763e+00,4.238859e-02,2.450375e+00
730.0625,730.21875,0.15625,2.578573e+00,4.238859e-02,2.536184e+00
730.21875,730.375,0.15625,2.713115e+00,4.238859e-02,2.670726e+00
730.375,730.53125,0.15625,2.864562e+00,4.238859e-02,2.822174e+00
730.53125,730.6875,0.15625,3.004827e+00,4.238859e-02,2.962439e+00
730.6875,730.84375,0.15625,3.113178e+00,4.238859e-02,3.070790e+00
730.84375,731,0.15625,3.177205e+00,4.238859e-02,3.134816e+00
731,731.15625,0.15625,3.159046e+00,4.238859e-02,3.116658e+00
731.15625,731.3125,0.15625,3.084909e+00,4.238859e-02,3.042520e+00
731.3125,731.46875,0.15625,2.980975e+00,4.238859e-02,2.938586e+00
731.46875,731.625,0.15625,2.862310e+00,4.238859e-02,2.819921e+00
731.625,731.78125,0.15625,2.745567e+00,4.238859e-02,2.703178e+00
731.78125,731.9375,0.15625,2.645473e+00,4.238859e-02,2.603084e+00
731.9375,732.09375,0.15625,2.570718e+00,4.238859e-02,2.528329e+00
732.09375,732.25,0.15625,2.520767e+00,4.238859e-02,2.478378e+00
732.25,732.40625,0.15625,2.485220e+00,4.238859e-02,2.442831e+00
732.40625,732.5625,0.15625,2.446542e+00,4.238859e-02,2.404154e+00
732.5625,732.71875,0.15625,2.385675e+00,4.238859e-02,2.343286e+00
732.71875,732.875,0.15625,2.288817e+00,4.238859e-02,2.246429e+00
732.875,733.03125,0.15625,2.153077e+00,4.238859e-02,2.110688e+00
733.03125,733.1875,0.15625,1.989027e+00,4.238859e-02,1.946638e+00
733.1875,733.34375,0.15625,1.819256e+00,4.238859e-02,1.776867e+00
733.34375,733.5,0.15625,1.673362e+00,4.238859e-02,1.630973e+00
733.5,733.65625,0.15625,1.580902e+00,4.238859e-02,1.538513e+00
733.65625,733.8125,0.15625,1.564351e+00,4.238859e-02,1.521962e+00
733.8125,733.96875,0.15625,1.564351e+00,4.238859e-02,1.521962e+00
733.96875,734.125,0.15625,1.633928e+00,4.238859e-02,1.591540e+00
734.125,734.28125,0.15625,1.785521e+00,4.238859e-02,1.743133e+00
734.28125,734.4375,0.15625,2.001986e+00,4.238859e-02,1.959598e+00
734.4375,734.59375,0.15625,2.257216e+00,4.238859e-02,2.214827e+00
734.59375,734.75,0.15625,2.521680e+00,4.238859e-02,2.479292e+00
734.75,734.90625,0.15625,2.767881e+00,4.238859e-02,2.725492e+00
734.90625,735.0625,0.15625,2.974377e+00,4.238859e-02,2.931988e+00
735.0625,735.21875,0.15625,3.127716e+00,4.238859e-02,3.085327e+00
735.21875,735.375,0.15625,3.222401e+00,4.238859e-02,3.180013e+00
735.375,735.53125,0.15625,3.246039e+00,4.238859e-02,3.203651e+00
735.53125,735.6875,0.15625,3.191992e+00,4.238859e-02,3.149603e+00
735.6875,735.84375,0.15625,3.110951e+00,4.238859e-02,3.068562e+00
735.84375,736,0.15625,3.017759e+00,4.238859e-02,2.975370e+00
736,736.15625,0.15625,2.926392e+00,4.238859e-02,2.884004e+00
736.15625,736.3125,0.15625,2.847080e+00,4.238859e-02,2.804692e+00
736.3125,736.46875,0.15625,2.783779e+00,4.238859e-02,2.741390e+00
736.46875,736.625,0.15625,2.733297e+00,4.238859e-02,2.690908e+00
736.625,736.78125,0.15625,2.686945e+00,4.238859e-02,2.644556e+00
736.78125,736.9375,0.15625,2.634514e+00,4.238859e-02,2.592126e+00
736.9375,737.09375,0.15625,2.569234e+00,4.238859e-02,2.526845e+00
737.09375,737.25,0.15625,2.491638e+00,4.238859e-02,2.449249e+00
737.25,737.40625,0.15625,2.410567e+00,4.238859e-02,2.368179e+00
737.40625,737.5625,0.15625,2.340651e+00,4.238859e-02,2.298263e+00
737.5625,737.71875,0.15625,2.297139e+00,4.238859e-02,2.254750e+00
737.71875,737.875,0.15625,2.290178e+00,4.238859e-02,2.247789e+00
737.875,738.03125,0.15625,2.290178e+00,4.238859e-02,2.247789e+00
738.03125,738.1875,0.15625,2.320961e+00,4.238859e-02,2.278573e+00
738.1875,738.34375,0.15625,2.381426e+00,4.238859e-02,2.339038e+00
738.34375,738.5,0.15625,2.457722e+00,4.238859e-02,2.415333e+00
738.5,738.65625,0.15625,2.536054e+00,4.238859e-02,2.493666e+00
738.65625,738.8125,0.15625,2.608492e+00,4.238859e-02,2.566103e+00
738.8125,738.96875,0.15625,2.676300e+00,4.238859e-02,2.633911e+00
738.96875,739.125,0.15625,2.749375e+00,4.238859e-02,2.706986e+00
739.125,739.28125,0.15625,2.841928e+00,4.238859e-02,2.799539e+00
739.28125,739.4375,0.15625,2.966079e+00,4.238859e-02,2.923690e+00
739.4375,739.59375,0.15625,3.125807e+00,4.238859e-02,3.083418e+00
739.59375,739.75,0.15625,3.313531e+00,4.238859e-02,3.271142e+00
739.75,739.90625,0.15625,3.510557e+00,4.238859e-02,3.468168e+00
739.90625,740.0625,0.15625,3.691223e+00,4.238859e-02,3.648835e+00
740.0625,740.21875,0.15625,3.829338e+00,4.238859e-02,3.786950e+00
740.21875,740.375,0.15625,3.904846e+00,4.238859e-02,3.862457e+00
740.375,740.53125,0.15625,3.844485e+00,4.238859e-02,3.802097e+00
740.53125,740.6875,0.15625,3.726582e+00,4.238859e-02,3.684193e+00
740.6875,740.84375,0.15625,3.575173e+00,4.238859e-02,3.532784e+00
740.84375,741,0.15625,3.409982e+00,4.238859e-02,3.367594e+00
741,741.15625,0.15625,3.244539e+00,4.238859e-02,3.202150e+00
741.15625,741.3125,0.15625,3.082895e+00,4.238859e-02,3.040507e+00
741.3125,741.46875,0.15625,2.919892e+00,4.238859e-02,2.877503e+00
741.46875,741.625,0.15625,2.744866e+00,4.238859e-02,2.702478e+00
741.625,741.78125,0.15625,2.547492e+00,4.238859e-02,2.505103e+00
741.78125,741.9375,0.15625,2.323670e+00,4.238859e-02,2.281281e+00
741.9375,742.09375,0.15625,2.079430e+00,4.238859e-02,2.037042e+00
742.09375,742.25,0.15625,1.831521e+00,4.238859e-02,1.789132e+00
742.25,742.40625,0.15625,1.604546e+00,4.238859e-02,1.562157e+00
742.40625,742.5625,0.15625,1.425575e+00,4.238859e-02,1.383186e+00
742.5625,742.71875,0.15625,1.317798e+00,4.238859e-02,1.275410e+00
742.71875,742.875,0.15625,1.294893e+00,4.238859e-02,1.252504e+00
742.875,743.03125,0.15625,1.294893e+00,4.238859e-02,1.252504e+00
743.03125,743.1875,0.15625,1.357451e+00,4.238859e-02,1.315062e+00
743.1875,743.34375,0.15625,1.492282e+00,4.238859e-02,1.449893e+00
743.34375,743.5,0.15625,1.674807e+00,4.238859e-02,1.632418e+00
743.5,743.65625,0.15625,1.874127e+00,4.238859e-02,1.831739e+00
743.65625,743.8125,0.15625,2.059730e+00,4.238859e-02,2.017341e+00
743.8125,743.96875,0.15625,2.208245e+00,4.238859e-02,2.165856e+00
743.96875,744.125,0.15625,2.308437e+00,4.238859e-02,2.266048e+00
744.125,744.28125,0.15625,2.362915e+00,4.238859e-02,2.320527e+00
744.28125,744.4375,0.15625,2.385933e+00,4.238859e-02,2.343545e+00
744.4375,744.59375,0.15625,2.397930e+00,4.238859e-02,2.355542e+00
744.59375,744.75,0.15625,2.418618e+00,4.238859e-02,2.376230e+00
744.75,744.90625,0.15625,2.460992e+00,4.238859e-02,2.418603e+00
744.90625,745.0625,0.15625,2.528246e+00,4.238859e-02,2.485858e+00
745.0625,745.21875,0.15625,2.614437e+00,4.238859e-02,2.572048e+00
745.21875,745.375,0.15625,2.708182e+00,4.238859e-02,2.665793e+00
745.375,745.53125,0.15625,2.797588e+00,4.238859e-02,2.755200e+00
745.53125,745.6875,0.15625,2.874301e+00,4.238859e-02,2.831913e+00
745.6875,745.84375,0.15625,2.935266e+00,4.238859e-02,2.892877e+00
745.84375,746,0.15625,2.982074e+00,4.238859e-02,2.939686e+00
746,746.15625,0.15625,3.018935e+00,4.238859e-02,2.976547e+00
746.15625,746.3125,0.15625,3.050775e+00,4.238859e-02,3.008387e+00
746.3125,746.46875,0.15625,3.082537e+00,4.238859e-02,3.040148e+00
746.46875,746.625,0.15625,3.119702e+00,4.238859e-02,3.077314e+00
746.625,746.78125,0.15625,3.169078e+00,4.238859e-02,3.126690e+00
746.78125,746.9375,0.15625,3.238524e+00,4.238859e-02,3.196135e+00
746.9375,747.09375,0.15625,3.334840e+00,4.238859e-02,3.292452e+00
747.09375,747.25,0.15625,3.460138e+00,4.238859e-02,3.417749e+00
747.25,747.40625,0.15625,3.608067e+00,4.238859e-02,3.565678e+00
747.40625,747.5625,0.15625,3.761742e+00,4.238859e-02,3.719353e+00
747.5625,747.71875,0.15625,3.894748e+00,4.238859e-02,3.852359e+00
747.71875,747.875,0.15625,3.973950e+00,4.238859e-02,3.931562e+00
747.875,748.03125,0.15625,3.868768e+00,4.238859e-02,3.826380e+00
748.03125,748.1875,0.15625,3.652922e+00,4.238859e-02,3.610533e+00
748.1875,748.34375,0.15625,3.336195e+00,4.238859e-02,3.293806e+00
748.34375,748.5,0.15625,2.944136e+00,4.238859e-02,2.901748e+00
748.5,748.65625,0.15625,2.514026e+00,4.238859e-02,2.471637e+00
748.65625,748.8125,0.15625,2.089144e+00,4.238859e-02,2.046756e+00
748.8125,748.96875,0.15625,1.712852e+00,4.238859e-02,1.670463e+00
748.96875,749.125,0.15625,1.423620e+00,4.238859e-02,1.381231e+00
749.125,749.28125,0.15625,1.251513e+00,4.238859e-02,1.209124e+00
749.28125,749.4375,0.15625,1.215914e+00,4.238859e-02,1.173525e+00
749.4375,749.59375,0.15625,1.215914e+00,4.238859e-02,1.173525e+00
749.59375,749.75,0.15625,1.323929e+00,4.238859e-02,1.281541e+00
749.75,749.90625,0.15625,1.569005e+00,4.238859e-02,1.526616e+00
749.90625,750.0625,0.15625,1.929806e+00,4.238859e-02,1.887417e+00
750.0625,750.21875,0.15625,2.370087e+00,4.238859e-02,2.327699e+00
750.21875,750.375,0.15625,2.840631e+00,4.238859e-02,2.798243e+00
750.375,750.53125,0.15625,3.284138e+00,4.238859e-02,3.241750e+00
750.53125,750.6875,0.15625,3.643095e+00,4.238859e-02,3.600706e+00
750.6875,750.84375,0.15625,3.869452e+00,4.238859e-02,3.827064e+00
750.84375,751,0.15625,3.832222e+00,4.238859e-02,3.789834e+00
751,751.15625,0.15625,3.586623e+00,4.238859e-02,3.544234e+00
751.15625,751.3125,0.15625,3.241542e+00,4.238859e-02,3.199153e+00
751.3125,751.46875,0.15625,2.854695e+00,4.238859e-02,2.812306e+00
751.46875,751.625,0.15625,2.485631e+00,4.238859e-02,2.443242e+00
751.625,751.78125,0.15625,2.184509e+00,4.238859e-02,2.142121e+00
751.78125,751.9375,0.15625,1.983586e+00,4.238859e-02,1.941197e+00
751.9375,752.09375,0.15625,1.893041e+00,4.238859e-02,1.850652e+00
752.09375,752.25,0.15625,1.893041e+00,4.238859e-02,1.850652e+00
752.25,752.40625,0.15625,1.901712e+00,4.238859e-02,1.859324e+00
752.40625,752.5625,0.15625,1.982217e+00,4.238859e-02,1.939828e+00
752.5625,752.71875,0.15625,2.099077e+00,4.238859e-02,2.056688e+00
752.71875,752.875,0.15625,2.217850e+00,4.238859e-02,2.175461e+00
752.875,753.03125,0.15625,2.313035e+00,4.238859e-02,2.270647e+00
753.03125,753.1875,0.15625,2.372763e+00,4.238859e-02,2.330375e+00
753.1875,753.34375,0.15625,2.399132e+00,4.238859e-02,2.356744e+00
753.34375,753.5,0.15625,2.403872e+00,4.238859e-02,2.361483e+00
753.5,753.65625,0.15625,2.403872e+00,4.238859e-02,2.361483e+00
753.65625,753.8125,0.15625,2.409904e+00,4.238859e-02,2.367515e+00
753.8125,753.96875,0.15625,2.426268e+00,4.238859e-02,2.383880e+00
753.96875,754.125,0.15625,2.447873e+00,4.238859e-02,2.405484e+00
754.125,754.28125,0.15625,2.463971e+00,4.238859e-02,2.421582e+00
754.28125,754.4375,0.15625,2.443755e+00,4.238859e-02,2.401366e+00
754.4375,754.59375,0.15625,2.408429e+00,4.238859e-02,2.366040e+00
754.59375,754.75,0.15625,2.372660e+00,4.238859e-02,2.330272e+00
754.75,754.90625,0.15625,2.356106e+00,4.238859e-02,2.313717e+00
754.90625,755.0625,0.15625,2.356106e+00,4.238859e-02,2.313717e+00
755.0625,755.21875,0.15625,2.377142e+00,4.238859e-02,2.334753e+00
755.21875,755.375,0.15625,2.446768e+00,4.238859e-02,2.404380e+00
755.375,755.53125,0.15625,2.564926e+00,4.238859e-02,2.522538e+00
755.53125,755.6875,0.15625,2.720308e+00,4.238859e-02,2.677919e+00
755.6875,755.84375,0.15625,2.893357e+00,4.238859e-02,2.850969e+00
755.84375,756,0.15625,3.061089e+00,4.238859e-02,3.018700e+00
756,756.15625,0.15625,3.202008e+00,4.238859e-02,3.159620e+00
756.15625,756.3125,0.15625,3.299848e+00,4.238859e-02,3.257459e+00
756.3125,756.46875,0.15625,3.338503e+00,4.238859e-02,3.296114e+00
756.46875,756.625,0.15625,3.285327e+00,4.238859e-02,3.242939e+00
756.625,756.78125,0.15625,3.200157e+00,4.238859e-02,3.157768e+00
756.78125,756.9375,0.15625,3.102579e+00,4.238859e-02,3.060191e+00
756.9375,757.09375,0.15625,3.015088e+00,4.238859e-02,2.972700e+00
757.09375,757.25,0.15625,2.959240e+00,4.238859e-02,2.916851e+00
757.25,757.40625,0.15625,2.951179e+00,4.238859e-02,2.908790e+00
757.40625,757.5625,0.15625,2.951179e+00,4.238859e-02,2.908790e+00
757.5625,757.71875,0.15625,2.997679e+00,4.238859e-02,2.955291e+00
757.71875,757.875,0.15625,3.093979e+00,4.238859e-02,3.051590e+00
757.875,758.03125,0.15625,3.224248e+00,4.238859e-02,3.181860e+00
758.03125,758.1875,0.15625,3.364692e+00,4.238859e-02,3.322304e+00
758.1875,758.34375,0.15625,3.488460e+00,4.238859e-02,3.446071e+00
758.34375,758.5,0.15625,3.571109e+00,4.238859e-02,3.528721e+00
758.5,758.65625,0.15625,3.554426e+00,4.238859e-02,3.512037e+00
758.65625,758.8125,0.15625,3.452875e+00,4.238859e-02,3.410486e+00
758.8125,758.96875,0.15625,3.305752e+00,4.238859e-02,3.263364e+00
758.96875,759.125,0.15625,3.135121e+00,4.238859e-02,3.092732e+00
759.125,759.28125,0.15625,2.965018e+00,4.238859e-02,2.922630e+00
759.28125,759.4375,0.15625,2.815589e+00,4.238859e-02,2.773200e+00
759.4375,759.59375,0.15625,2.697844e+00,4.238859e-02,2.655455e+00
759.59375,759.75,0.15625,2.610647e+00,4.238859e-02,2.568259e+00
759.75,759.90625,0.15625,2.541082e+00,4.238859e-02,2.498693e+00
759.90625,760.0625,0.15625,2.468380e+00,4.238859e-02,2.425992e+00
760.0625,760.21875,0.15625,2.370385e+00,4.238859e-02,2.327996e+00
760.21875,760.375,0.15625,2.230574e+00,4.238859e-02,2.188186e+00
760.375,760.53125,0.15625,2.043488e+00,4.238859e-02,2.001100e+00
760.53125,760.6875,0.15625,1.817000e+00,4.238859e-02,1.774611e+00
760.6875,760.84375,0.15625,1.571014e+00,4.238859e-02,1.528626e+00
760.84375,761,0.15625,1.333352e+00,4.238859e-02,1.290964e+00
761,761.15625,0.15625,1.134257e+00,4.238859e-02,1.091868e+00
761.15625,761.3125,0.15625,1.001046e+00,4.238859e-02,9.586577e-01
761.3125,761.46875,0.15625,9.539644e-01,4.238859e-02,9.115758e-01
761.46875,761.625,0.15625,9.539644e-01,4.238859e-02,9.115758e-01
761.625,761.78125,0.15625,1.003660e+00,4.238859e-02,9.612713e-01
761.78125,761.9375,0.15625,1.150263e+00,4.238859e-02,1.107874e+00
761.9375,762.09375,0.15625,1.383854e+00,4.238859e-02,1.341465e+00
762.09375,762.25,0.15625,1.686162e+00,4.238859e-02,1.643773e+00
762.25,762.40625,0.15625,2.033328e+00,4.238859e-02,1.990940e+00
762.40625,762.5625,0.15625,2.399442e+00,4.238859e-02,2.357054e+00
762.5625,762.71875,0.15625,2.760228e+00,4.238859e-02,2.717840e+00
762.71875,762.875,0.15625,3.096038e+00,4.238859e-02,3.053650e+00
762.875,763.03125,0.15625,3.393346e+00,4.238859e-02,3.350958e+00
763.03125,763.1875,0.15625,3.644353e+00,4.238859e-02,3.601964e+00
763.1875,763.34375,0.15625,3.844988e+00,4.238859e-02,3.802600e+00
763.34375,763.5,0.15625,3.992219e+00,4.238859e-02,3.949830e+00
763.5,763.65625,0.15625,4.081825e+00,4.238859e-02,4.039436e+00
763.65625,763.8125,0.15625,4.062797e+00,4.238859e-02,4.020409e+00
763.8125,763.96875,0.15625,3.942301e+00,4.238859e-02,3.899912e+00
763.96875,764.125,0.15625,3.746728e+00,4.238859e-02,3.704339e+00
764.125,764.28125,0.15625,3.485180e+00,4.238859e-02,3.442791e+00
764.28125,764.4375,0.15625,3.176756e+00,4.238859e-02,3.134367e+00
764.4375,764.59375,0.15625,2.849621e+00,4.238859e-02,2.807232e+00
764.59375,764.75,0.15625,2.537534e+00,4.238859e-02,2.495145e+00
764.75,764.90625,0.15625,2.274394e+00,4.238859e-02,2.232006e+00
764.90625,765.0625,0.15625,2.088009e+00,4.238859e-02,2.045621e+00
765.0625,765.21875,0.15625,1.994676e+00,4.238859e-02,1.952287e+00
765.21875,765.375,0.15625,1.994676e+00,4.238859e-02,1.952287e+00
765.375,765.53125,0.15625,1.996086e+00,4.238859e-02,1.953698e+00
765.53125,765.6875,0.15625,2.079542e+00,4.238859e-02,2.037153e+00
765.6875,765.84375,0.15625,2.221513e+00,4.238859e-02,2.179125e+00
765.84375,766,0.15625,2.393582e+00,4.238859e-02,2.351194e+00
766,766.15625,0.15625,2.569007e+00,4.238859e-02,2.526618e+00
766.15625,766.3125,0.15625,2.727968e+00,4.238859e-02,2.685579e+00
766.3125,766.46875,0.15625,2.860057e+00,4.238859e-02,2.817668e+00
766.46875,766.625,0.15625,2.963629e+00,4.238859e-02,2.921240e+00
766.625,766.78125,0.15625,3.042791e+00,4.238859e-02,3.000402e+00
766.78125,766.9375,0.15625,3.103578e+00,4.238859e-02,3.061189e+00
766.9375,767.09375,0.15625,3.150865e+00,4.238859e-02,3.108476e+00
767.09375,767.25,0.15625,3.186911e+00,4.238859e-02,3.144522e+00
767.25,767.40625,0.15625,3.211461e+00,4.238859e-02,3.169073e+00
767.40625,767.5625,0.15625,3.217962e+00,4.238859e-02,3.175573e+00
767.5625,767.71875,0.15625,3.194668e+00,4.238859e-02,3.152280e+00
767.71875,767.875,0.15625,3.150386e+00,4.238859e-02,3.107998e+00
767.875,768.03125,0.15625,3.083852e+00,4.238859e-02,3.041464e+00
768.03125,768.1875,0.15625,2.996324e+00,4.238859e-02,2.953935e+00
768.1875,768.34375,0.15625,2.893043e+00,4.238859e-02,2.850654e+00
768.34375,768.5,0.15625,2.783798e+00,4.238859e-02,2.741410e+00
768.5,768.65625,0.15625,2.681690e+00,4.238859e-02,2.639301e+00
768.65625,768.8125,0.15625,2.599989e+00,4.238859e-02,2.557601e+00
768.8125,768.96875,0.15625,2.548040e+00,4.238859e-02,2.505651e+00
768.96875,769.125,0.15625,2.527898e+00,4.238859e-02,2.485509e+00
769.125,769.28125,0.15625,2.527898e+00,4.238859e-02,2.485509e+00
769.28125,769.4375,0.15625,2.533370e+00,4.238859e-02,2.490981e+00
769.4375,769.59375,0.15625,2.552155e+00,4.238859e-02,2.509766e+00
769.59375,769.75,0.15625,2.570403e+00,4.238859e-02,2.528015e+00
769.75,769.90625,0.15625,2.571009e+00,4.238859e-02,2.528621e+00
769.90625,770.0625,0.15625,2.553702e+00,4.238859e-02,2.511313e+00
770.0625,770.21875,0.15625,2.533478e+00,4.238859e-02,2.491089e+00
770.21875,770.375,0.15625,2.516745e+00,4.238859e-02,2.474356e+00
770.375,770.53125,0.15625,2.504140e+00,4.238859e-02,2.461752e+00
770.53125,770.6875,0.15625,2.488638e+00,4.238859e-02,2.446249e+00
770.6875,770.84375,0.15625,2.457387e+00,4.238859e-02,2.414998e+00
770.84375,771,0.15625,2.396727e+00,4.238859e-02,2.354339e+00
771,771.15625,0.15625,2.298432e+00,4.238859e-02,2.256043e+00
771.15625,771.3125,0.15625,2.164697e+00,4.238859e-02,2.122309e+00
771.3125,771.46875,0.15625,2.009884e+00,4.238859e-02,1.967496e+00
771.46875,771.625,0.15625,1.858206e+00,4.238859e-02,1.815817e+00
771.625,771.78125,0.15625,1.738053e+00,4.238859e-02,1.695665e+00
771.78125,771.9375,0.15625,1.674755e+00,4.238859e-02,1.632366e+00
771.9375,772.09375,0.15625,1.674755e+00,4.238859e-02,1.632366e+00
772.09375,772.25,0.15625,1.684019e+00,4.238859e-02,1.641631e+00
772.25,772.40625,0.15625,1.768043e+00,4.238859e-02,1.725654e+00
772.40625,772.5625,0.15625,1.915357e+00,4.238859e-02,1.872968e+00
772.5625,772.71875,0.15625,2.104358e+00,4.238859e-02,2.061969e+00
772.71875,772.875,0.15625,2.309334e+00,4.238859e-02,2.266945e+00
772.875,773.03125,0.15625,2.507074e+00,4.238859e-02,2.464685e+00
773.03125,773.1875,0.15625,2.682024e+00,4.238859e-02,2.639636e+00
773.1875,773.34375,0.15625,2.828512e+00,4.238859e-02,2.786124e+00
773.34375,773.5,0.15625,2.949661e+00,4.238859e-02,2.907272e+00
773.5,773.65625,0.15625,3.053789e+00,4.238859e-02,3.011401e+00
773.65625,773.8125,0.15625,3.149941e+00,4.238859e-02,3.107552e+00
773.8125,773.96875,0.15625,3.244268e+00,4.238859e-02,3.201879e+00
773.96875,774.125,0.15625,3.338378e+00,4.238859e-02,3.295990e+00
774.125,774.28125,0.15625,3.429777e+00,4.238859e-02,3.387389e+00
774.28125,774.4375,0.15625,3.513645e+00,4.238859e-02,3.471257e+00
774.4375,774.59375,0.15625,3.584885e+00,4.238859e-02,3.542497e+00
774.59375,774.75,0.15625,3.639558e+00,4.238859e-02,3.597170e+00
774.75,774.90625,0.15625,3.675373e+00,4.238859e-02,3.632985e+00
774.90625,775.0625,0.15625,3.687312e+00,4.238859e-02,3.644924e+00
775.0625,775.21875,0.15625,3.662878e+00,4.238859e-02,3.620490e+00
775.21875,775.375,0.15625,3.617532e+00,4.238859e-02,3.575143e+00
775.375,775.53125,0.15625,3.550704e+00,4.238859e-02,3.508315e+00
775.53125,775.6875,0.15625,3.462661e+00,4.238859e-02,3.420272e+00
775.6875,775.84375,0.15625,3.355711e+00,4.238859e-02,3.313322e+00
775.84375,776,0.15625,3.235208e+00,4.238859e-02,3.192819e+00
776,776.15625,0.15625,3.109619e+00,4.238859e-02,3.067231e+00
776.15625,776.3125,0.15625,2.989099e+00,4.238859e-02,2.946711e+00
776.3125,776.46875,0.15625,2.882622e+00,4.238859e-02,2.840233e+00
776.46875,776.625,0.15625,2.794562e+00,4.238859e-02,2.752173e+00
776.625,776.78125,0.15625,2.722194e+00,4.238859e-02,2.679805e+00
776.78125,776.9375,0.15625,2.655546e+00,4.238859e-02,2.613157e+00
776.9375,777.09375,0.15625,2.580214e+00,4.238859e-02,2.537826e+00
777.09375,777.25,0.15625,2.482537e+00,4.238859e-02,2.440148e+00
777.25,777.40625,0.15625,2.355362e+00,4.238859e-02,2.312973e+00
777.40625,777.5625,0.15625,2.202248e+00,4.238859e-02,2.159860e+00
777.5625,777.71875,0.15625,2.038361e+00,4.238859e-02,1.995973e+00
777.71875,777.875,0.15625,1.887504e+00,4.238859e-02,1.845116e+00
777.875,778.03125,0.15625,1.776113e+00,4.238859e-02,1.733725e+00
778.03125,778.1875,0.15625,1.726093e+00,4.238859e-02,1.683704e+00
778.1875,778.34375,0.15625,1.726093e+00,4.238859e-02,1.683704e+00
778.34375,778.5,0.15625,1.748749e+00,4.238859e-02,1.706360e+00
778.5,778.65625,0.15625,1.841691e+00,4.238859e-02,1.799303e+00
778.65625,778.8125,0.15625,1.989589e+00,4.238859e-02,1.947201e+00
778.8125,778.96875,0.15625,2.168421e+00,4.238859e-02,2.126033e+00
778.96875,779.125,0.15625,2.351750e+00,4.238859e-02,2.309361e+00
779.125,779.28125,0.15625,2.516916e+00,4.238859e-02,2.474527e+00
779.28125,779.4375,0.15625,2.649145e+00,4.238859e-02,2.606756e+00
779.4375,779.59375,0.15625,2.742414e+00,4.238859e-02,2.700025e+00
779.59375,779.75,0.15625,2.797201e+00,4.238859e-02,2.754813e+00
779.75,779.90625,0.15625,2.802480e+00,4.238859e-02,2.760091e+00
779.90625,780.0625,0.15625,2.754669e+00,4.238859e-02,2.712280e+00
780.0625,780.21875,0.15625,2.671983e+00,4.238859e-02,2.629594e+00
780.21875,780.375,0.15625,2.556300e+00,4.238859e-02,2.513911e+00
780.375,780.53125,0.15625,2.416686e+00,4.238859e-02,2.374297e+00
780.53125,780.6875,0.15625,2.271807e+00,4.238859e-02,2.229419e+00
780.6875,780.84375,0.15625,2.149018e+00,4.238859e-02,2.106630e+00
780.84375,781,0.15625,2.079816e+00,4.238859e-02,2.037428e+00
781,781.15625,0.15625,2.079816e+00,4.238859e-02,2.037428e+00
781.15625,781.3125,0.15625,2.092688e+00,4.238859e-02,2.050299e+00
781.3125,781.46875,0.15625,2.205300e+00,4.238859e-02,2.162912e+00
781.46875,781.625,0.15625,2.418295e+00,4.238859e-02,2.375907e+00
781.625,781.78125,0.15625,2.712523e+00,4.238859e-02,2.670134e+00
781.78125,781.9375,0.15625,3.050731e+00,4.238859e-02,3.008342e+00
781.9375,782.09375,0.15625,3.383599e+00,4.238859e-02,3.341210e+00
782.09375,782.25,0.15625,3.658958e+00,4.238859e-02,3.616570e+00
782.25,782.40625,0.15625,3.832206e+00,4.238859e-02,3.789817e+00
782.40625,782.5625,0.15625,3.783766e+00,4.238859e-02,3.741377e+00
782.5625,782.71875,0.15625,3.575383e+00,4.238859e-02,3.532994e+00
782.71875,782.875,0.15625,3.288354e+00,4.238859e-02,3.245966e+00
782.875,783.03125,0.15625,2.971795e+00,4.238859e-02,2.929406e+00
783.03125,783.1875,0.15625,2.675404e+00,4.238859e-02,2.633015e+00
783.1875,783.34375,0.15625,2.439227e+00,4.238859e-02,2.396839e+00
783.34375,783.5,0.15625,2.286200e+00,4.238859e-02,2.243812e+00
783.5,783.65625,0.15625,2.219198e+00,4.238859e-02,2.176809e+00
783.65625,783.8125,0.15625,2.219198e+00,4.238859e-02,2.176809e+00
783.8125,783.96875,0.15625,2.223188e+00,4.238859e-02,2.180800e+00
783.96875,784.125,0.15625,2.271758e+00,4.238859e-02,2.229370e+00
784.125,784.28125,0.15625,2.336094e+00,4.238859e-02,2.293706e+00
784.28125,784.4375,0.15625,2.393829e+00,4.238859e-02,2.351440e+00
784.4375,784.59375,0.15625,2.435203e+00,4.238859e-02,2.392815e+00
784.59375,784.75,0.15625,2.464814e+00,4.238859e-02,2.422426e+00
784.75,784.90625,0.15625,2.498604e+00,4.238859e-02,2.456216e+00
784.90625,785.0625,0.15625,2.557282e+00,4.238859e-02,2.514893e+00
785.0625,785.21875,0.15625,2.658451e+00,4.238859e-02,2.616062e+00
785.21875,785.375,0.15625,2.810043e+00,4.238859e-02,2.767655e+00
785.375,785.53125,0.15625,3.007044e+00,4.238859e-02,2.964655e+00
785.53125,785.6875,0.15625,3.232278e+00,4.238859e-02,3.189890e+00
785.6875,785.84375,0.15625,3.460671e+00,4.238859e-02,3.418282e+00
785.84375,786,0.15625,3.665363e+00,4.238859e-02,3.622975e+00
786,786.15625,0.15625,3.823733e+00,4.238859e-02,3.781344e+00
786.15625,786.3125,0.15625,3.921621e+00,4.238859e-02,3.879232e+00
786.3125,786.46875,0.15625,3.927705e+00,4.238859e-02,3.885316e+00
786.46875,786.625,0.15625,3.849816e+00,4.238859e-02,3.807427e+00
786.625,786.78125,0.15625,3.731497e+00,4.238859e-02,3.689108e+00
786.78125,786.9375,0.15625,3.580210e+00,4.238859e-02,3.537821e+00
786.9375,787.09375,0.15625,3.398643e+00,4.238859e-02,3.356254e+00
787.09375,787.25,0.15625,3.185254e+00,4.238859e-02,3.142866e+00
787.25,787.40625,0.15625,2.936972e+00,4.238859e-02,2.894583e+00
787.40625,787.5625,0.15625,2.652973e+00,4.238859e-02,2.610585e+00
787.5625,787.71875,0.15625,2.338069e+00,4.238859e-02,2.295680e+00
787.71875,787.875,0.15625,2.004419e+00,4.238859e-02,1.962031e+00
787.875,788.03125,0.15625,1.671007e+00,4.238859e-02,1.628619e+00
788.03125,788.1875,0.15625,1.361185e+00,4.238859e-02,1.318796e+00
788.1875,788.34375,0.15625,1.099232e+00,4.238859e-02,1.056843e+00
788.34375,788.5,0.15625,9.070222e-01,4.238859e-02,8.646337e-01
788.5,788.65625,0.15625,8.015203e-01,4.238859e-02,7.591317e-01
788.65625,788.8125,0.15625,7.932918e-01,4.238859e-02,7.509032e-01
788.8125,788.96875,0.15625,7.932918e-01,4.238859e-02,7.509032e-01
788.96875,789.125,0.15625,8.857519e-01,4.238859e-02,8.433633e-01
789.125,789.28125,0.15625,1.074772e+00,4.238859e-02,1.032383e+00
789.28125,789.4375,0.15625,1.348473e+00,4.238859e-02,1.306084e+00
789.4375,789.59375,0.15625,1.687379e+00,4.238859e-02,1.644991e+00
789.59375,789.75,0.15625,2.065292e+00,4.238859e-02,2.022903e+00
789.75,789.90625,0.15625,2.451204e+00,4.238859e-02,2.408815e+00
789.90625,790.0625,0.15625,2.812261e+00,4.238859e-02,2.769872e+00
790.0625,790.21875,0.15625,3.117417e+00,4.238859e-02,3.075029e+00
790.21875,790.375,0.15625,3.341232e+00,4.238859e-02,3.298844e+00
790.375,790.53125,0.15625,3.467244e+00,4.238859e-02,3.424856e+00
790.53125,790.6875,0.15625,3.418963e+00,4.238859e-02,3.376575e+00
790.6875,790.84375,0.15625,3.273514e+00,4.238859e-02,3.231125e+00
790.84375,791,0.15625,3.086238e+00,4.238859e-02,3.043849e+00
791,791.15625,0.15625,2.896702e+00,4.238859e-02,2.854314e+00
791.15625,791.3125,0.15625,2.746235e+00,4.238859e-02,2.703847e+00
791.3125,791.46875,0.15625,2.670792e+00,4.238859e-02,2.628404e+00
791.46875,791.625,0.15625,2.670792e+00,4.238859e-02,2.628404e+00
791.625,791.78125,0.15625,2.693647e+00,4.238859e-02,2.651258e+00
791.78125,791.9375,0.15625,2.819622e+00,4.238859e-02,2.777233e+00
791.9375,792.09375,0.15625,3.032568e+00,4.238859e-02,2.990180e+00
792.09375,792.25,0.15625,3.297222e+00,4.238859e-02,3.254834e+00
792.25,792.40625,0.15625,3.565525e+00,4.238859e-02,3.523137e+00
792.40625,792.5625,0.15625,3.786276e+00,4.238859e-02,3.743887e+00
792.5625,792.71875,0.15625,3.915988e+00,4.238859e-02,3.873599e+00
792.71875,792.875,0.15625,3.819874e+00,4.238859e-02,3.777486e+00
792.875,793.03125,0.15625,3.610414e+00,4.238859e-02,3.568026e+00
793.03125,793.1875,0.15625,3.338194e+00,4.238859e-02,3.295805e+00
793.1875,793.34375,0.15625,3.050859e+00,4.238859e-02,3.008470e+00
793.34375,793.5,0.15625,2.794760e+00,4.238859e-02,2.752372e+00
793.5,793.65625,0.15625,2.605263e+00,4.238859e-02,2.562874e+00
793.65625,793.8125,0.15625,2.500485e+00,4.238859e-02,2.458097e+00
793.8125,793.96875,0.15625,2.479814e+00,4.238859e-02,2.437426e+00
793.96875,794.125,0.15625,2.479814e+00,4.238859e-02,2.437426e+00
794.125,794.28125,0.15625,2.527115e+00,4.238859e-02,2.484726e+00
794.28125,794.4375,0.15625,2.617180e+00,4.238859e-02,2.574791e+00
794.4375,794.59375,0.15625,2.723089e+00,4.238859e-02,2.680701e+00
794.59375,794.75,0.15625,2.822115e+00,4.238859e-02,2.779726e+00
794.75,794.90625,0.15625,2.898636e+00,4.238859e-02,2.856247e+00
794.90625,795.0625,0.15625,2.943893e+00,4.238859e-02,2.901505e+00
795.0625,795.21875,0.15625,2.926156e+00,4.238859e-02,2.883767e+00
795.21875,795.375,0.15625,2.860395e+00,4.238859e-02,2.818007e+00
795.375,795.53125,0.15625,2.757877e+00,4.238859e-02,2.715488e+00
795.53125,795.6875,0.15625,2.624518e+00,4.238859e-02,2.582129e+00
795.6875,795.84375,0.15625,2.472610e+00,4.238859e-02,2.430221e+00
795.84375,796,0.15625,2.320666e+00,4.238859e-02,2.278278e+00
796,796.15625,0.15625,2.190458e+00,4.238859e-02,2.148069e+00
796.15625,796.3125,0.15625,2.101801e+00,4.238859e-02,2.059412e+00
796.3125,796.46875,0.15625,2.066851e+00,4.238859e-02,2.024462e+00
796.46875,796.625,0.15625,2.066851e+00,4.238859e-02,2.024462e+00
796.625,796.78125,0.15625,2.086115e+00,4.238859e-02,2.043726e+00
796.78125,796.9375,0.15625,2.147922e+00,4.238859e-02,2.105533e+00
796.9375,797.09375,0.15625,2.231857e+00,4.238859e-02,2.189468e+00
797.09375,797.25,0.15625,2.315176e+00,4.238859e-02,2.272788e+00
797.25,797.40625,0.15625,2.380034e+00,4.238859e-02,2.337645e+00
797.40625,797.5625,0.15625,2.418984e+00,4.238859e-02,2.376595e+00
797.5625,797.71875,0.15625,2.436832e+00,4.238859e-02,2.394444e+00
797.71875,797.875,0.15625,2.448226e+00,4.238859e-02,2.405837e+00
797.875,798.03125,0.15625,2.471967e+00,4.238859e-02,2.429579e+00
798.03125,798.1875,0.15625,2.524182e+00,4.238859e-02,2.481794e+00
798.1875,798.34375,0.15625,2.612755e+00,4.238859e-02,2.570367e+00
798.34375,798.5,0.15625,2.734767e+00,4.238859e-02,2.692378e+00
798.5,798.65625,0.15625,2.877377e+00,4.238859e-02,2.834989e+00
798.65625,798.8125,0.15625,3.021276e+00,4.238859e-02,2.978888e+00
798.8125,798.96875,0.15625,3.145087e+00,4.238859e-02,3.102698e+00
798.96875,799.125,0.15625,3.229200e+00,4.238859e-02,3.186812e+00
799.125,799.28125,0.15625,3.222457e+00,4.238859e-02,3.180069e+00
799.28125,799.4375,0.15625,3.118180e+00,4.238859e-02,3.075792e+00
799.4375,799.59375,0.15625,2.948834e+00,4.238859e-02,2.906445e+00
799.59375,799.75,0.15625,2.725653e+00,4.238859e-02,2.683265e+00
799.75,799.90625,0.15625,2.468082e+00,4.238859e-02,2.425693e+00
799.90625,800.0625,0.15625,2.202835e+00,4.238859e-02,2.160446e+00
800.0625,800.21875,0.15625,1.961114e+00,4.238859e-02,1.918725e+00
800.21875,800.375,0.15625,1.774113e+00,4.238859e-02,1.731724e+00
800.375,800.53125,0.15625,1.667696e+00,4.238859e-02,1.625307e+00
800.53125,800.6875,0.15625,1.657618e+00,4.238859e-02,1.615230e+00
800.6875,800.84375,0.15625,1.657618e+00,4.238859e-02,1.615230e+00
800.84375,801,0.15625,1.746624e+00,4.238859e-02,1.704236e+00
801,801.15625,0.15625,1.924288e+00,4.238859e-02,1.881900e+00
801.15625,801.3125,0.15625,2.169696e+00,4.238859e-02,2.127307e+00
801.3125,801.46875,0.15625,2.456207e+00,4.238859e-02,2.413819e+00
801.46875,801.625,0.15625,2.756932e+00,4.238859e-02,2.714543e+00
801.625,801.78125,0.15625,3.049329e+00,4.238859e-02,3.006941e+00
801.78125,801.9375,0.15625,3.317678e+00,4.238859e-02,3.275289e+00
801.9375,802.09375,0.15625,3.552927e+00,4.238859e-02,3.510539e+00
802.09375,802.25,0.15625,3.750397e+00,4.238859e-02,3.708009e+00
802.25,802.40625,0.15625,3.906552e+00,4.238859e-02,3.864164e+00
802.40625,802.5625,0.15625,4.016354e+00,4.238859e-02,3.973965e+00
802.5625,802.71875,0.15625,4.066234e+00,4.238859e-02,4.023845e+00
802.71875,802.875,0.15625,3.991578e+00,4.238859e-02,3.949189e+00
802.875,803.03125,0.15625,3.848080e+00,4.238859e-02,3.805691e+00
803.03125,803.1875,0.15625,3.644433e+00,4.238859e-02,3.602044e+00
803.1875,803.34375,0.15625,3.399407e+00,4.238859e-02,3.357018e+00
803.34375,803.5,0.15625,3.140124e+00,4.238859e-02,3.097735e+00
803.5,803.65625,0.15625,2.897673e+00,4.238859e-02,2.855284e+00
803.65625,803.8125,0.15625,2.701045e+00,4.238859e-02,2.658656e+00
803.8125,803.96875,0.15625,2.571054e+00,4.238859e-02,2.528666e+00
803.96875,804.125,0.15625,2.516060e+00,4.238859e-02,2.473671e+00
804.125,804.28125,0.15625,2.516060e+00,4.238859e-02,2.473671e+00
804.28125,804.4375,0.15625,2.530837e+00,4.238859e-02,2.488448e+00
804.4375,804.59375,0.15625,2.598903e+00,4.238859e-02,2.556514e+00
804.59375,804.75,0.15625,2.697410e+00,4.238859e-02,2.655021e+00
804.75,804.90625,0.15625,2.802780e+00,4.238859e-02,2.760391e+00
804.90625,805.0625,0.15625,2.895140e+00,4.238859e-02,2.852751e+00
805.0625,805.21875,0.15625,2.960259e+00,4.238859e-02,2.917870e+00
805.21875,805.375,0.15625,2.974977e+00,4.238859e-02,2.932588e+00
805.375,805.53125,0.15625,2.913292e+00,4.238859e-02,2.870903e+00
805.53125,805.6875,0.15625,2.799675e+00,4.238859e-02,2.757286e+00
805.6875,805.84375,0.15625,2.632375e+00,4.238859e-02,2.589987e+00
805.84375,806,0.15625,2.414832e+00,4.238859e-02,2.372444e+00
806,806.15625,0.15625,2.158076e+00,4.238859e-02,2.115687e+00
806.15625,806.3125,0.15625,1.881458e+00,4.238859e-02,1.839069e+00
806.3125,806.46875,0.15625,1.611057e+00,4.238859e-02,1.568668e+00
806.46875,806.625,0.15625,1.376044e+00,4.238859e-02,1.333656e+00
806.625,806.78125,0.15625,1.203961e+00,4.238859e-02,1.161573e+00
806.78125,806.9375,0.15625,1.116106e+00,4.238859e-02,1.073718e+00
806.9375,807.09375,0.15625,1.116106e+00,4.238859e-02,1.073718e+00
807.09375,807.25,0.15625,1.124004e+00,4.238859e-02,1.081616e+00
807.25,807.40625,0.15625,1.227582e+00,4.238859e-02,1.185194e+00
807.40625,807.5625,0.15625,1.415303e+00,4.238859e-02,1.372914e+00
807.5625,807.71875,0.15625,1.666234e+00,4.238859e-02,1.623845e+00
807.71875,807.875,0.15625,1.953762e+00,4.238859e-02,1.911374e+00
807.875,808.03125,0.15625,2.250313e+00,4.238859e-02,2.207924e+00
808.03125,808.1875,0.15625,2.532084e+00,4.238859e-02,2.489695e+00
808.1875,808.34375,0.15625,2.782644e+00,4.238859e-02,2.740255e+00
808.34375,808.5,0.15625,2.994443e+00,4.238859e-02,2.952054e+00
808.5,808.65625,0.15625,3.167902e+00,4.238859e-02,3.125513e+00
808.65625,808.8125,0.15625,3.308578e+00,4.238859e-02,3.266189e+00
808.8125,808.96875,0.15625,3.423526e+00,4.238859e-02,3.381137e+00
808.96875,809.125,0.15625,3.518176e+00,4.238859e-02,3.475787e+00
809.125,809.28125,0.15625,3.594645e+00,4.238859e-02,3.552257e+00
809.28125,809.4375,0.15625,3.651756e+00,4.238859e-02,3.609368e+00
809.4375,809.59375,0.15625,3.686371e+00,4.238859e-02,3.643982e+00
809.59375,809.75,0.15625,3.677117e+00,4.238859e-02,3.634728e+00
809.75,809.90625,0.15625,3.633124e+00,4.238859e-02,3.590735e+00
809.90625,810.0625,0.15625,3.567484e+00,4.238859e-02,3.525095e+00
810.0625,810.21875,0.15625,3.486141e+00,4.238859e-02,3.443753e+00
810.21875,810.375,0.15625,3.394984e+00,4.238859e-02,3.352596e+00
810.375,810.53125,0.15625,3.297803e+00,4.238859e-02,3.255415e+00
810.53125,810.6875,0.15625,3.194942e+00,4.238859e-02,3.152554e+00
810.6875,810.84375,0.15625,3.083479e+00,4.238859e-02,3.041090e+00
810.84375,811,0.15625,2.959247e+00,4.238859e-02,2.916859e+00
811,811.15625,0.15625,2.820168e+00,4.238859e-02,2.777779e+00
811.15625,811.3125,0.15625,2.669545e+00,4.238859e-02,2.627156e+00
811.3125,811.46875,0.15625,2.517709e+00,4.238859e-02,2.475320e+00
811.46875,811.625,0.15625,2.380871e+00,4.238859e-02,2.338482e+00
811.625,811.78125,0.15625,2.277180e+00,4.238859e-02,2.234792e+00
811.78125,811.9375,0.15625,2.221259e+00,4.238859e-02,2.178871e+00
811.9375,812.09375,0.15625,2.219299e+00,4.238859e-02,2.176911e+00
812.09375,812.25,0.15625,2.219299e+00,4.238859e-02,2.176911e+00
812.25,812.40625,0.15625,2.266758e+00,4.238859e-02,2.224370e+00
812.40625,812.5625,0.15625,2.349738e+00,4.238859e-02,2.307349e+00
812.5625,812.71875,0.15625,2.449655e+00,4.238859e-02,2.407266e+00
812.71875,812.875,0.15625,2.549464e+00,4.238859e-02,2.507075e+00
812.875,813.03125,0.15625,2.639047e+00,4.238859e-02,2.596659e+00
813.03125,813.1875,0.15625,2.717700e+00,4.238859e-02,2.675312e+00
813.1875,813.34375,0.15625,2.792860e+00,4.238859e-02,2.750471e+00
813.34375,813.5,0.15625,2.875696e+00,4.238859e-02,2.833307e+00
813.5,813.65625,0.15625,2.975389e+00,4.238859e-02,2.933000e+00
813.65625,813.8125,0.15625,3.094263e+00,4.238859e-02,3.051874e+00
813.8125,813.96875,0.15625,3.225410e+00,4.238859e-02,3.183022e+00
813.96875,814.125,0.15625,3.353354e+00,4.238859e-02,3.310966e+00
814.125,814.28125,0.15625,3.457203e+00,4.238859e-02,3.414814e+00
814.28125,814.4375,0.15625,3.508744e+00,4.238859e-02,3.466355e+00
814.4375,814.59375,0.15625,3.427164e+00,4.238859e-02,3.384776e+00
814.59375,814.75,0.15625,3.269251e+00,4.238859e-02,3.226863e+00
814.75,814.90625,0.15625,3.044919e+00,4.238859e-02,3.002530e+00
814.90625,815.0625,0.15625,2.774655e+00,4.238859e-02,2.732266e+00
815.0625,815.21875,0.15625,2.487280e+00,4.238859e-02,2.444892e+00
815.21875,815.375,0.15625,2.215864e+00,4.238859e-02,2.173476e+00
815.375,815.53125,0.15625,1.992197e+00,4.238859e-02,1.949809e+00
815.53125,815.6875,0.15625,1.840751e+00,4.238859e-02,1.798363e+00
815.6875,815.84375,0.15625,1.773510e+00,4.238859e-02,1.731122e+00
815.84375,816,0.15625,1.773510e+00,4.238859e-02,1.731122e+00
816,816.15625,0.15625,1.787109e+00,4.238859e-02,1.744720e+00
816.15625,816.3125,0.15625,1.863336e+00,4.238859e-02,1.820947e+00
816.3125,816.46875,0.15625,1.973258e+00,4.238859e-02,1.930870e+00
816.46875,816.625,0.15625,2.084203e+00,4.238859e-02,2.041814e+00
816.625,816.78125,0.15625,2.167937e+00,4.238859e-02,2.125549e+00
816.78125,816.9375,0.15625,2.203153e+00,4.238859e-02,2.160764e+00
816.9375,817.09375,0.15625,2.168647e+00,4.238859e-02,2.126259e+00
817.09375,817.25,0.15625,2.130359e+00,4.238859e-02,2.087970e+00
817.25,817.40625,0.15625,2.118015e+00,4.238859e-02,2.075626e+00
817.40625,817.5625,0.15625,2.118015e+00,4.238859e-02,2.075626e+00
817.5625,817.71875,0.15625,2.156732e+00,4.238859e-02,2.114344e+00
817.71875,817.875,0.15625,2.260216e+00,4.238859e-02,2.217827e+00
817.875,818.03125,0.15625,2.427242e+00,4.238859e-02,2.384854e+00
818.03125,818.1875,0.15625,2.642070e+00,4.238859e-02,2.599682e+00
818.1875,818.34375,0.15625,2.878232e+00,4.238859e-02,2.835843e+00
818.34375,818.5,0.15625,3.104286e+00,4.238859e-02,3.061897e+00
818.5,818.65625,0.15625,3.289909e+00,4.238859e-02,3.247520e+00
818.65625,818.8125,0.15625,3.411010e+00,4.238859e-02,3.368622e+00
818.8125,818.96875,0.15625,3.413811e+00,4.238859e-02,3.371423e+00
818.96875,819.125,0.15625,3.301755e+00,4.238859e-02,3.259366e+00
819.125,819.28125,0.15625,3.136807e+00,4.238859e-02,3.094418e+00
819.28125,819.4375,0.15625,2.946773e+00,4.238859e-02,2.904385e+00
819.4375,819.59375,0.15625,2.763437e+00,4.238859e-02,2.721048e+00
819.59375,819.75,0.15625,2.617382e+00,4.238859e-02,2.574993e+00
819.75,819.90625,0.15625,2.532719e+00,4.238859e-02,2.490331e+00
819.90625,820.0625,0.15625,2.523065e+00,4.238859e-02,2.480676e+00
820.0625,820.21875,0.15625,2.523065e+00,4.238859e-02,2.480676e+00
820.21875,820.375,0.15625,2.590016e+00,4.238859e-02,2.547628e+00
820.375,820.53125,0.15625,2.724608e+00,4.238859e-02,2.682220e+00
820.53125,820.6875,0.15625,2.911128e+00,4.238859e-02,2.868739e+00
820.6875,820.84375,0.15625,3.131709e+00,4.238859e-02,3.089320e+00
820.84375,821,0.15625,3.369841e+00,4.238859e-02,3.327452e+00
821,821.15625,0.15625,3.611467e+00,4.238859e-02,3.569078e+00
821.15625,821.3125,0.15625,3.843571e+00,4.238859e-02,3.801182e+00
821.3125,821.46875,0.15625,4.051423e+00,4.238859e-02,4.009034e+00
821.46875,821.625,0.15625,4.216387e+00,4.238859e-02,4.173998e+00
821.625,821.78125,0.15625,4.316013e+00,4.238859e-02,4.273624e+00
821.78125,821.9375,0.15625,4.231023e+00,4.238859e-02,4.188634e+00
821.9375,822.09375,0.15625,4.019599e+00,4.238859e-02,3.977210e+00
822.09375,822.25,0.15625,3.699265e+00,4.238859e-02,3.656877e+00
822.25,822.40625,0.15625,3.292128e+00,4.238859e-02,3.249740e+00
822.40625,822.5625,0.15625,2.833385e+00,4.238859e-02,2.790996e+00
822.5625,822.71875,0.15625,2.365905e+00,4.238859e-02,2.323516e+00
822.71875,822.875,0.15625,1.933498e+00,4.238859e-02,1.891109e+00
822.875,823.03125,0.15625,1.574510e+00,4.238859e-02,1.532121e+00
823.03125,823.1875,0.15625,1.316928e+00,4.238859e-02,1.274540e+00
823.1875,823.34375,0.15625,1.175494e+00,4.238859e-02,1.133106e+00
823.34375,823.5,0.15625,1.150736e+00,4.238859e-02,1.108348e+00
823.5,823.65625,0.15625,1.150736e+00,4.238859e-02,1.108348e+00
823.65625,823.8125,0.15625,1.229641e+00,4.238859e-02,1.187252e+00
823.8125,823.96875,0.15625,1.387763e+00,4.238859e-02,1.345374e+00
823.96875,824.125,0.15625,1.592762e+00,4.238859e-02,1.550374e+00
824.125,824.28125,0.15625,1.809344e+00,4.238859e-02,1.766955e+00
824.28125,824.4375,0.15625,2.005199e+00,4.238859e-02,1.962811e+00
824.4375,824.59375,0.15625,2.156980e+00,4.238859e-02,2.114592e+00
824.59375,824.75,0.15625,2.254847e+00,4.238859e-02,2.212458e+00
824.75,824.90625,0.15625,2.304117e+00,4.238859e-02,2.261728e+00
824.90625,825.0625,0.15625,2.323194e+00,4.238859e-02,2.280806e+00
825.0625,825.21875,0.15625,2.338049e+00,4.238859e-02,2.295660e+00
825.21875,825.375,0.15625,2.374716e+00,4.238859e-02,2.332327e+00
825.375,825.53125,0.15625,2.452017e+00,4.238859e-02,2.409629e+00
825.53125,825.6875,0.15625,2.576601e+00,4.238859e-02,2.534212e+00
825.6875,825.84375,0.15625,2.741590e+00,4.238859e-02,2.699201e+00
825.84375,826,0.15625,2.928831e+00,4.238859e-02,2.886442e+00
826,826.15625,0.15625,3.113655e+00,4.238859e-02,3.071267e+00
826.15625,826.3125,0.15625,3.270489e+00,4.238859e-02,3.228100e+00
826.3125,826.46875,0.15625,3.377848e+00,4.238859e-02,3.335459e+00
826.46875,826.625,0.15625,3.398243e+00,4.238859e-02,3.355854e+00
826.625,826.78125,0.15625,3.312646e+00,4.238859e-02,3.270257e+00
826.78125,826.9375,0.15625,3.180013e+00,4.238859e-02,3.137624e+00
826.9375,827.09375,0.15625,3.022422e+00,4.238859e-02,2.980033e+00
827.09375,827.25,0.15625,2.865636e+00,4.238859e-02,2.823248e+00
827.25,827.40625,0.15625,2.734505e+00,4.238859e-02,2.692116e+00
827.40625,827.5625,0.15625,2.648090e+00,4.238859e-02,2.605701e+00
827.5625,827.71875,0.15625,2.615826e+00,4.238859e-02,2.573437e+00
827.71875,827.875,0.15625,2.615826e+00,4.238859e-02,2.573437e+00
827.875,828.03125,0.15625,2.635991e+00,4.238859e-02,2.593602e+00
828.03125,828.1875,0.15625,2.697092e+00,4.238859e-02,2.654703e+00
828.1875,828.34375,0.15625,2.781663e+00,4.238859e-02,2.739275e+00
828.34375,828.5,0.15625,2.871054e+00,4.238859e-02,2.828665e+00
828.5,828.65625,0.15625,2.949441e+00,4.238859e-02,2.907053e+00
828.65625,828.8125,0.15625,3.005868e+00,4.238859e-02,2.963479e+00
828.8125,828.96875,0.15625,3.031581e+00,4.238859e-02,2.989193e+00
828.96875,829.125,0.15625,2.997861e+00,4.238859e-02,2.955473e+00
829.125,829.28125,0.15625,2.935125e+00,4.238859e-02,2.892736e+00
829.28125,829.4375,0.15625,2.849169e+00,4.238859e-02,2.806781e+00
829.4375,829.59375,0.15625,2.750811e+00,4.238859e-02,2.708423e+00
829.59375,829.75,0.15625,2.656003e+00,4.238859e-02,2.613614e+00
829.75,829.90625,0.15625,2.583788e+00,4.238859e-02,2.541399e+00
829.90625,830.0625,0.15625,2.552249e+00,4.238859e-02,2.509861e+00
830.0625,830.21875,0.15625,2.552249e+00,4.238859e-02,2.509861e+00
830.21875,830.375,0.15625,2.573708e+00,4.238859e-02,2.531319e+00
830.375,830.53125,0.15625,2.650952e+00,4.238859e-02,2.608563e+00
830.53125,830.6875,0.15625,2.775959e+00,4.238859e-02,2.733570e+00
830.6875,830.84375,0.15625,2.931573e+00,4.238859e-02,2.889184e+00
830.84375,831,0.15625,3.095468e+00,4.238859e-02,3.053079e+00
831,831.15625,0.15625,3.244989e+00,4.238859e-02,3.202601e+00
831.15625,831.3125,0.15625,3.361429e+00,4.238859e-02,3.319041e+00
831.3125,831.46875,0.15625,3.432804e+00,4.238859e-02,3.390415e+00
831.46875,831.625,0.15625,3.430993e+00,4.238859e-02,3.388605e+00
831.625,831.78125,0.15625,3.370157e+00,4.238859e-02,3.327769e+00
831.78125,831.9375,0.15625,3.285134e+00,4.238859e-02,3.242745e+00
831.9375,832.09375,0.15625,3.189219e+00,4.238859e-02,3.146830e+00
832.09375,832.25,0.15625,3.093016e+00,4.238859e-02,3.050627e+00
832.25,832.40625,0.15625,3.001729e+00,4.238859e-02,2.959341e+00
832.40625,832.5625,0.15625,2.914049e+00,4.238859e-02,2.871660e+00
832.5625,832.71875,0.15625,2.823395e+00,4.238859e-02,2.781006e+00
832.71875,832.875,0.15625,2.721471e+00,4.238859e-02,2.679083e+00
832.875,833.03125,0.15625,2.602998e+00,4.238859e-02,2.560609e+00
833.03125,833.1875,0.15625,2.469772e+00,4.238859e-02,2.427384e+00
833.1875,833.34375,0.15625,2.332193e+00,4.238859e-02,2.289804e+00
833.34375,833.5,0.15625,2.207252e+00,4.238859e-02,2.164864e+00
833.5,833.65625,0.15625,2.113397e+00,4.238859e-02,2.071008e+00
833.65625,833.8125,0.15625,2.063956e+00,4.238859e-02,2.021568e+00
833.8125,833.96875,0.15625,2.061561e+00,4.238859e-02,2.019173e+00
833.96875,834.125,0.15625,2.061561e+00,4.238859e-02,2.019173e+00
834.125,834.28125,0.15625,2.095705e+00,4.238859e-02,2.053316e+00
834.28125,834.4375,0.15625,2.144565e+00,4.238859e-02,2.102177e+00
834.4375,834.59375,0.15625,2.178962e+00,4.238859e-02,2.136573e+00
834.59375,834.75,0.15625,2.124028e+00,4.238859e-02,2.081640e+00
834.75,834.90625,0.15625,2.015571e+00,4.238859e-02,1.973182e+00
834.90625,835.0625,0.15625,1.869333e+00,4.238859e-02,1.826945e+00
835.0625,835.21875,0.15625,1.714143e+00,4.238859e-02,1.671754e+00
835.21875,835.375,0.15625,1.585791e+00,4.238859e-02,1.543403e+00
835.375,835.53125,0.15625,1.519490e+00,4.238859e-02,1.477101e+00
835.53125,835.6875,0.15625,1.519490e+00,4.238859e-02,1.477101e+00
835.6875,835.84375,0.15625,1.542707e+00,4.238859e-02,1.500318e+00
835.84375,836,0.15625,1.669863e+00,4.238859e-02,1.627475e+00
836,836.15625,0.15625,1.899726e+00,4.238859e-02,1.857337e+00
836.15625,836.3125,0.15625,2.215755e+00,4.238859e-02,2.173366e+00
836.3125,836.46875,0.15625,2.589118e+00,4.238859e-02,2.546729e+00
836.46875,836.625,0.15625,2.983686e+00,4.238859e-02,2.941297e+00
836.625,836.78125,0.15625,3.362026e+00,4.238859e-02,3.319637e+00
836.78125,836.9375,0.15625,3.691229e+00,4.238859e-02,3.648840e+00
836.9375,837.09375,0.15625,3.947454e+00,4.238859e-02,3.905065e+00
837.09375,837.25,0.15625,4.118333e+00,4.238859e-02,4.075945e+00
837.25,837.40625,0.15625,4.202912e+00,4.238859e-02,4.160523e+00
837.40625,837.5625,0.15625,4.151804e+00,4.238859e-02,4.109416e+00
837.5625,837.71875,0.15625,4.046075e+00,4.238859e-02,4.003686e+00
837.71875,837.875,0.15625,3.907692e+00,4.238859e-02,3.865303e+00
837.875,838.03125,0.15625,3.750306e+00,4.238859e-02,3.707918e+00
838.03125,838.1875,0.15625,3.585733e+00,4.238859e-02,3.543344e+00
838.1875,838.34375,0.15625,3.424326e+00,4.238859e-02,3.381937e+00
838.34375,838.5,0.15625,3.274864e+00,4.238859e-02,3.232475e+00
838.5,838.65625,0.15625,3.143514e+00,4.238859e-02,3.101125e+00
838.65625,838.8125,0.15625,3.032254e+00,4.238859e-02,2.989865e+00
838.8125,838.96875,0.15625,2.937794e+00,4.238859e-02,2.895405e+00
838.96875,839.125,0.15625,2.852132e+00,4.238859e-02,2.809744e+00
839.125,839.28125,0.15625,2.765250e+00,4.238859e-02,2.722861e+00
839.28125,839.4375,0.15625,2.669345e+00,4.238859e-02,2.626957e+00
839.4375,839.59375,0.15625,2.563043e+00,4.238859e-02,2.520655e+00
839.59375,839.75,0.15625,2.453703e+00,4.238859e-02,2.411314e+00
839.75,839.90625,0.15625,2.356543e+00,4.238859e-02,2.314155e+00
839.90625,840.0625,0.15625,2.290586e+00,4.238859e-02,2.248197e+00
840.0625,840.21875,0.15625,2.272746e+00,4.238859e-02,2.230357e+00
840.21875,840.375,0.15625,2.272746e+00,4.238859e-02,2.230357e+00
840.375,840.53125,0.15625,2.312227e+00,4.238859e-02,2.269838e+00
840.53125,840.6875,0.15625,2.407237e+00,4.238859e-02,2.364849e+00
840.6875,840.84375,0.15625,2.545085e+00,4.238859e-02,2.502696e+00
840.84375,841,0.15625,2.705313e+00,4.238859e-02,2.662924e+00
841,841.15625,0.15625,2.864445e+00,4.238859e-02,2.822057e+00
841.15625,841.3125,0.15625,3.000465e+00,4.238859e-02,2.958077e+00
841.3125,841.46875,0.15625,3.095666e+00,4.238859e-02,3.053277e+00
841.46875,841.625,0.15625,3.118140e+00,4.238859e-02,3.075752e+00
841.625,841.78125,0.15625,3.033872e+00,4.238859e-02,2.991483e+00
841.78125,841.9375,0.15625,2.885366e+00,4.238859e-02,2.842978e+00
841.9375,842.09375,0.15625,2.678910e+00,4.238859e-02,2.636521e+00
842.09375,842.25,0.15625,2.427957e+00,4.238859e-02,2.385569e+00
842.25,842.40625,0.15625,2.153893e+00,4.238859e-02,2.111504e+00
842.40625,842.5625,0.15625,1.885062e+00,4.238859e-02,1.842673e+00
842.5625,842.71875,0.15625,1.653793e+00,4.238859e-02,1.611404e+00
842.71875,842.875,0.15625,1.491881e+00,4.238859e-02,1.449492e+00
842.875,843.03125,0.15625,1.425489e+00,4.238859e-02,1.383100e+00
843.03125,843.1875,0.15625,1.425489e+00,4.238859e-02,1.383100e+00
843.1875,843.34375,0.15625,1.470571e+00,4.238859e-02,1.428182e+00
843.34375,843.5,0.15625,1.629681e+00,4.238859e-02,1.587292e+00
843.5,843.65625,0.15625,1.890732e+00,4.238859e-02,1.848343e+00
843.65625,843.8125,0.15625,2.227918e+00,4.238859e-02,2.185529e+00
843.8125,843.96875,0.15625,2.604752e+00,4.238859e-02,2.562363e+00
843.96875,844.125,0.15625,2.978895e+00,4.238859e-02,2.936507e+00
844.125,844.28125,0.15625,3.308184e+00,4.238859e-02,3.265795e+00
844.28125,844.4375,0.15625,3.556975e+00,4.238859e-02,3.514587e+00
844.4375,844.59375,0.15625,3.701749e+00,4.238859e-02,3.659361e+00
844.59375,844.75,0.15625,3.665485e+00,4.238859e-02,3.623096e+00
844.75,844.90625,0.15625,3.517450e+00,4.238859e-02,3.475062e+00
844.90625,845.0625,0.15625,3.323873e+00,4.238859e-02,3.281484e+00
845.0625,845.21875,0.15625,3.119831e+00,4.238859e-02,3.077442e+00
845.21875,845.375,0.15625,2.934594e+00,4.238859e-02,2.892205e+00
845.375,845.53125,0.15625,2.785462e+00,4.238859e-02,2.743074e+00
845.53125,845.6875,0.15625,2.675021e+00,4.238859e-02,2.632632e+00
845.6875,845.84375,0.15625,2.592739e+00,4.238859e-02,2.550351e+00
845.84375,846,0.15625,2.520573e+00,4.238859e-02,2.478184e+00
846,846.15625,0.15625,2.440875e+00,4.238859e-02,2.398486e+00
846.15625,846.3125,0.15625,2.344126e+00,4.238859e-02,2.301737e+00
846.3125,846.46875,0.15625,2.233976e+00,4.238859e-02,2.191588e+00
846.46875,846.625,0.15625,2.127950e+00,4.238859e-02,2.085562e+00
846.625,846.78125,0.15625,2.053542e+00,4.238859e-02,2.011153e+00
846.78125,846.9375,0.15625,2.040845e+00,4.238859e-02,1.998456e+00
846.9375,847.09375,0.15625,2.040845e+00,4.238859e-02,1.998456e+00
847.09375,847.25,0.15625,2.113843e+00,4.238859e-02,2.071455e+00
847.25,847.40625,0.15625,2.282786e+00,4.238859e-02,2.240398e+00
847.40625,847.5625,0.15625,2.539686e+00,4.238859e-02,2.497298e+00
847.5625,847.71875,0.15625,2.858144e+00,4.238859e-02,2.815755e+00
847.71875,847.875,0.15625,3.197613e+00,4.238859e-02,3.155225e+00
847.875,848.03125,0.15625,3.511192e+00,4.238859e-02,3.468803e+00
848.03125,848.1875,0.15625,3.755208e+00,4.238859e-02,3.712819e+00
848.1875,848.34375,0.15625,3.898417e+00,4.238859e-02,3.856028e+00
848.34375,848.5,0.15625,3.855259e+00,4.238859e-02,3.812870e+00
848.5,848.65625,0.15625,3.706728e+00,4.238859e-02,3.664339e+00
848.65625,848.8125,0.15625,3.523914e+00,4.238859e-02,3.481525e+00
848.8125,848.96875,0.15625,3.350630e+00,4.238859e-02,3.308241e+00
848.96875,849.125,0.15625,3.223896e+00,4.238859e-02,3.181507e+00
849.125,849.28125,0.15625,3.166257e+00,4.238859e-02,3.123868e+00
849.28125,849.4375,0.15625,3.166257e+00,4.238859e-02,3.123868e+00
849.4375,849.59375,0.15625,3.181900e+00,4.238859e-02,3.139511e+00
849.59375,849.75,0.15625,3.257151e+00,4.238859e-02,3.214763e+00
849.75,849.90625,0.15625,3.364721e+00,4.238859e-02,3.322332e+00
849.90625,850.0625,0.15625,3.470178e+00,4.238859e-02,3.427789e+00
850.0625,850.21875,0.15625,3.538899e+00,4.238859e-02,3.496511e+00
850.21875,850.375,0.15625,3.460734e+00,4.238859e-02,3.418346e+00
850.375,850.53125,0.15625,3.288224e+00,4.238859e-02,3.245836e+00
850.53125,850.6875,0.15625,3.030243e+00,4.238859e-02,2.987855e+00
850.6875,850.84375,0.15625,2.703751e+00,4.238859e-02,2.661363e+00
850.84375,851,0.15625,2.334425e+00,4.238859e-02,2.292037e+00
851,851.15625,0.15625,1.953224e+00,4.238859e-02,1.910835e+00
851.15625,851.3125,0.15625,1.592528e+00,4.238859e-02,1.550139e+00
851.3125,851.46875,0.15625,1.282462e+00,4.238859e-02,1.240073e+00
851.46875,851.625,0.15625,1.047923e+00,4.238859e-02,1.005534e+00
851.625,851.78125,0.15625,9.066094e-01,4.238859e-02,8.642208e-01
851.78125,851.9375,0.15625,8.680081e-01,4.238859e-02,8.256195e-01
851.9375,852.09375,0.15625,8.680081e-01,4.238859e-02,8.256195e-01
852.09375,852.25,0.15625,9.330799e-01,4.238859e-02,8.906914e-01
852.25,852.40625,0.15625,1.094404e+00,4.238859e-02,1.052016e+00
852.40625,852.5625,0.15625,1.336751e+00,4.238859e-02,1.294363e+00
852.5625,852.71875,0.15625,1.638280e+00,4.238859e-02,1.595892e+00
852.71875,852.875,0.15625,1.972593e+00,4.238859e-02,1.930205e+00
852.875,853.03125,0.15625,2.311638e+00,4.238859e-02,2.269249e+00
853.03125,853.1875,0.15625,2.629062e+00,4.238859e-02,2.586673e+00
853.1875,853.34375,0.15625,2.903301e+00,4.238859e-02,2.860912e+00
853.34375,853.5,0.15625,3.119695e+00,4.238859e-02,3.077306e+00
853.5,853.65625,0.15625,3.271271e+00,4.238859e-02,3.228883e+00
853.65625,853.8125,0.15625,3.358312e+00,4.238859e-02,3.315923e+00
853.8125,853.96875,0.15625,3.368910e+00,4.238859e-02,3.326521e+00
853.96875,854.125,0.15625,3.317577e+00,4.238859e-02,3.275188e+00
854.125,854.28125,0.15625,3.248613e+00,4.238859e-02,3.206224e+00
854.28125,854.4375,0.15625,3.176658e+00,4.238859e-02,3.134269e+00
854.4375,854.59375,0.15625,3.113330e+00,4.238859e-02,3.070941e+00
854.59375,854.75,0.15625,3.065491e+00,4.238859e-02,3.023102e+00
854.75,854.90625,0.15625,3.034817e+00,4.238859e-02,2.992428e+00
854.90625,855.0625,0.15625,3.019086e+00,4.238859e-02,2.976698e+00
855.0625,855.21875,0.15625,3.014835e+00,4.238859e-02,2.972446e+00
855.21875,855.375,0.15625,3.014835e+00,4.238859e-02,2.972446e+00
855.375,855.53125,0.15625,3.020234e+00,4.238859e-02,2.977846e+00
855.53125,855.6875,0.15625,3.036805e+00,4.238859e-02,2.994417e+00
855.6875,855.84375,0.15625,3.069035e+00,4.238859e-02,3.026647e+00
855.84375,856,0.15625,3.121949e+00,4.238859e-02,3.079560e+00
856,856.15625,0.15625,3.197674e+00,4.238859e-02,3.155286e+00
856.15625,856.3125,0.15625,3.292515e+00,4.238859e-02,3.250126e+00
856.3125,856.46875,0.15625,3.395787e+00,4.238859e-02,3.353398e+00
856.46875,856.625,0.15625,3.490914e+00,4.238859e-02,3.448526e+00
856.625,856.78125,0.15625,3.558407e+00,4.238859e-02,3.516018e+00
856.78125,856.9375,0.15625,3.541838e+00,4.238859e-02,3.499450e+00
856.9375,857.09375,0.15625,3.439308e+00,4.238859e-02,3.396919e+00
857.09375,857.25,0.15625,3.277316e+00,4.238859e-02,3.234927e+00
857.25,857.40625,0.15625,3.071244e+00,4.238859e-02,3.028855e+00
857.40625,857.5625,0.15625,2.844884e+00,4.238859e-02,2.802496e+00
857.5625,857.71875,0.15625,2.626451e+00,4.238859e-02,2.584063e+00
857.71875,857.875,0.15625,2.443009e+00,4.238859e-02,2.400620e+00
857.875,858.03125,0.15625,2.314490e+00,4.238859e-02,2.272102e+00
858.03125,858.1875,0.15625,2.248981e+00,4.238859e-02,2.206592e+00
858.1875,858.34375,0.15625,2.240882e+00,4.238859e-02,2.198493e+00
858.34375,858.5,0.15625,2.240882e+00,4.238859e-02,2.198493e+00
858.5,858.65625,0.15625,2.272912e+00,4.238859e-02,2.230523e+00
858.65625,858.8125,0.15625,2.321644e+00,4.238859e-02,2.279255e+00
858.8125,858.96875,0.15625,2.365030e+00,4.238859e-02,2.322641e+00
858.96875,859.125,0.15625,2.389507e+00,4.238859e-02,2.347118e+00
859.125,859.28125,0.15625,2.391451e+00,4.238859e-02,2.349062e+00
859.28125,859.4375,0.15625,2.391451e+00,4.238859e-02,2.349062e+00
859.4375,859.59375,0.15625,2.401461e+00,4.238859e-02,2.359073e+00
859.59375,859.75,0.15625,2.446162e+00,4.238859e-02,2.403774e+00
859.75,859.90625,0.15625,2.541030e+00,4.238859e-02,2.498642e+00
859.90625,860.0625,0.15625,2.689464e+00,4.238859e-02,2.647075e+00
860.0625,860.21875,0.15625,2.880594e+00,4.238859e-02,2.838206e+00
860.21875,860.375,0.15625,3.090973e+00,4.238859e-02,3.048585e+00
860.375,860.53125,0.15625,3.289291e+00,4.238859e-02,3.246902e+00
860.53125,860.6875,0.15625,3.442580e+00,4.238859e-02,3.400191e+00
860.6875,860.84375,0.15625,3.509329e+00,4.238859e-02,3.466940e+00
860.84375,861,0.15625,3.396758e+00,4.238859e-02,3.354369e+00
861,861.15625,0.15625,3.191287e+00,4.238859e-02,3.148898e+00
861.15625,861.3125,0.15625,2.912405e+00,4.238859e-02,2.870017e+00
861.3125,861.46875,0.15625,2.590042e+00,4.238859e-02,2.547654e+00
861.46875,861.625,0.15625,2.260693e+00,4.238859e-02,2.218305e+00
861.625,861.78125,0.15625,1.962402e+00,4.238859e-02,1.920013e+00
861.78125,861.9375,0.15625,1.729221e+00,4.238859e-02,1.686833e+00
861.9375,862.09375,0.15625,1.586026e+00,4.238859e-02,1.543637e+00
862.09375,862.25,0.15625,1.544657e+00,4.238859e-02,1.502268e+00
862.25,862.40625,0.15625,1.544657e+00,4.238859e-02,1.502268e+00
862.40625,862.5625,0.15625,1.602275e+00,4.238859e-02,1.559887e+00
862.5625,862.71875,0.15625,1.742410e+00,4.238859e-02,1.700022e+00
862.71875,862.875,0.15625,1.938644e+00,4.238859e-02,1.896256e+00
862.875,863.03125,0.15625,2.160196e+00,4.238859e-02,2.117807e+00
863.03125,863.1875,0.15625,2.378070e+00,4.238859e-02,2.335681e+00
863.1875,863.34375,0.15625,2.570184e+00,4.238859e-02,2.527795e+00
863.34375,863.5,0.15625,2.724112e+00,4.238859e-02,2.681724e+00
863.5,863.65625,0.15625,2.836885e+00,4.238859e-02,2.794497e+00
863.65625,863.8125,0.15625,2.912342e+00,4.238859e-02,2.869954e+00
863.8125,863.96875,0.15625,2.957462e+00,4.238859e-02,2.915074e+00
863.96875,864.125,0.15625,2.979347e+00,4.238859e-02,2.936959e+00
864.125,864.28125,0.15625,2.977237e+00,4.238859e-02,2.934849e+00
864.28125,864.4375,0.15625,2.965926e+00,4.238859e-02,2.923537e+00
864.4375,864.59375,0.15625,2.959413e+00,4.238859e-02,2.917024e+00
864.59375,864.75,0.15625,2.959413e+00,4.238859e-02,2.917024e+00
864.75,864.90625,0.15625,2.968648e+00,4.238859e-02,2.926259e+00
864.90625,865.0625,0.15625,3.003691e+00,4.238859e-02,2.961302e+00
865.0625,865.21875,0.15625,3.070271e+00,4.238859e-02,3.027882e+00
865.21875,865.375,0.15625,3.166940e+00,4.238859e-02,3.124552e+00
865.375,865.53125,0.15625,3.284137e+00,4.238859e-02,3.241748e+00
865.53125,865.6875,0.15625,3.405653e+00,4.238859e-02,3.363265e+00
865.6875,865.84375,0.15625,3.512078e+00,4.238859e-02,3.469689e+00
865.84375,866,0.15625,3.585150e+00,4.238859e-02,3.542761e+00
866,866.15625,0.15625,3.587350e+00,4.238859e-02,3.544962e+00
866.15625,866.3125,0.15625,3.516163e+00,4.238859e-02,3.473775e+00
866.3125,866.46875,0.15625,3.411518e+00,4.238859e-02,3.369129e+00
866.46875,866.625,0.15625,3.292804e+00,4.238859e-02,3.250415e+00
866.625,866.78125,0.15625,3.181614e+00,4.238859e-02,3.139225e+00
866.78125,866.9375,0.15625,3.097118e+00,4.238859e-02,3.054729e+00
866.9375,867.09375,0.15625,3.051896e+00,4.238859e-02,3.009507e+00
867.09375,867.25,0.15625,3.049362e+00,4.238859e-02,3.006973e+00
867.25,867.40625,0.15625,3.049362e+00,4.238859e-02,3.006973e+00
867.40625,867.5625,0.15625,3.083474e+00,4.238859e-02,3.041086e+00
867.5625,867.71875,0.15625,3.140655e+00,4.238859e-02,3.098266e+00
867.71875,867.875,0.15625,3.203036e+00,4.238859e-02,3.160648e+00
867.875,868.03125,0.15625,3.251845e+00,4.238859e-02,3.209456e+00
868.03125,868.1875,0.15625,3.243407e+00,4.238859e-02,3.201018e+00
868.1875,868.34375,0.15625,3.162175e+00,4.238859e-02,3.119787e+00
868.34375,868.5,0.15625,3.021066e+00,4.238859e-02,2.978678e+00
868.5,868.65625,0.15625,2.820917e+00,4.238859e-02,2.778528e+00
868.65625,868.8125,0.15625,2.569968e+00,4.238859e-02,2.527579e+00
868.8125,868.96875,0.15625,2.284625e+00,4.238859e-02,2.242236e+00
868.96875,869.125,0.15625,1.988771e+00,4.238859e-02,1.946383e+00
869.125,869.28125,0.15625,1.711224e+00,4.238859e-02,1.668836e+00
869.28125,869.4375,0.15625,1.481561e+00,4.238859e-02,1.439172e+00
869.4375,869.59375,0.15625,1.325142e+00,4.238859e-02,1.282754e+00
869.59375,869.75,0.15625,1.258456e+00,4.238859e-02,1.216067e+00
869.75,869.90625,0.15625,1.258456e+00,4.238859e-02,1.216067e+00
869.90625,870.0625,0.15625,1.285823e+00,4.238859e-02,1.243435e+00
870.0625,870.21875,0.15625,1.398284e+00,4.238859e-02,1.355896e+00
870.21875,870.375,0.15625,1.575042e+00,4.238859e-02,1.532653e+00
870.375,870.53125,0.15625,1.787409e+00,4.238859e-02,1.745020e+00
870.53125,870.6875,0.15625,2.004622e+00,4.238859e-02,1.962234e+00
870.6875,870.84375,0.15625,2.200309e+00,4.238859e-02,2.157920e+00
870.84375,871,0.15625,2.357997e+00,4.238859e-02,2.315608e+00
871,871.15625,0.15625,2.474084e+00,4.238859e-02,2.431695e+00
871.15625,871.3125,0.15625,2.557287e+00,4.238859e-02,2.514899e+00
871.3125,871.46875,0.15625,2.624701e+00,4.238859e-02,2.582312e+00
871.46875,871.625,0.15625,2.695750e+00,4.238859e-02,2.653361e+00
871.625,871.78125,0.15625,2.786096e+00,4.238859e-02,2.743708e+00
871.78125,871.9375,0.15625,2.903473e+00,4.238859e-02,2.861085e+00
871.9375,872.09375,0.15625,3.046587e+00,4.238859e-02,3.004199e+00
872.09375,872.25,0.15625,3.206943e+00,4.238859e-02,3.164554e+00
872.25,872.40625,0.15625,3.372367e+00,4.238859e-02,3.329978e+00
872.40625,872.5625,0.15625,3.530553e+00,4.238859e-02,3.488165e+00
872.5625,872.71875,0.15625,3.671299e+00,4.238859e-02,3.628910e+00
872.71875,872.875,0.15625,3.786921e+00,4.238859e-02,3.744533e+00
872.875,873.03125,0.15625,3.871262e+00,4.238859e-02,3.828873e+00
873.03125,873.1875,0.15625,3.918186e+00,4.238859e-02,3.875797e+00
873.1875,873.34375,0.15625,3.870361e+00,4.238859e-02,3.827973e+00
873.34375,873.5,0.15625,3.760046e+00,4.238859e-02,3.717658e+00
873.5,873.65625,0.15625,3.584927e+00,4.238859e-02,3.542538e+00
873.65625,873.8125,0.15625,3.345908e+00,4.238859e-02,3.303519e+00
873.8125,873.96875,0.15625,3.051821e+00,4.238859e-02,3.009432e+00
873.96875,874.125,0.15625,2.720589e+00,4.238859e-02,2.678201e+00
874.125,874.28125,0.15625,2.378667e+00,4.238859e-02,2.336278e+00
874.28125,874.4375,0.15625,2.058576e+00,4.238859e-02,2.016187e+00
874.4375,874.59375,0.15625,1.794850e+00,4.238859e-02,1.752462e+00
874.59375,874.75,0.15625,1.619081e+00,4.238859e-02,1.576693e+00
874.75,874.90625,0.15625,1.554974e+00,4.238859e-02,1.512585e+00
874.90625,875.0625,0.15625,1.554974e+00,4.238859e-02,1.512585e+00
875.0625,875.21875,0.15625,1.614307e+00,4.238859e-02,1.571919e+00
875.21875,875.375,0.15625,1.794510e+00,4.238859e-02,1.752121e+00
875.375,875.53125,0.15625,2.078300e+00,4.238859e-02,2.035911e+00
875.53125,875.6875,0.15625,2.435566e+00,4.238859e-02,2.393178e+00
875.6875,875.84375,0.15625,2.827347e+00,4.238859e-02,2.784958e+00
875.84375,876,0.15625,3.211410e+00,4.238859e-02,3.169022e+00
876,876.15625,0.15625,3.548563e+00,4.238859e-02,3.506174e+00
876.15625,876.3125,0.15625,3.808489e+00,4.238859e-02,3.766101e+00
876.3125,876.46875,0.15625,3.973881e+00,4.238859e-02,3.931493e+00
876.46875,876.625,0.15625,4.022112e+00,4.238859e-02,3.979723e+00
876.625,876.78125,0.15625,3.932784e+00,4.238859e-02,3.890395e+00
876.78125,876.9375,0.15625,3.794425e+00,4.238859e-02,3.752036e+00
876.9375,877.09375,0.15625,3.624760e+00,4.238859e-02,3.582371e+00
877.09375,877.25,0.15625,3.435414e+00,4.238859e-02,3.393025e+00
877.25,877.40625,0.15625,3.231776e+00,4.238859e-02,3.189388e+00
877.40625,877.5625,0.15625,3.015797e+00,4.238859e-02,2.973409e+00
877.5625,877.71875,0.15625,2.790371e+00,4.238859e-02,2.747983e+00
877.71875,877.875,0.15625,2.563272e+00,4.238859e-02,2.520884e+00
877.875,878.03125,0.15625,2.348752e+00,4.238859e-02,2.306363e+00
878.03125,878.1875,0.15625,2.165830e+00,4.238859e-02,2.123441e+00
878.1875,878.34375,0.15625,2.033673e+00,4.238859e-02,1.991284e+00
878.34375,878.5,0.15625,1.965688e+00,4.238859e-02,1.923300e+00
878.5,878.65625,0.15625,1.964581e+00,4.238859e-02,1.922193e+00
878.65625,878.8125,0.15625,1.964581e+00,4.238859e-02,1.922193e+00
878.8125,878.96875,0.15625,2.020371e+00,4.238859e-02,1.977982e+00
878.96875,879.125,0.15625,2.112345e+00,4.238859e-02,2.069957e+00
879.125,879.28125,0.15625,2.214527e+00,4.238859e-02,2.172138e+00
879.28125,879.4375,0.15625,2.302886e+00,4.238859e-02,2.260497e+00
879.4375,879.59375,0.15625,2.361866e+00,4.238859e-02,2.319477e+00
879.59375,879.75,0.15625,2.387926e+00,4.238859e-02,2.345538e+00
879.75,879.90625,0.15625,2.379273e+00,4.238859e-02,2.336884e+00
879.90625,880.0625,0.15625,2.373783e+00,4.238859e-02,2.331394e+00
880.0625,880.21875,0.15625,2.373783e+00,4.238859e-02,2.331394e+00
880.21875,880.375,0.15625,2.380955e+00,4.238859e-02,2.338566e+00
880.375,880.53125,0.15625,2.399981e+00,4.238859e-02,2.357592e+00
880.53125,880.6875,0.15625,2.421592e+00,4.238859e-02,2.379203e+00
880.6875,880.84375,0.15625,2.422743e+00,4.238859e-02,2.380355e+00
880.84375,881,0.15625,2.389357e+00,4.238859e-02,2.346969e+00
881,881.15625,0.15625,2.340638e+00,4.238859e-02,2.298249e+00
881.15625,881.3125,0.15625,2.293477e+00,4.238859e-02,2.251088e+00
881.3125,881.46875,0.15625,2.268389e+00,4.238859e-02,2.226001e+00
881.46875,881.625,0.15625,2.268389e+00,4.238859e-02,2.226001e+00
881.625,881.78125,0.15625,2.282968e+00,4.238859e-02,2.240580e+00
881.78125,881.9375,0.15625,2.346476e+00,4.238859e-02,2.304087e+00
881.9375,882.09375,0.15625,2.457532e+00,4.238859e-02,2.415143e+00
882.09375,882.25,0.15625,2.605533e+00,4.238859e-02,2.563145e+00
882.25,882.40625,0.15625,2.774925e+00,4.238859e-02,2.732536e+00
882.40625,882.5625,0.15625,2.950379e+00,4.238859e-02,2.907991e+00
882.5625,882.71875,0.15625,3.120799e+00,4.238859e-02,3.078411e+00
882.71875,882.875,0.15625,3.280754e+00,4.238859e-02,3.238365e+00
882.875,883.03125,0.15625,3.429214e+00,4.238859e-02,3.386826e+00
883.03125,883.1875,0.15625,3.566609e+00,4.238859e-02,3.524220e+00
883.1875,883.34375,0.15625,3.691793e+00,4.238859e-02,3.649404e+00
883.34375,883.5,0.15625,3.800360e+00,4.238859e-02,3.757972e+00
883.5,883.65625,0.15625,3.884943e+00,4.238859e-02,3.842554e+00
883.65625,883.8125,0.15625,3.937245e+00,4.238859e-02,3.894856e+00
883.8125,883.96875,0.15625,3.923558e+00,4.238859e-02,3.881169e+00
883.96875,884.125,0.15625,3.858433e+00,4.238859e-02,3.816044e+00
884.125,884.28125,0.15625,3.762889e+00,4.238859e-02,3.720500e+00
884.28125,884.4375,0.15625,3.646345e+00,4.238859e-02,3.603956e+00
884.4375,884.59375,0.15625,3.517200e+00,4.238859e-02,3.474811e+00
884.59375,884.75,0.15625,3.380404e+00,4.238859e-02,3.338016e+00
884.75,884.90625,0.15625,3.236746e+00,4.238859e-02,3.194358e+00
884.90625,885.0625,0.15625,3.084322e+00,4.238859e-02,3.041934e+00
885.0625,885.21875,0.15625,2.921719e+00,4.238859e-02,2.879330e+00
885.21875,885.375,0.15625,2.751529e+00,4.238859e-02,2.709141e+00
885.375,885.53125,0.15625,2.582477e+00,4.238859e-02,2.540088e+00
885.53125,885.6875,0.15625,2.428815e+00,4.238859e-02,2.386426e+00
885.6875,885.84375,0.15625,2.306786e+00,4.238859e-02,2.264397e+00
885.84375,886,0.15625,2.229239e+00,4.238859e-02,2.186850e+00
886,886.15625,0.15625,2.200473e+00,4.238859e-02,2.158084e+00
886.15625,886.3125,0.15625,2.200473e+00,4.238859e-02,2.158084e+00
886.3125,886.46875,0.15625,2.213492e+00,4.238859e-02,2.171103e+00
886.46875,886.625,0.15625,2.251077e+00,4.238859e-02,2.208688e+00
886.625,886.78125,0.15625,2.290617e+00,4.238859e-02,2.248228e+00
886.78125,886.9375,0.15625,2.300341e+00,4.238859e-02,2.257952e+00
886.9375,887.09375,0.15625,2.258315e+00,4.238859e-02,2.215926e+00
887.09375,887.25,0.15625,2.197818e+00,4.238859e-02,2.155430e+00
887.25,887.40625,0.15625,2.139709e+00,4.238859e-02,2.097320e+00
887.40625,887.5625,0.15625,2.105922e+00,4.238859e-02,2.063533e+00
887.5625,887.71875,0.15625,2.105922e+00,4.238859e-02,2.063533e+00
887.71875,887.875,0.15625,2.112220e+00,4.238859e-02,2.069831e+00
887.875,888.03125,0.15625,2.163311e+00,4.238859e-02,2.120922e+00
888.03125,888.1875,0.15625,2.251953e+00,4.238859e-02,2.209565e+00
888.1875,888.34375,0.15625,2.362177e+00,4.238859e-02,2.319788e+00
888.34375,888.5,0.15625,2.475218e+00,4.238859e-02,2.432830e+00
888.5,888.65625,0.15625,2.575810e+00,4.238859e-02,2.533422e+00
888.65625,888.8125,0.15625,2.656471e+00,4.238859e-02,2.614083e+00
888.8125,888.96875,0.15625,2.718377e+00,4.238859e-02,2.675989e+00
888.96875,889.125,0.15625,2.768876e+00,4.238859e-02,2.726487e+00
889.125,889.28125,0.15625,2.817050e+00,4.238859e-02,2.774662e+00
889.28125,889.4375,0.15625,2.869401e+00,4.238859e-02,2.827013e+00
889.4375,889.59375,0.15625,2.927348e+00,4.238859e-02,2.884960e+00
889.59375,889.75,0.15625,2.987200e+00,4.238859e-02,2.944812e+00
889.75,889.90625,0.15625,3.041995e+00,4.238859e-02,2.999607e+00
889.90625,890.0625,0.15625,3.083886e+00,4.238859e-02,3.041497e+00
890.0625,890.21875,0.15625,3.102358e+00,4.238859e-02,3.059970e+00
890.21875,890.375,0.15625,3.069287e+00,4.238859e-02,3.026899e+00
890.375,890.53125,0.15625,3.004351e+00,4.238859e-02,2.961962e+00
890.53125,890.6875,0.15625,2.908348e+00,4.238859e-02,2.865959e+00
890.6875,890.84375,0.15625,2.787218e+00,4.238859e-02,2.744829e+00
890.84375,891,0.15625,2.653766e+00,4.238859e-02,2.611377e+00
891,891.15625,0.15625,2.527699e+00,4.238859e-02,2.485310e+00
891.15625,891.3125,0.15625,2.433085e+00,4.238859e-02,2.390696e+00
891.3125,891.46875,0.15625,2.393417e+00,4.238859e-02,2.351028e+00
891.46875,891.625,0.15625,2.393417e+00,4.238859e-02,2.351028e+00
891.625,891.78125,0.15625,2.425578e+00,4.238859e-02,2.383189e+00
891.78125,891.9375,0.15625,2.534596e+00,4.238859e-02,2.492208e+00
891.9375,892.09375,0.15625,2.710936e+00,4.238859e-02,2.668547e+00
892.09375,892.25,0.15625,2.931210e+00,4.238859e-02,2.888821e+00
892.25,892.40625,0.15625,3.162124e+00,4.238859e-02,3.119735e+00
892.40625,892.5625,0.15625,3.366542e+00,4.238859e-02,3.324153e+00
892.5625,892.71875,0.15625,3.510192e+00,4.238859e-02,3.467804e+00
892.71875,892.875,0.15625,3.526633e+00,4.238859e-02,3.484245e+00
892.875,893.03125,0.15625,3.390323e+00,4.238859e-02,3.347935e+00
893.03125,893.1875,0.15625,3.177303e+00,4.238859e-02,3.134914e+00
893.1875,893.34375,0.15625,2.919406e+00,4.238859e-02,2.877017e+00
893.34375,893.5,0.15625,2.657449e+00,4.238859e-02,2.615061e+00
893.5,893.65625,0.15625,2.435244e+00,4.238859e-02,2.392855e+00
893.65625,893.8125,0.15625,2.292567e+00,4.238859e-02,2.250178e+00
893.8125,893.96875,0.15625,2.258176e+00,4.238859e-02,2.215788e+00
893.96875,894.125,0.15625,2.258176e+00,4.238859e-02,2.215788e+00
894.125,894.28125,0.15625,2.344170e+00,4.238859e-02,2.301781e+00
894.28125,894.4375,0.15625,2.542983e+00,4.238859e-02,2.500594e+00
894.4375,894.59375,0.15625,2.827924e+00,4.238859e-02,2.785535e+00
894.59375,894.75,0.15625,3.157487e+00,4.238859e-02,3.115098e+00
894.75,894.90625,0.15625,3.482818e+00,4.238859e-02,3.440429e+00
894.90625,895.0625,0.15625,3.756913e+00,4.238859e-02,3.714524e+00
895.0625,895.21875,0.15625,3.943538e+00,4.238859e-02,3.901149e+00
895.21875,895.375,0.15625,3.998286e+00,4.238859e-02,3.955898e+00
895.375,895.53125,0.15625,3.885274e+00,4.238859e-02,3.842886e+00
895.53125,895.6875,0.15625,3.713648e+00,4.238859e-02,3.671259e+00
895.6875,895.84375,0.15625,3.514376e+00,4.238859e-02,3.471987e+00
895.84375,896,0.15625,3.311971e+00,4.238859e-02,3.269583e+00
896,896.15625,0.15625,3.118863e+00,4.238859e-02,3.076475e+00
896.15625,896.3125,0.15625,2.934203e+00,4.238859e-02,2.891814e+00
896.3125,896.46875,0.15625,2.747166e+00,4.238859e-02,2.704777e+00
896.46875,896.625,0.15625,2.543319e+00,4.238859e-02,2.500930e+00
896.625,896.78125,0.15625,2.311660e+00,4.238859e-02,2.269272e+00
896.78125,896.9375,0.15625,2.049966e+00,4.238859e-02,2.007578e+00
896.9375,897.09375,0.15625,1.766943e+00,4.238859e-02,1.724554e+00
897.09375,897.25,0.15625,1.480991e+00,4.238859e-02,1.438603e+00
897.25,897.40625,0.15625,1.216562e+00,4.238859e-02,1.174174e+00
897.40625,897.5625,0.15625,9.996392e-01,4.238859e-02,9.572506e-01
897.5625,897.71875,0.15625,8.537290e-01,4.238859e-02,8.113404e-01
897.71875,897.875,0.15625,7.970805e-01,4.238859e-02,7.546919e-01
897.875,898.03125,0.15625,7.970805e-01,4.238859e-02,7.546919e-01
898.03125,898.1875,0.15625,8.411091e-01,4.238859e-02,7.987206e-01
898.1875,898.34375,0.15625,9.895584e-01,4.238859e-02,9.471698e-01
898.34375,898.5,0.15625,1.237934e+00,4.238859e-02,1.195546e+00
898.5,898.65625,0.15625,1.573108e+00,4.238859e-02,1.530719e+00
898.65625,898.8125,0.15625,1.973414e+00,4.238859e-02,1.931025e+00
898.8125,898.96875,0.15625,2.409803e+00,4.238859e-02,2.367415e+00
898.96875,899.125,0.15625,2.848461e+00,4.238859e-02,2.806073e+00
899.125,899.28125,0.15625,3.254830e+00,4.238859e-02,3.212442e+00
899.28125,899.4375,0.15625,3.598401e+00,4.238859e-02,3.556012e+00
899.4375,899.59375,0.15625,3.857163e+00,4.238859e-02,3.814774e+00
899.59375,899.75,0.15625,4.020539e+00,4.238859e-02,3.978150e+00
899.75,899.90625,0.15625,4.076727e+00,4.238859e-02,4.034338e+00
899.90625,900.0625,0.15625,3.998347e+00,4.238859e-02,3.955959e+00
900.0625,900.21875,0.15625,3.873718e+00,4.238859e-02,3.831329e+00
900.21875,900.375,0.15625,3.719587e+00,4.238859e-02,3.677198e+00
900.375,900.53125,0.15625,3.548903e+00,4.238859e-02,3.506514e+00
900.53125,900.6875,0.15625,3.371520e+00,4.238859e-02,3.329132e+00
900.6875,900.84375,0.15625,3.196504e+00,4.238859e-02,3.154115e+00
900.84375,901,0.15625,3.034558e+00,4.238859e-02,2.992169e+00
901,901.15625,0.15625,2.899019e+00,4.238859e-02,2.856631e+00
901.15625,901.3125,0.15625,2.804557e+00,4.238859e-02,2.762168e+00
901.3125,901.46875,0.15625,2.763807e+00,4.238859e-02,2.721419e+00
901.46875,901.625,0.15625,2.763807e+00,4.238859e-02,2.721419e+00
901.625,901.78125,0.15625,2.783255e+00,4.238859e-02,2.740867e+00
901.78125,901.9375,0.15625,2.860041e+00,4.238859e-02,2.817653e+00
901.9375,902.09375,0.15625,2.981052e+00,4.238859e-02,2.938664e+00
902.09375,902.25,0.15625,3.124687e+00,4.238859e-02,3.082299e+00
902.25,902.40625,0.15625,3.264680e+00,4.238859e-02,3.222291e+00
902.40625,902.5625,0.15625,3.374784e+00,4.238859e-02,3.332396e+00
902.5625,902.71875,0.15625,3.425584e+00,4.238859e-02,3.383195e+00
902.71875,902.875,0.15625,3.347724e+00,4.238859e-02,3.305336e+00
902.875,903.03125,0.15625,3.205772e+00,4.238859e-02,3.163384e+00
903.03125,903.1875,0.15625,3.016126e+00,4.238859e-02,2.973737e+00
903.1875,903.34375,0.15625,2.803452e+00,4.238859e-02,2.761064e+00
903.34375,903.5,0.15625,2.597098e+00,4.238859e-02,2.554709e+00
903.5,903.65625,0.15625,2.426035e+00,4.238859e-02,2.383646e+00
903.65625,903.8125,0.15625,2.313246e+00,4.238859e-02,2.270857e+00
903.8125,903.96875,0.15625,2.270985e+00,4.238859e-02,2.228597e+00
903.96875,904.125,0.15625,2.270985e+00,4.238859e-02,2.228597e+00
904.125,904.28125,0.15625,2.298414e+00,4.238859e-02,2.256026e+00
904.28125,904.4375,0.15625,2.382502e+00,4.238859e-02,2.340113e+00
904.4375,904.59375,0.15625,2.501960e+00,4.238859e-02,2.459572e+00
904.59375,904.75,0.15625,2.632877e+00,4.238859e-02,2.590488e+00
904.75,904.90625,0.15625,2.754050e+00,4.238859e-02,2.711662e+00
904.90625,905.0625,0.15625,2.850274e+00,4.238859e-02,2.807885e+00
905.0625,905.21875,0.15625,2.912776e+00,4.238859e-02,2.870387e+00
905.21875,905.375,0.15625,2.921821e+00,4.238859e-02,2.879432e+00
905.375,905.53125,0.15625,2.864350e+00,4.238859e-02,2.821961e+00
905.53125,905.6875,0.15625,2.764106e+00,4.238859e-02,2.721718e+00
905.6875,905.84375,0.15625,2.623712e+00,4.238859e-02,2.581324e+00
905.84375,906,0.15625,2.452410e+00,4.238859e-02,2.410022e+00
906,906.15625,0.15625,2.268051e+00,4.238859e-02,2.225662e+00
906.15625,906.3125,0.15625,2.096460e+00,4.238859e-02,2.054072e+00
906.3125,906.46875,0.15625,1.967763e+00,4.238859e-02,1.925375e+00
906.46875,906.625,0.15625,1.910436e+00,4.238859e-02,1.868047e+00
906.625,906.78125,0.15625,1.910436e+00,4.238859e-02,1.868047e+00
906.78125,906.9375,0.15625,1.944716e+00,4.238859e-02,1.902327e+00
906.9375,907.09375,0.15625,2.077244e+00,4.238859e-02,2.034855e+00
907.09375,907.25,0.15625,2.298382e+00,4.238859e-02,2.255994e+00
907.25,907.40625,0.15625,2.582887e+00,4.238859e-02,2.540498e+00
907.40625,907.5625,0.15625,2.893705e+00,4.238859e-02,2.851316e+00
907.5625,907.71875,0.15625,3.187983e+00,4.238859e-02,3.145594e+00
907.71875,907.875,0.15625,3.424022e+00,4.238859e-02,3.381633e+00
907.875,908.03125,0.15625,3.567886e+00,4.238859e-02,3.525497e+00
908.03125,908.1875,0.15625,3.511463e+00,4.238859e-02,3.469075e+00
908.1875,908.34375,0.15625,3.318435e+00,4.238859e-02,3.276046e+00
908.34375,908.5,0.15625,3.046682e+00,4.238859e-02,3.004294e+00
908.5,908.65625,0.15625,2.734352e+00,4.238859e-02,2.691963e+00
908.65625,908.8125,0.15625,2.424762e+00,4.238859e-02,2.382373e+00
908.8125,908.96875,0.15625,2.159620e+00,4.238859e-02,2.117232e+00
908.96875,909.125,0.15625,1.972422e+00,4.238859e-02,1.930034e+00
909.125,909.28125,0.15625,1.883268e+00,4.238859e-02,1.840880e+00
909.28125,909.4375,0.15625,1.883268e+00,4.238859e-02,1.840880e+00
909.4375,909.59375,0.15625,1.896208e+00,4.238859e-02,1.853819e+00
909.59375,909.75,0.15625,1.999747e+00,4.238859e-02,1.957358e+00
909.75,909.90625,0.15625,2.170425e+00,4.238859e-02,2.128036e+00
909.90625,910.0625,0.15625,2.378581e+00,4.238859e-02,2.336193e+00
910.0625,910.21875,0.15625,2.594802e+00,4.238859e-02,2.552413e+00
910.21875,910.375,0.15625,2.795377e+00,4.238859e-02,2.752988e+00
910.375,910.53125,0.15625,2.965510e+00,4.238859e-02,2.923122e+00
910.53125,910.6875,0.15625,3.099863e+00,4.238859e-02,3.057474e+00
910.6875,910.84375,0.15625,3.200966e+00,4.238859e-02,3.158578e+00
910.84375,911,0.15625,3.276668e+00,4.238859e-02,3.234280e+00
911,911.15625,0.15625,3.337715e+00,4.238859e-02,3.295327e+00
911.15625,911.3125,0.15625,3.396013e+00,4.238859e-02,3.353624e+00
911.3125,911.46875,0.15625,3.463288e+00,4.238859e-02,3.420900e+00
911.46875,911.625,0.15625,3.549462e+00,4.238859e-02,3.507074e+00
911.625,911.78125,0.15625,3.660202e+00,4.238859e-02,3.617814e+00
911.78125,911.9375,0.15625,3.793923e+00,4.238859e-02,3.751535e+00
911.9375,912.09375,0.15625,3.939326e+00,4.238859e-02,3.896938e+00
912.09375,912.25,0.15625,4.074951e+00,4.238859e-02,4.032562e+00
912.25,912.40625,0.15625,4.171821e+00,4.238859e-02,4.129432e+00
912.40625,912.5625,0.15625,4.132021e+00,4.238859e-02,4.089632e+00
912.5625,912.71875,0.15625,3.958350e+00,4.238859e-02,3.915962e+00
912.71875,912.875,0.15625,3.683830e+00,4.238859e-02,3.641441e+00
912.875,913.03125,0.15625,3.332409e+00,4.238859e-02,3.290020e+00
913.03125,913.1875,0.15625,2.942566e+00,4.238859e-02,2.900177e+00
913.1875,913.34375,0.15625,2.560103e+00,4.238859e-02,2.517715e+00
913.34375,913.5,0.15625,2.229268e+00,4.238859e-02,2.186879e+00
913.5,913.65625,0.15625,1.984258e+00,4.238859e-02,1.941870e+00
913.65625,913.8125,0.15625,1.842978e+00,4.238859e-02,1.800589e+00
913.8125,913.96875,0.15625,1.804279e+00,4.238859e-02,1.761891e+00
913.96875,914.125,0.15625,1.804279e+00,4.238859e-02,1.761891e+00
914.125,914.28125,0.15625,1.849241e+00,4.238859e-02,1.806852e+00
914.28125,914.4375,0.15625,1.946170e+00,4.238859e-02,1.903781e+00
914.4375,914.59375,0.15625,2.058286e+00,4.238859e-02,2.015897e+00
914.59375,914.75,0.15625,2.152362e+00,4.238859e-02,2.109973e+00
914.75,914.90625,0.15625,2.206241e+00,4.238859e-02,2.163852e+00
914.90625,915.0625,0.15625,2.182506e+00,4.238859e-02,2.140118e+00
915.0625,915.21875,0.15625,2.134298e+00,4.238859e-02,2.091910e+00
915.21875,915.375,0.15625,2.093077e+00,4.238859e-02,2.050689e+00
915.375,915.53125,0.15625,2.079092e+00,4.238859e-02,2.036703e+00
915.53125,915.6875,0.15625,2.079092e+00,4.238859e-02,2.036703e+00
915.6875,915.84375,0.15625,2.102035e+00,4.238859e-02,2.059647e+00
915.84375,916,0.15625,2.158506e+00,4.238859e-02,2.116117e+00
916,916.15625,0.15625,2.234068e+00,4.238859e-02,2.191680e+00
916.15625,916.3125,0.15625,2.309090e+00,4.238859e-02,2.266701e+00
916.3125,916.46875,0.15625,2.366206e+00,4.238859e-02,2.323817e+00
916.46875,916.625,0.15625,2.396718e+00,4.238859e-02,2.354330e+00
916.625,916.78125,0.15625,2.400682e+00,4.238859e-02,2.358293e+00
916.78125,916.9375,0.15625,2.400682e+00,4.238859e-02,2.358293e+00
916.9375,917.09375,0.15625,2.406990e+00,4.238859e-02,2.364601e+00
917.09375,917.25,0.15625,2.441053e+00,4.238859e-02,2.398664e+00
917.25,917.40625,0.15625,2.514859e+00,4.238859e-02,2.472471e+00
917.40625,917.5625,0.15625,2.631145e+00,4.238859e-02,2.588756e+00
917.5625,917.71875,0.15625,2.784109e+00,4.238859e-02,2.741721e+00
917.71875,917.875,0.15625,2.962810e+00,4.238859e-02,2.920421e+00
917.875,918.03125,0.15625,3.155329e+00,4.238859e-02,3.112940e+00
918.03125,918.1875,0.15625,3.351720e+00,4.238859e-02,3.309332e+00
918.1875,918.34375,0.15625,3.544522e+00,4.238859e-02,3.502133e+00
918.34375,918.5,0.15625,3.726947e+00,4.238859e-02,3.684559e+00
918.5,918.65625,0.15625,3.890049e+00,4.238859e-02,3.847660e+00
918.65625,918.8125,0.15625,4.020653e+00,4.238859e-02,3.978264e+00
918.8125,918.96875,0.15625,4.101542e+00,4.238859e-02,4.059153e+00
918.96875,919.125,0.15625,4.044384e+00,4.238859e-02,4.001996e+00
919.125,919.28125,0.15625,3.886070e+00,4.238859e-02,3.843681e+00
919.28125,919.4375,0.15625,3.646708e+00,4.238859e-02,3.604320e+00
919.4375,919.59375,0.15625,3.347553e+00,4.238859e-02,3.305164e+00
919.59375,919.75,0.15625,3.021291e+00,4.238859e-02,2.978902e+00
919.75,919.90625,0.15625,2.706396e+00,4.238859e-02,2.664008e+00
919.90625,920.0625,0.15625,2.439640e+00,4.238859e-02,2.397252e+00
920.0625,920.21875,0.15625,2.248620e+00,4.238859e-02,2.206231e+00
920.21875,920.375,0.15625,2.146276e+00,4.238859e-02,2.103887e+00
920.375,920.53125,0.15625,2.128942e+00,4.238859e-02,2.086554e+00
920.53125,920.6875,0.15625,2.128942e+00,4.238859e-02,2.086554e+00
920.6875,920.84375,0.15625,2.178557e+00,4.238859e-02,2.136168e+00
920.84375,921,0.15625,2.268516e+00,4.238859e-02,2.226127e+00
921,921.15625,0.15625,2.371514e+00,4.238859e-02,2.329125e+00
921.15625,921.3125,0.15625,2.467059e+00,4.238859e-02,2.424670e+00
921.3125,921.46875,0.15625,2.546355e+00,4.238859e-02,2.503966e+00
921.46875,921.625,0.15625,2.613091e+00,4.238859e-02,2.570702e+00
921.625,921.78125,0.15625,2.680035e+00,4.238859e-02,2.637647e+00
921.78125,921.9375,0.15625,2.762754e+00,4.238859e-02,2.720365e+00
921.9375,922.09375,0.15625,2.872696e+00,4.238859e-02,2.830308e+00
922.09375,922.25,0.15625,3.011982e+00,4.238859e-02,2.969594e+00
922.25,922.40625,0.15625,3.171425e+00,4.238859e-02,3.129036e+00
922.40625,922.5625,0.15625,3.332136e+00,4.238859e-02,3.289747e+00
922.5625,922.71875,0.15625,3.469890e+00,4.238859e-02,3.427501e+00
922.71875,922.875,0.15625,3.560789e+00,4.238859e-02,3.518401e+00
922.875,923.03125,0.15625,3.539410e+00,4.238859e-02,3.497022e+00
923.03125,923.1875,0.15625,3.422561e+00,4.238859e-02,3.380172e+00
923.1875,923.34375,0.15625,3.251479e+00,4.238859e-02,3.209090e+00
923.34375,923.5,0.15625,3.050431e+00,4.238859e-02,3.008042e+00
923.5,923.65625,0.15625,2.847846e+00,4.238859e-02,2.805458e+00
923.65625,923.8125,0.15625,2.670204e+00,4.238859e-02,2.627815e+00
923.8125,923.96875,0.15625,2.535926e+00,4.238859e-02,2.493537e+00
923.96875,924.125,0.15625,2.450968e+00,4.238859e-02,2.408579e+00
924.125,924.28125,0.15625,2.407612e+00,4.238859e-02,2.365223e+00
924.28125,924.4375,0.15625,2.387187e+00,4.238859e-02,2.344798e+00
924.4375,924.59375,0.15625,2.366175e+00,4.238859e-02,2.323786e+00
924.59375,924.75,0.15625,2.323950e+00,4.238859e-02,2.281561e+00
924.75,924.90625,0.15625,2.249708e+00,4.238859e-02,2.207319e+00
924.90625,925.0625,0.15625,2.146300e+00,4.238859e-02,2.103912e+00
925.0625,925.21875,0.15625,2.029681e+00,4.238859e-02,1.987292e+00
925.21875,925.375,0.15625,1.924145e+00,4.238859e-02,1.881756e+00
925.375,925.53125,0.15625,1.854916e+00,4.238859e-02,1.812527e+00
925.53125,925.6875,0.15625,1.840494e+00,4.238859e-02,1.798105e+00
925.6875,925.84375,0.15625,1.840494e+00,4.238859e-02,1.798105e+00
925.84375,926,0.15625,1.887214e+00,4.238859e-02,1.844826e+00
926,926.15625,0.15625,1.987709e+00,4.238859e-02,1.945320e+00
926.15625,926.3125,0.15625,2.123666e+00,4.238859e-02,2.081277e+00
926.3125,926.46875,0.15625,2.271898e+00,4.238859e-02,2.229510e+00
926.46875,926.625,0.15625,2.411636e+00,4.238859e-02,2.369248e+00
926.625,926.78125,0.15625,2.530581e+00,4.238859e-02,2.488193e+00
926.78125,926.9375,0.15625,2.627727e+00,4.238859e-02,2.585339e+00
926.9375,927.09375,0.15625,2.712112e+00,4.238859e-02,2.669723e+00
927.09375,927.25,0.15625,2.798137e+00,4.238859e-02,2.755749e+00
927.25,927.40625,0.15625,2.899295e+00,4.238859e-02,2.856907e+00
927.40625,927.5625,0.15625,3.022577e+00,4.238859e-02,2.980188e+00
927.5625,927.71875,0.15625,3.165432e+00,4.238859e-02,3.123044e+00
927.71875,927.875,0.15625,3.316061e+00,4.238859e-02,3.273672e+00
927.875,928.03125,0.15625,3.456604e+00,4.238859e-02,3.414216e+00
928.03125,928.1875,0.15625,3.567954e+00,4.238859e-02,3.525565e+00
928.1875,928.34375,0.15625,3.634641e+00,4.238859e-02,3.592253e+00
928.34375,928.5,0.15625,3.610727e+00,4.238859e-02,3.568339e+00
928.5,928.65625,0.15625,3.531009e+00,4.238859e-02,3.488620e+00
928.65625,928.8125,0.15625,3.425731e+00,4.238859e-02,3.383343e+00
928.8125,928.96875,0.15625,3.313990e+00,4.238859e-02,3.271601e+00
928.96875,929.125,0.15625,3.213388e+00,4.238859e-02,3.171000e+00
929.125,929.28125,0.15625,3.136423e+00,4.238859e-02,3.094035e+00
929.28125,929.4375,0.15625,3.088593e+00,4.238859e-02,3.046204e+00
929.4375,929.59375,0.15625,3.068821e+00,4.238859e-02,3.026432e+00
929.59375,929.75,0.15625,3.068821e+00,4.238859e-02,3.026432e+00
929.75,929.90625,0.15625,3.071925e+00,4.238859e-02,3.029537e+00
929.90625,930.0625,0.15625,3.092003e+00,4.238859e-02,3.049614e+00
930.0625,930.21875,0.15625,3.125204e+00,4.238859e-02,3.082816e+00
930.21875,930.375,0.15625,3.170688e+00,4.238859e-02,3.128300e+00
930.375,930.53125,0.15625,3.229434e+00,4.238859e-02,3.187045e+00
930.53125,930.6875,0.15625,3.301599e+00,4.238859e-02,3.259210e+00
930.6875,930.84375,0.15625,3.383740e+00,4.238859e-02,3.341352e+00
930.84375,931,0.15625,3.467153e+00,4.238859e-02,3.424764e+00
931,931.15625,0.15625,3.537982e+00,4.238859e-02,3.495594e+00
931.15625,931.3125,0.15625,3.572558e+00,4.238859e-02,3.530170e+00
931.3125,931.46875,0.15625,3.503514e+00,4.238859e-02,3.461125e+00
931.46875,931.625,0.15625,3.362282e+00,4.238859e-02,3.319894e+00
931.625,931.78125,0.15625,3.146868e+00,4.238859e-02,3.104480e+00
931.78125,931.9375,0.15625,2.864065e+00,4.238859e-02,2.821677e+00
931.9375,932.09375,0.15625,2.529442e+00,4.238859e-02,2.487054e+00
932.09375,932.25,0.15625,2.166028e+00,4.238859e-02,2.123640e+00
932.25,932.40625,0.15625,1.801823e+00,4.238859e-02,1.759434e+00
932.40625,932.5625,0.15625,1.466588e+00,4.238859e-02,1.424199e+00
932.5625,932.71875,0.15625,1.188579e+00,4.238859e-02,1.146190e+00
932.71875,932.875,0.15625,9.918338e-01,4.238859e-02,9.494453e-01
932.875,933.03125,0.15625,8.943187e-01,4.238859e-02,8.519301e-01
933.03125,933.1875,0.15625,8.943187e-01,4.238859e-02,8.519301e-01
933.1875,933.34375,0.15625,9.068192e-01,4.238859e-02,8.644306e-01
933.34375,933.5,0.15625,1.032225e+00,4.238859e-02,9.898366e-01
933.5,933.65625,0.15625,1.264884e+00,4.238859e-02,1.222495e+00
933.65625,933.8125,0.15625,1.590023e+00,4.238859e-02,1.547635e+00
933.8125,933.96875,0.15625,1.983654e+00,4.238859e-02,1.941266e+00
933.96875,934.125,0.15625,2.413575e+00,4.238859e-02,2.371187e+00
934.125,934.28125,0.15625,2.842025e+00,4.238859e-02,2.799636e+00
934.28125,934.4375,0.15625,3.230054e+00,4.238859e-02,3.187665e+00
934.4375,934.59375,0.15625,3.543081e+00,4.238859e-02,3.500692e+00
934.59375,934.75,0.15625,3.756504e+00,4.238859e-02,3.714116e+00
934.75,934.90625,0.15625,3.858976e+00,4.238859e-02,3.816587e+00
934.90625,935.0625,0.15625,3.773265e+00,4.238859e-02,3.730876e+00
935.0625,935.21875,0.15625,3.631938e+00,4.238859e-02,3.589549e+00
935.21875,935.375,0.15625,3.466693e+00,4.238859e-02,3.424304e+00
935.375,935.53125,0.15625,3.304882e+00,4.238859e-02,3.262493e+00
935.53125,935.6875,0.15625,3.164451e+00,4.238859e-02,3.122063e+00
935.6875,935.84375,0.15625,3.052195e+00,4.238859e-02,3.009806e+00
935.84375,936,0.15625,2.965609e+00,4.238859e-02,2.923220e+00
936,936.15625,0.15625,2.897301e+00,4.238859e-02,2.854913e+00
936.15625,936.3125,0.15625,2.839944e+00,4.238859e-02,2.797556e+00
936.3125,936.46875,0.15625,2.789664e+00,4.238859e-02,2.747275e+00
936.46875,936.625,0.15625,2.746597e+00,4.238859e-02,2.704208e+00
936.625,936.78125,0.15625,2.712791e+00,4.238859e-02,2.670402e+00
936.78125,936.9375,0.15625,2.688945e+00,4.238859e-02,2.646557e+00
936.9375,937.09375,0.15625,2.672062e+00,4.238859e-02,2.629673e+00
937.09375,937.25,0.15625,2.655601e+00,4.238859e-02,2.613213e+00
937.25,937.40625,0.15625,2.632403e+00,4.238859e-02,2.590015e+00
937.40625,937.5625,0.15625,2.599152e+00,4.238859e-02,2.556763e+00
937.5625,937.71875,0.15625,2.560228e+00,4.238859e-02,2.517839e+00
937.71875,937.875,0.15625,2.528865e+00,4.238859e-02,2.486476e+00
937.875,938.03125,0.15625,2.524600e+00,4.238859e-02,2.482212e+00
938.03125,938.1875,0.15625,2.524600e+00,4.238859e-02,2.482212e+00
938.1875,938.34375,0.15625,2.567540e+00,4.238859e-02,2.525152e+00
938.34375,938.5,0.15625,2.671313e+00,4.238859e-02,2.628924e+00
938.5,938.65625,0.15625,2.837143e+00,4.238859e-02,2.794754e+00
938.65625,938.8125,0.15625,3.051123e+00,4.238859e-02,3.008735e+00
938.8125,938.96875,0.15625,3.285680e+00,4.238859e-02,3.243291e+00
938.96875,939.125,0.15625,3.504868e+00,4.238859e-02,3.462479e+00
939.125,939.28125,0.15625,3.672084e+00,4.238859e-02,3.629695e+00
939.28125,939.4375,0.15625,3.748043e+00,4.238859e-02,3.705655e+00
939.4375,939.59375,0.15625,3.644131e+00,4.238859e-02,3.601742e+00
939.59375,939.75,0.15625,3.466242e+00,4.238859e-02,3.423853e+00
939.75,939.90625,0.15625,3.247568e+00,4.238859e-02,3.205179e+00
939.90625,940.0625,0.15625,3.027903e+00,4.238859e-02,2.985514e+00
940.0625,940.21875,0.15625,2.845494e+00,4.238859e-02,2.803106e+00
940.21875,940.375,0.15625,2.729413e+00,4.238859e-02,2.687024e+00
940.375,940.53125,0.15625,2.694193e+00,4.238859e-02,2.651804e+00
940.53125,940.6875,0.15625,2.694193e+00,4.238859e-02,2.651804e+00
940.6875,940.84375,0.15625,2.737915e+00,4.238859e-02,2.695527e+00
940.84375,941,0.15625,2.843940e+00,4.238859e-02,2.801552e+00
941,941.15625,0.15625,2.985438e+00,4.238859e-02,2.943049e+00
941.15625,941.3125,0.15625,3.131192e+00,4.238859e-02,3.088803e+00
941.3125,941.46875,0.15625,3.251051e+00,4.238859e-02,3.208663e+00
941.46875,941.625,0.15625,3.319934e+00,4.238859e-02,3.277546e+00
941.625,941.78125,0.15625,3.242230e+00,4.238859e-02,3.199841e+00
941.78125,941.9375,0.15625,3.085659e+00,4.238859e-02,3.043270e+00
941.9375,942.09375,0.15625,2.858695e+00,4.238859e-02,2.816306e+00
942.09375,942.25,0.15625,2.578391e+00,4.238859e-02,2.536003e+00
942.25,942.40625,0.15625,2.269620e+00,4.238859e-02,2.227231e+00
942.40625,942.5625,0.15625,1.962846e+00,4.238859e-02,1.920458e+00
942.5625,942.71875,0.15625,1.690521e+00,4.238859e-02,1.648133e+00
942.71875,942.875,0.15625,1.482508e+00,4.238859e-02,1.440119e+00
942.875,943.03125,0.15625,1.361390e+00,4.238859e-02,1.319001e+00
943.03125,943.1875,0.15625,1.338676e+00,4.238859e-02,1.296288e+00
943.1875,943.34375,0.15625,1.338676e+00,4.238859e-02,1.296288e+00
943.34375,943.5,0.15625,1.412785e+00,4.238859e-02,1.370397e+00
943.5,943.65625,0.15625,1.569366e+00,4.238859e-02,1.526977e+00
943.65625,943.8125,0.15625,1.784039e+00,4.238859e-02,1.741650e+00
943.8125,943.96875,0.15625,2.027088e+00,4.238859e-02,1.984699e+00
943.96875,944.125,0.15625,2.269072e+00,4.238859e-02,2.226683e+00
944.125,944.28125,0.15625,2.485979e+00,4.238859e-02,2.443591e+00
944.28125,944.4375,0.15625,2.662536e+00,4.238859e-02,2.620147e+00
944.4375,944.59375,0.15625,2.792860e+00,4.238859e-02,2.750471e+00
944.59375,944.75,0.15625,2.878605e+00,4.238859e-02,2.836216e+00
944.75,944.90625,0.15625,2.925729e+00,4.238859e-02,2.883340e+00
944.90625,945.0625,0.15625,2.933688e+00,4.238859e-02,2.891300e+00
945.0625,945.21875,0.15625,2.910669e+00,4.238859e-02,2.868280e+00
945.21875,945.375,0.15625,2.884300e+00,4.238859e-02,2.841912e+00
945.375,945.53125,0.15625,2.870997e+00,4.238859e-02,2.828608e+00
945.53125,945.6875,0.15625,2.870997e+00,4.238859e-02,2.828608e+00
945.6875,945.84375,0.15625,2.890878e+00,4.238859e-02,2.848490e+00
945.84375,946,0.15625,2.963698e+00,4.238859e-02,2.921309e+00
946,946.15625,0.15625,3.102469e+00,4.238859e-02,3.060080e+00
946.15625,946.3125,0.15625,3.307047e+00,4.238859e-02,3.264658e+00
946.3125,946.46875,0.15625,3.560443e+00,4.238859e-02,3.518054e+00
946.46875,946.625,0.15625,3.829983e+00,4.238859e-02,3.787595e+00
946.625,946.78125,0.15625,4.073724e+00,4.238859e-02,4.031335e+00
946.78125,946.9375,0.15625,4.250508e+00,4.238859e-02,4.208119e+00
946.9375,947.09375,0.15625,4.302726e+00,4.238859e-02,4.260337e+00
947.09375,947.25,0.15625,4.176778e+00,4.238859e-02,4.134389e+00
947.25,947.40625,0.15625,3.978570e+00,4.238859e-02,3.936182e+00
947.40625,947.5625,0.15625,3.741382e+00,4.238859e-02,3.698993e+00
947.5625,947.71875,0.15625,3.495735e+00,4.238859e-02,3.453346e+00
947.71875,947.875,0.15625,3.261644e+00,4.238859e-02,3.219255e+00
947.875,948.03125,0.15625,3.045757e+00,4.238859e-02,3.003369e+00
948.03125,948.1875,0.15625,2.843943e+00,4.238859e-02,2.801554e+00
948.1875,948.34375,0.15625,2.647780e+00,4.238859e-02,2.605391e+00
948.34375,948.5,0.15625,2.452076e+00,4.238859e-02,2.409687e+00
948.5,948.65625,0.15625,2.260392e+00,4.238859e-02,2.218004e+00
948.65625,948.8125,0.15625,2.086565e+00,4.238859e-02,2.044177e+00
948.8125,948.96875,0.15625,1.951843e+00,4.238859e-02,1.909454e+00
948.96875,949.125,0.15625,1.878874e+00,4.238859e-02,1.836485e+00
949.125,949.28125,0.15625,1.878874e+00,4.238859e-02,1.836485e+00
949.28125,949.4375,0.15625,1.884766e+00,4.238859e-02,1.842377e+00
949.4375,949.59375,0.15625,1.975531e+00,4.238859e-02,1.933143e+00
949.59375,949.75,0.15625,2.143567e+00,4.238859e-02,2.101179e+00
949.75,949.90625,0.15625,2.368659e+00,4.238859e-02,2.326270e+00
949.90625,950.0625,0.15625,2.621859e+00,4.238859e-02,2.579470e+00
950.0625,950.21875,0.15625,2.870831e+00,4.238859e-02,2.828442e+00
950.21875,950.375,0.15625,3.085088e+00,4.238859e-02,3.042699e+00
950.375,950.53125,0.15625,3.239975e+00,4.238859e-02,3.197586e+00
950.53125,950.6875,0.15625,3.314862e+00,4.238859e-02,3.272474e+00
950.6875,950.84375,0.15625,3.229566e+00,4.238859e-02,3.187177e+00
950.84375,951,0.15625,3.074360e+00,4.238859e-02,3.031971e+00
951,951.15625,0.15625,2.869051e+00,4.238859e-02,2.826662e+00
951.15625,951.3125,0.15625,2.640365e+00,4.238859e-02,2.597976e+00
951.3125,951.46875,0.15625,2.418756e+00,4.238859e-02,2.376368e+00
951.46875,951.625,0.15625,2.233642e+00,4.238859e-02,2.191254e+00
951.625,951.78125,0.15625,2.107855e+00,4.238859e-02,2.065467e+00
951.78125,951.9375,0.15625,2.052791e+00,4.238859e-02,2.010403e+00
951.9375,952.09375,0.15625,2.052791e+00,4.238859e-02,2.010403e+00
952.09375,952.25,0.15625,2.065948e+00,4.238859e-02,2.023560e+00
952.25,952.40625,0.15625,2.132006e+00,4.238859e-02,2.089617e+00
952.40625,952.5625,0.15625,2.227534e+00,4.238859e-02,2.185145e+00
952.5625,952.71875,0.15625,2.328117e+00,4.238859e-02,2.285729e+00
952.71875,952.875,0.15625,2.415722e+00,4.238859e-02,2.373334e+00
952.875,953.03125,0.15625,2.483888e+00,4.238859e-02,2.441499e+00
953.03125,953.1875,0.15625,2.538965e+00,4.238859e-02,2.496577e+00
953.1875,953.34375,0.15625,2.596949e+00,4.238859e-02,2.554561e+00
953.34375,953.5,0.15625,2.676967e+00,4.238859e-02,2.634578e+00
953.5,953.65625,0.15625,2.793617e+00,4.238859e-02,2.751228e+00
953.65625,953.8125,0.15625,2.950676e+00,4.238859e-02,2.908288e+00
953.8125,953.96875,0.15625,3.138117e+00,4.238859e-02,3.095728e+00
953.96875,954.125,0.15625,3.333187e+00,4.238859e-02,3.290799e+00
954.125,954.28125,0.15625,3.505037e+00,4.238859e-02,3.462649e+00
954.28125,954.4375,0.15625,3.621426e+00,4.238859e-02,3.579038e+00
954.4375,954.59375,0.15625,3.592792e+00,4.238859e-02,3.550404e+00
954.59375,954.75,0.15625,3.432283e+00,4.238859e-02,3.389894e+00
954.75,954.90625,0.15625,3.189611e+00,4.238859e-02,3.147223e+00
954.90625,955.0625,0.15625,2.893887e+00,4.238859e-02,2.851499e+00
955.0625,955.21875,0.15625,2.583606e+00,4.238859e-02,2.541218e+00
955.21875,955.375,0.15625,2.300646e+00,4.238859e-02,2.258258e+00
955.375,955.53125,0.15625,2.083577e+00,4.238859e-02,2.041188e+00
955.53125,955.6875,0.15625,1.961454e+00,4.238859e-02,1.919066e+00
955.6875,955.84375,0.15625,1.949302e+00,4.238859e-02,1.906913e+00
955.84375,956,0.15625,1.949302e+00,4.238859e-02,1.906913e+00
956,956.15625,0.15625,2.046184e+00,4.238859e-02,2.003796e+00
956.15625,956.3125,0.15625,2.236280e+00,4.238859e-02,2.193891e+00
956.3125,956.46875,0.15625,2.492637e+00,4.238859e-02,2.450248e+00
956.46875,956.625,0.15625,2.782681e+00,4.238859e-02,2.740292e+00
956.625,956.78125,0.15625,3.074133e+00,4.238859e-02,3.031744e+00
956.78125,956.9375,0.15625,3.339994e+00,4.238859e-02,3.297606e+00
956.9375,957.09375,0.15625,3.561651e+00,4.238859e-02,3.519263e+00
957.09375,957.25,0.15625,3.729757e+00,4.238859e-02,3.687368e+00
957.25,957.40625,0.15625,3.843188e+00,4.238859e-02,3.800800e+00
957.40625,957.5625,0.15625,3.906780e+00,4.238859e-02,3.864391e+00
957.5625,957.71875,0.15625,3.917829e+00,4.238859e-02,3.875440e+00
957.71875,957.875,0.15625,3.882572e+00,4.238859e-02,3.840184e+00
957.875,958.03125,0.15625,3.829541e+00,4.238859e-02,3.787152e+00
958.03125,958.1875,0.15625,3.763638e+00,4.238859e-02,3.721250e+00
958.1875,958.34375,0.15625,3.688166e+00,4.238859e-02,3.645777e+00
958.34375,958.5,0.15625,3.604865e+00,4.238859e-02,3.562476e+00
958.5,958.65625,0.15625,3.513580e+00,4.238859e-02,3.471192e+00
958.65625,958.8125,0.15625,3.411655e+00,4.238859e-02,3.369267e+00
958.8125,958.96875,0.15625,3.293564e+00,4.238859e-02,3.251175e+00
958.96875,959.125,0.15625,3.151461e+00,4.238859e-02,3.109073e+00
959.125,959.28125,0.15625,2.977095e+00,4.238859e-02,2.934706e+00
959.28125,959.4375,0.15625,2.764890e+00,4.238859e-02,2.722501e+00
959.4375,959.59375,0.15625,2.515358e+00,4.238859e-02,2.472969e+00
959.59375,959.75,0.15625,2.237561e+00,4.238859e-02,2.195172e+00
959.75,959.90625,0.15625,1.949554e+00,4.238859e-02,1.907165e+00
959.90625,960.0625,0.15625,1.676339e+00,4.238859e-02,1.633950e+00
960.0625,960.21875,0.15625,1.445712e+00,4.238859e-02,1.403323e+00
960.21875,960.375,0.15625,1.282990e+00,4.238859e-02,1.240602e+00
960.375,960.53125,0.15625,1.205888e+00,4.238859e-02,1.163499e+00
960.53125,960.6875,0.15625,1.205888e+00,4.238859e-02,1.163499e+00
960.6875,960.84375,0.15625,1.220673e+00,4.238859e-02,1.178285e+00
960.84375,961,0.15625,1.320435e+00,4.238859e-02,1.278046e+00
961,961.15625,0.15625,1.485926e+00,4.238859e-02,1.443538e+00
961.15625,961.3125,0.15625,1.689048e+00,4.238859e-02,1.646659e+00
961.3125,961.46875,0.15625,1.898564e+00,4.238859e-02,1.856175e+00
961.46875,961.625,0.15625,2.087055e+00,4.238859e-02,2.044667e+00
961.625,961.78125,0.15625,2.237531e+00,4.238859e-02,2.195142e+00
961.78125,961.9375,0.15625,2.347849e+00,4.238859e-02,2.305460e+00
961.9375,962.09375,0.15625,2.431339e+00,4.238859e-02,2.388950e+00
962.09375,962.25,0.15625,2.512929e+00,4.238859e-02,2.470541e+00
962.25,962.40625,0.15625,2.621408e+00,4.238859e-02,2.579020e+00
962.40625,962.5625,0.15625,2.779803e+00,4.238859e-02,2.737415e+00
962.5625,962.71875,0.15625,2.996698e+00,4.238859e-02,2.954310e+00
962.71875,962.875,0.15625,3.261277e+00,4.238859e-02,3.218888e+00
962.875,963.03125,0.15625,3.543906e+00,4.238859e-02,3.501517e+00
963.03125,963.1875,0.15625,3.802451e+00,4.238859e-02,3.760063e+00
963.1875,963.34375,0.15625,3.992719e+00,4.238859e-02,3.950331e+00
963.34375,963.5,0.15625,4.048960e+00,4.238859e-02,4.006572e+00
963.5,963.65625,0.15625,3.907148e+00,4.238859e-02,3.864759e+00
963.65625,963.8125,0.15625,3.684096e+00,4.238859e-02,3.641707e+00
963.8125,963.96875,0.15625,3.423380e+00,4.238859e-02,3.380992e+00
963.96875,964.125,0.15625,3.171927e+00,4.238859e-02,3.129538e+00
964.125,964.28125,0.15625,2.969129e+00,4.238859e-02,2.926740e+00
964.28125,964.4375,0.15625,2.838960e+00,4.238859e-02,2.796571e+00
964.4375,964.59375,0.15625,2.786987e+00,4.238859e-02,2.744599e+00
964.59375,964.75,0.15625,2.786987e+00,4.238859e-02,2.744599e+00
964.75,964.90625,0.15625,2.802508e+00,4.238859e-02,2.760120e+00
964.90625,965.0625,0.15625,2.864369e+00,4.238859e-02,2.821981e+00
965.0625,965.21875,0.15625,2.948067e+00,4.238859e-02,2.905678e+00
965.21875,965.375,0.15625,3.031744e+00,4.238859e-02,2.989355e+00
965.375,965.53125,0.15625,3.099605e+00,4.238859e-02,3.057217e+00
965.53125,965.6875,0.15625,3.142605e+00,4.238859e-02,3.100216e+00
965.6875,965.84375,0.15625,3.144681e+00,4.238859e-02,3.102292e+00
965.84375,966,0.15625,3.108494e+00,4.238859e-02,3.066105e+00
966,966.15625,0.15625,3.055473e+00,4.238859e-02,3.013084e+00
966.15625,966.3125,0.15625,2.994511e+00,4.238859e-02,2.952122e+00
966.3125,966.46875,0.15625,2.935455e+00,4.238859e-02,2.893066e+00
966.46875,966.625,0.15625,2.886935e+00,4.238859e-02,2.844547e+00
966.625,966.78125,0.15625,2.853959e+00,4.238859e-02,2.811570e+00
966.78125,966.9375,0.15625,2.836448e+00,4.238859e-02,2.794060e+00
966.9375,967.09375,0.15625,2.829654e+00,4.238859e-02,2.787266e+00
967.09375,967.25,0.15625,2.826463e+00,4.238859e-02,2.784074e+00
967.25,967.40625,0.15625,2.820585e+00,4.238859e-02,2.778197e+00
967.40625,967.5625,0.15625,2.809038e+00,4.238859e-02,2.766649e+00
967.5625,967.71875,0.15625,2.792628e+00,4.238859e-02,2.750239e+00
967.71875,967.875,0.15625,2.774227e+00,4.238859e-02,2.731839e+00
967.875,968.03125,0.15625,2.755857e+00,4.238859e-02,2.713468e+00
968.03125,968.1875,0.15625,2.736334e+00,4.238859e-02,2.693945e+00
968.1875,968.34375,0.15625,2.711020e+00,4.238859e-02,2.668632e+00
968.34375,968.5,0.15625,2.674114e+00,4.238859e-02,2.631726e+00
968.5,968.65625,0.15625,2.622530e+00,4.238859e-02,2.580141e+00
968.65625,968.8125,0.15625,2.559458e+00,4.238859e-02,2.517069e+00
968.8125,968.96875,0.15625,2.495689e+00,4.238859e-02,2.453300e+00
968.96875,969.125,0.15625,2.447709e+00,4.238859e-02,2.405321e+00
969.125,969.28125,0.15625,2.433067e+00,4.238859e-02,2.390678e+00
969.28125,969.4375,0.15625,2.433067e+00,4.238859e-02,2.390678e+00
969.4375,969.59375,0.15625,2.464707e+00,4.238859e-02,2.422318e+00
969.59375,969.75,0.15625,2.546448e+00,4.238859e-02,2.504060e+00
969.75,969.90625,0.15625,2.671213e+00,4.238859e-02,2.628825e+00
969.90625,970.0625,0.15625,2.822433e+00,4.238859e-02,2.780045e+00
970.0625,970.21875,0.15625,2.977781e+00,4.238859e-02,2.935393e+00
970.21875,970.375,0.15625,3.113658e+00,4.238859e-02,3.071270e+00
970.375,970.53125,0.15625,3.208951e+00,4.238859e-02,3.166563e+00
970.53125,970.6875,0.15625,3.218108e+00,4.238859e-02,3.175720e+00
970.6875,970.84375,0.15625,3.116867e+00,4.238859e-02,3.074478e+00
970.84375,971,0.15625,2.945748e+00,4.238859e-02,2.903360e+00
971,971.15625,0.15625,2.714366e+00,4.238859e-02,2.671977e+00
971.15625,971.3125,0.15625,2.440385e+00,4.238859e-02,2.397996e+00
971.3125,971.46875,0.15625,2.149155e+00,4.238859e-02,2.106767e+00
971.46875,971.625,0.15625,1.871770e+00,4.238859e-02,1.829382e+00
971.625,971.78125,0.15625,1.641493e+00,4.238859e-02,1.599105e+00
971.78125,971.9375,0.15625,1.489127e+00,4.238859e-02,1.446738e+00
971.9375,972.09375,0.15625,1.438256e+00,4.238859e-02,1.395868e+00
972.09375,972.25,0.15625,1.438256e+00,4.238859e-02,1.395868e+00
972.25,972.40625,0.15625,1.501371e+00,4.238859e-02,1.458983e+00
972.40625,972.5625,0.15625,1.677627e+00,4.238859e-02,1.635238e+00
972.5625,972.71875,0.15625,1.952666e+00,4.238859e-02,1.910278e+00
972.71875,972.875,0.15625,2.300554e+00,4.238859e-02,2.258165e+00
972.875,973.03125,0.15625,2.687514e+00,4.238859e-02,2.645125e+00
973.03125,973.1875,0.15625,3.076853e+00,4.238859e-02,3.034464e+00
973.1875,973.34375,0.15625,3.434193e+00,4.238859e-02,3.391804e+00
973.34375,973.5,0.15625,3.732012e+00,4.238859e-02,3.689623e+00
973.5,973.65625,0.15625,3.952610e+00,4.238859e-02,3.910222e+00
973.65625,973.8125,0.15625,4.088962e+00,4.238859e-02,4.046573e+00
973.8125,973.96875,0.15625,4.125055e+00,4.238859e-02,4.082666e+00
973.96875,974.125,0.15625,4.046071e+00,4.238859e-02,4.003682e+00
974.125,974.28125,0.15625,3.919387e+00,4.238859e-02,3.876999e+00
974.28125,974.4375,0.15625,3.757289e+00,4.238859e-02,3.714900e+00
974.4375,974.59375,0.15625,3.571915e+00,4.238859e-02,3.529526e+00
974.59375,974.75,0.15625,3.376798e+00,4.238859e-02,3.334409e+00
974.75,974.90625,0.15625,3.188298e+00,4.238859e-02,3.145910e+00
974.90625,975.0625,0.15625,3.025655e+00,4.238859e-02,2.983267e+00
975.0625,975.21875,0.15625,2.908915e+00,4.238859e-02,2.866526e+00
975.21875,975.375,0.15625,2.854961e+00,4.238859e-02,2.812573e+00
975.375,975.53125,0.15625,2.854961e+00,4.238859e-02,2.812573e+00
975.53125,975.6875,0.15625,2.872823e+00,4.238859e-02,2.830435e+00
975.6875,975.84375,0.15625,2.959928e+00,4.238859e-02,2.917539e+00
975.84375,976,0.15625,3.100755e+00,4.238859e-02,3.058366e+00
976,976.15625,0.15625,3.268548e+00,4.238859e-02,3.226160e+00
976.15625,976.3125,0.15625,3.429738e+00,4.238859e-02,3.387349e+00
976.3125,976.46875,0.15625,3.549924e+00,4.238859e-02,3.507536e+00
976.46875,976.625,0.15625,3.561405e+00,4.238859e-02,3.519017e+00
976.625,976.78125,0.15625,3.429034e+00,4.238859e-02,3.386645e+00
976.78125,976.9375,0.15625,3.212585e+00,4.238859e-02,3.170197e+00
976.9375,977.09375,0.15625,2.935123e+00,4.238859e-02,2.892735e+00
977.09375,977.25,0.15625,2.629652e+00,4.238859e-02,2.587263e+00
977.25,977.40625,0.15625,2.333834e+00,4.238859e-02,2.291446e+00
977.40625,977.5625,0.15625,2.083555e+00,4.238859e-02,2.041166e+00
977.5625,977.71875,0.15625,1.906374e+00,4.238859e-02,1.863985e+00
977.71875,977.875,0.15625,1.816185e+00,4.238859e-02,1.773796e+00
977.875,978.03125,0.15625,1.810377e+00,4.238859e-02,1.767988e+00
978.03125,978.1875,0.15625,1.810377e+00,4.238859e-02,1.767988e+00
978.1875,978.34375,0.15625,1.870428e+00,4.238859e-02,1.828039e+00
978.34375,978.5,0.15625,1.966116e+00,4.238859e-02,1.923727e+00
978.5,978.65625,0.15625,2.062629e+00,4.238859e-02,2.020240e+00
978.65625,978.8125,0.15625,2.128992e+00,4.238859e-02,2.086604e+00
978.8125,978.96875,0.15625,2.109819e+00,4.238859e-02,2.067430e+00
978.96875,979.125,0.15625,2.035370e+00,4.238859e-02,1.992982e+00
979.125,979.28125,0.15625,1.950183e+00,4.238859e-02,1.907794e+00
979.28125,979.4375,0.15625,1.888730e+00,4.238859e-02,1.846341e+00
979.4375,979.59375,0.15625,1.883677e+00,4.238859e-02,1.841288e+00
979.59375,979.75,0.15625,1.883677e+00,4.238859e-02,1.841288e+00
979.75,979.90625,0.15625,1.958007e+00,4.238859e-02,1.915618e+00
979.90625,980.0625,0.15625,2.119661e+00,4.238859e-02,2.077273e+00
980.0625,980.21875,0.15625,2.359805e+00,4.238859e-02,2.317417e+00
980.21875,980.375,0.15625,2.654848e+00,4.238859e-02,2.612460e+00
980.375,980.53125,0.15625,2.971473e+00,4.238859e-02,2.929084e+00
980.53125,980.6875,0.15625,3.273335e+00,4.238859e-02,3.230946e+00
980.6875,980.84375,0.15625,3.527876e+00,4.238859e-02,3.485488e+00
980.84375,981,0.15625,3.711865e+00,4.238859e-02,3.669476e+00
981,981.15625,0.15625,3.814661e+00,4.238859e-02,3.772273e+00
981.15625,981.3125,0.15625,3.797584e+00,4.238859e-02,3.755196e+00
981.3125,981.46875,0.15625,3.711468e+00,4.238859e-02,3.669080e+00
981.46875,981.625,0.15625,3.602386e+00,4.238859e-02,3.559998e+00
981.625,981.78125,0.15625,3.489271e+00,4.238859e-02,3.446882e+00
981.78125,981.9375,0.15625,3.384850e+00,4.238859e-02,3.342462e+00
981.9375,982.09375,0.15625,3.294823e+00,4.238859e-02,3.252435e+00
982.09375,982.25,0.15625,3.219233e+00,4.238859e-02,3.176844e+00
982.25,982.40625,0.15625,3.155067e+00,4.238859e-02,3.112678e+00
982.40625,982.5625,0.15625,3.098696e+00,4.238859e-02,3.056308e+00
982.5625,982.71875,0.15625,3.047024e+00,4.238859e-02,3.004636e+00
982.71875,982.875,0.15625,2.997084e+00,4.238859e-02,2.954695e+00
982.875,983.03125,0.15625,2.944823e+00,4.238859e-02,2.902434e+00
983.03125,983.1875,0.15625,2.884406e+00,4.238859e-02,2.842018e+00
983.1875,983.34375,0.15625,2.809140e+00,4.238859e-02,2.766751e+00
983.34375,983.5,0.15625,2.714178e+00,4.238859e-02,2.671789e+00
983.5,983.65625,0.15625,2.600035e+00,4.238859e-02,2.557646e+00
983.65625,983.8125,0.15625,2.475192e+00,4.238859e-02,2.432803e+00
983.8125,983.96875,0.15625,2.356224e+00,4.238859e-02,2.313836e+00
983.96875,984.125,0.15625,2.264855e+00,4.238859e-02,2.222466e+00
984.125,984.28125,0.15625,2.222678e+00,4.238859e-02,2.180289e+00
984.28125,984.4375,0.15625,2.222678e+00,4.238859e-02,2.180289e+00
984.4375,984.59375,0.15625,2.245370e+00,4.238859e-02,2.202982e+00
984.59375,984.75,0.15625,2.338495e+00,4.238859e-02,2.296107e+00
984.75,984.90625,0.15625,2.496371e+00,4.238859e-02,2.453982e+00
984.90625,985.0625,0.15625,2.704233e+00,4.238859e-02,2.661844e+00
985.0625,985.21875,0.15625,2.942613e+00,4.238859e-02,2.900224e+00
985.21875,985.375,0.15625,3.192040e+00,4.238859e-02,3.149651e+00
985.375,985.53125,0.15625,3.436252e+00,4.238859e-02,3.393864e+00
985.53125,985.6875,0.15625,3.662902e+00,4.238859e-02,3.620513e+00
985.6875,985.84375,0.15625,3.861981e+00,4.238859e-02,3.819592e+00
985.84375,986,0.15625,4.023193e+00,4.238859e-02,3.980804e+00
986,986.15625,0.15625,4.133937e+00,4.238859e-02,4.091549e+00
986.15625,986.3125,0.15625,4.143741e+00,4.238859e-02,4.101352e+00
986.3125,986.46875,0.15625,4.016033e+00,4.238859e-02,3.973644e+00
986.46875,986.625,0.15625,3.792525e+00,4.238859e-02,3.750136e+00
986.625,986.78125,0.15625,3.480833e+00,4.238859e-02,3.438445e+00
986.78125,986.9375,0.15625,3.100706e+00,4.238859e-02,3.058318e+00
986.9375,987.09375,0.15625,2.682377e+00,4.238859e-02,2.639989e+00
987.09375,987.25,0.15625,2.262693e+00,4.238859e-02,2.220305e+00
987.25,987.40625,0.15625,1.879930e+00,4.238859e-02,1.837542e+00
987.40625,987.5625,0.15625,1.568406e+00,4.238859e-02,1.526017e+00
987.5625,987.71875,0.15625,1.353849e+00,4.238859e-02,1.311460e+00
987.71875,987.875,0.15625,1.250164e+00,4.238859e-02,1.207775e+00
987.875,988.03125,0.15625,1.250164e+00,4.238859e-02,1.207775e+00
988.03125,988.1875,0.15625,1.257913e+00,4.238859e-02,1.215525e+00
988.1875,988.34375,0.15625,1.364636e+00,4.238859e-02,1.322247e+00
988.34375,988.5,0.15625,1.547021e+00,4.238859e-02,1.504632e+00
988.5,988.65625,0.15625,1.774813e+00,4.238859e-02,1.732425e+00
988.65625,988.8125,0.15625,2.016004e+00,4.238859e-02,1.973615e+00
988.8125,988.96875,0.15625,2.242416e+00,4.238859e-02,2.200027e+00
988.96875,989.125,0.15625,2.434399e+00,4.238859e-02,2.392010e+00
989.125,989.28125,0.15625,2.583324e+00,4.238859e-02,2.540935e+00
989.28125,989.4375,0.15625,2.691110e+00,4.238859e-02,2.648721e+00
989.4375,989.59375,0.15625,2.766981e+00,4.238859e-02,2.724592e+00
989.59375,989.75,0.15625,2.822706e+00,4.238859e-02,2.780318e+00
989.75,989.90625,0.15625,2.868135e+00,4.238859e-02,2.825746e+00
989.90625,990.0625,0.15625,2.908603e+00,4.238859e-02,2.866215e+00
990.0625,990.21875,0.15625,2.944838e+00,4.238859e-02,2.902449e+00
990.21875,990.375,0.15625,2.974788e+00,4.238859e-02,2.932400e+00
990.375,990.53125,0.15625,2.996010e+00,4.238859e-02,2.953622e+00
990.53125,990.6875,0.15625,3.007243e+00,4.238859e-02,2.964854e+00
990.6875,990.84375,0.15625,3.000837e+00,4.238859e-02,2.958449e+00
990.84375,991,0.15625,2.984779e+00,4.238859e-02,2.942391e+00
991,991.15625,0.15625,2.961889e+00,4.238859e-02,2.919500e+00
991.15625,991.3125,0.15625,2.936020e+00,4.238859e-02,2.893632e+00
991.3125,991.46875,0.15625,2.915393e+00,4.238859e-02,2.873004e+00
991.46875,991.625,0.15625,2.913240e+00,4.238859e-02,2.870852e+00
991.625,991.78125,0.15625,2.913240e+00,4.238859e-02,2.870852e+00
991.78125,991.9375,0.15625,2.945909e+00,4.238859e-02,2.903520e+00
991.9375,992.09375,0.15625,3.028314e+00,4.238859e-02,2.985925e+00
992.09375,992.25,0.15625,3.168055e+00,4.238859e-02,3.125667e+00
992.25,992.40625,0.15625,3.360420e+00,4.238859e-02,3.318032e+00
992.40625,992.5625,0.15625,3.586518e+00,4.238859e-02,3.544129e+00
992.5625,992.71875,0.15625,3.815792e+00,4.238859e-02,3.773403e+00
992.71875,992.875,0.15625,4.012561e+00,4.238859e-02,3.970172e+00
992.875,993.03125,0.15625,4.144680e+00,4.238859e-02,4.102291e+00
993.03125,993.1875,0.15625,4.148761e+00,4.238859e-02,4.106373e+00
993.1875,993.34375,0.15625,4.028038e+00,4.238859e-02,3.985649e+00
993.34375,993.5,0.15625,3.852295e+00,4.238859e-02,3.809906e+00
993.5,993.65625,0.15625,3.647944e+00,4.238859e-02,3.605555e+00
993.65625,993.8125,0.15625,3.437026e+00,4.238859e-02,3.394637e+00
993.8125,993.96875,0.15625,3.231991e+00,4.238859e-02,3.189602e+00
993.96875,994.125,0.15625,3.034782e+00,4.238859e-02,2.992393e+00
994.125,994.28125,0.15625,2.840231e+00,4.238859e-02,2.797842e+00
994.28125,994.4375,0.15625,2.642123e+00,4.238859e-02,2.599734e+00
994.4375,994.59375,0.15625,2.439332e+00,4.238859e-02,2.396944e+00
994.59375,994.75,0.15625,2.239527e+00,4.238859e-02,2.197139e+00
994.75,994.90625,0.15625,2.058960e+00,4.238859e-02,2.016571e+00
994.90625,995.0625,0.15625,1.918419e+00,4.238859e-02,1.876031e+00
995.0625,995.21875,0.15625,1.836860e+00,4.238859e-02,1.794471e+00
995.21875,995.375,0.15625,1.825027e+00,4.238859e-02,1.782639e+00
995.375,995.53125,0.15625,1.825027e+00,4.238859e-02,1.782639e+00
995.53125,995.6875,0.15625,1.881384e+00,4.238859e-02,1.838995e+00
995.6875,995.84375,0.15625,1.991785e+00,4.238859e-02,1.949397e+00
995.84375,996,0.15625,2.133052e+00,4.238859e-02,2.090664e+00
996,996.15625,0.15625,2.279236e+00,4.238859e-02,2.236847e+00
996.15625,996.3125,0.15625,2.408440e+00,4.238859e-02,2.366051e+00
996.3125,996.46875,0.15625,2.507877e+00,4.238859e-02,2.465489e+00
996.46875,996.625,0.15625,2.575512e+00,4.238859e-02,2.533123e+00
996.625,996.78125,0.15625,2.617950e+00,4.238859e-02,2.575561e+00
996.78125,996.9375,0.15625,2.645708e+00,4.238859e-02,2.603319e+00
996.9375,997.09375,0.15625,2.667998e+00,4.238859e-02,2.625609e+00
997.09375,997.25,0.15625,2.689248e+00,4.238859e-02,2.646860e+00
997.25,997.40625,0.15625,2.708694e+00,4.238859e-02,2.666306e+00
997.40625,997.5625,0.15625,2.722881e+00,4.238859e-02,2.680492e+00
997.5625,997.71875,0.15625,2.729563e+00,4.238859e-02,2.687175e+00
997.71875,997.875,0.15625,2.730876e+00,4.238859e-02,2.688487e+00
997.875,998.03125,0.15625,2.734103e+00,4.238859e-02,2.691714e+00
998.03125,998.1875,0.15625,2.749609e+00,4.238859e-02,2.707220e+00
998.1875,998.34375,0.15625,2.786897e+00,4.238859e-02,2.744508e+00
998.34375,998.5,0.15625,2.850590e+00,4.238859e-02,2.808201e+00
998.5,998.65625,0.15625,2.938063e+00,4.238859e-02,2.895675e+00
998.65625,998.8125,0.15625,3.039542e+00,4.238859e-02,2.997153e+00
998.8125,998.96875,0.15625,3.140345e+00,4.238859e-02,3.097956e+00
998.96875,999.125,0.15625,3.224145e+00,4.238859e-02,3.181756e+00
999.125,999.28125,0.15625,3.276038e+00,4.238859e-02,3.233649e+00
999.28125,999.4375,0.15625,3.244092e+00,4.238859e-02,3.201703e+00
999.4375,999.59375,0.15625,3.153817e+00,4.238859e-02,3.111429e+00
999.59375,999.75,0.15625,3.020555e+00,4.238859e-02,2.978167e+00
999.75,999.90625,0.15625,2.858107e+00,4.238859e-02,2.815719e+00
999.90625,1000.0625,0.15625,2.686677e+00,4.238859e-02,2.644288e+00
1000.0625,1000.21875,0.15625,2.530330e+00,4.238859e-02,2.487941e+00
1000.21875,1000.375,0.15625,2.412734e+00,4.238859e-02,2.370345e+00
1000.375,1000.53125,0.15625,2.352124e+00,4.238859e-02,2.309735e+00
1000.53125,1000.6875,0.15625,2.352124e+00,4.238859e-02,2.309735e+00
1000.6875,1000.84375,0.15625,2.357093e+00,4.238859e-02,2.314705e+00
1000.84375,1001,0.15625,2.424780e+00,4.238859e-02,2.382392e+00
1001,1001.15625,0.15625,2.542238e+00,4.238859e-02,2.499850e+00
1001.15625,1001.3125,0.15625,2.690559e+00,4.238859e-02,2.648171e+00
1001.3125,1001.46875,0.15625,2.850239e+00,4.238859e-02,2.807850e+00
1001.46875,1001.625,0.15625,3.005829e+00,4.238859e-02,2.963441e+00
1001.625,1001.78125,0.15625,3.148326e+00,4.238859e-02,3.105937e+00
1001.78125,1001.9375,0.15625,3.274778e+00,4.238859e-02,3.232389e+00
1001.9375,1002.09375,0.15625,3.385751e+00,4.238859e-02,3.343362e+00
1002.09375,1002.25,0.15625,3.482028e+00,4.238859e-02,3.439639e+00
1002.25,1002.40625,0.15625,3.561989e+00,4.238859e-02,3.519600e+00
1002.40625,1002.5625,0.15625,3.620596e+00,4.238859e-02,3.578208e+00
1002.5625,1002.71875,0.15625,3.642518e+00,4.238859e-02,3.600129e+00
1002.71875,1002.875,0.15625,3.591781e+00,4.238859e-02,3.549392e+00
1002.875,1003.03125,0.15625,3.497160e+00,4.238859e-02,3.454771e+00
1003.03125,1003.1875,0.15625,3.364940e+00,4.238859e-02,3.322551e+00
1003.1875,1003.34375,0.15625,3.209123e+00,4.238859e-02,3.166735e+00
1003.34375,1003.5,0.15625,3.050211e+00,4.238859e-02,3.007823e+00
1003.5,1003.65625,0.15625,2.912000e+00,4.238859e-02,2.869612e+00
1003.65625,1003.8125,0.15625,2.816881e+00,4.238859e-02,2.774493e+00
1003.8125,1003.96875,0.15625,2.780751e+00,4.238859e-02,2.738363e+00
1003.96875,1004.125,0.15625,2.780751e+00,4.238859e-02,2.738363e+00
1004.125,1004.28125,0.15625,2.808997e+00,4.238859e-02,2.766609e+00
1004.28125,1004.4375,0.15625,2.894799e+00,4.238859e-02,2.852410e+00
1004.4375,1004.59375,0.15625,3.020243e+00,4.238859e-02,2.977855e+00
1004.59375,1004.75,0.15625,3.159800e+00,4.238859e-02,3.117411e+00
1004.75,1004.90625,0.15625,3.284998e+00,4.238859e-02,3.242610e+00
1004.90625,1005.0625,0.15625,3.368994e+00,4.238859e-02,3.326606e+00
1005.0625,1005.21875,0.15625,3.334080e+00,4.238859e-02,3.291692e+00
1005.21875,1005.375,0.15625,3.195240e+00,4.238859e-02,3.152851e+00
1005.375,1005.53125,0.15625,2.976971e+00,4.238859e-02,2.934583e+00
1005.53125,1005.6875,0.15625,2.691568e+00,4.238859e-02,2.649179e+00
1005.6875,1005.84375,0.15625,2.359358e+00,4.238859e-02,2.316970e+00
1005.84375,1006,0.15625,2.006901e+00,4.238859e-02,1.964512e+00
1006,1006.15625,0.15625,1.664258e+00,4.238859e-02,1.621869e+00
1006.15625,1006.3125,0.15625,1.361706e+00,4.238859e-02,1.319318e+00
1006.3125,1006.46875,0.15625,1.126463e+00,4.238859e-02,1.084075e+00
1006.46875,1006.625,0.15625,9.799765e-01,4.238859e-02,9.375879e-01
1006.625,1006.78125,0.15625,9.360508e-01,4.238859e-02,8.936623e-01
1006.78125,1006.9375,0.15625,9.360508e-01,4.238859e-02,8.936623e-01
1006.9375,1007.09375,0.15625,9.998068e-01,4.238859e-02,9.574182e-01
1007.09375,1007.25,0.15625,1.167304e+00,4.238859e-02,1.124916e+00
1007.25,1007.40625,0.15625,1.425760e+00,4.238859e-02,1.383372e+00
1007.40625,1007.5625,0.15625,1.754459e+00,4.238859e-02,1.712070e+00
1007.5625,1007.71875,0.15625,2.126558e+00,4.238859e-02,2.084169e+00
1007.71875,1007.875,0.15625,2.511886e+00,4.238859e-02,2.469497e+00
1007.875,1008.03125,0.15625,2.880506e+00,4.238859e-02,2.838118e+00
1008.03125,1008.1875,0.15625,3.206517e+00,4.238859e-02,3.164128e+00
1008.1875,1008.34375,0.15625,3.471351e+00,4.238859e-02,3.428962e+00
1008.34375,1008.5,0.15625,3.665919e+00,4.238859e-02,3.623530e+00
1008.5,1008.65625,0.15625,3.791185e+00,4.238859e-02,3.748796e+00
1008.65625,1008.8125,0.15625,3.857081e+00,4.238859e-02,3.814692e+00
1008.8125,1008.96875,0.15625,3.878979e+00,4.238859e-02,3.836590e+00
1008.96875,1009.125,0.15625,3.872039e+00,4.238859e-02,3.829650e+00
1009.125,1009.28125,0.15625,3.871925e+00,4.238859e-02,3.829536e+00
1009.28125,1009.4375,0.15625,3.871925e+00,4.238859e-02,3.829536e+00
1009.4375,1009.59375,0.15625,3.883513e+00,4.238859e-02,3.841125e+00
1009.59375,1009.75,0.15625,3.902635e+00,4.238859e-02,3.860247e+00
1009.75,1009.90625,0.15625,3.908722e+00,4.238859e-02,3.866334e+00
1009.90625,1010.0625,0.15625,3.858886e+00,4.238859e-02,3.816498e+00
1010.0625,1010.21875,0.15625,3.751719e+00,4.238859e-02,3.709330e+00
1010.21875,1010.375,0.15625,3.579118e+00,4.238859e-02,3.536729e+00
1010.375,1010.53125,0.15625,3.343749e+00,4.238859e-02,3.301360e+00
1010.53125,1010.6875,0.15625,3.060394e+00,4.238859e-02,3.018006e+00
1010.6875,1010.84375,0.15625,2.755084e+00,4.238859e-02,2.712696e+00
1010.84375,1011,0.15625,2.461930e+00,4.238859e-02,2.419541e+00
1011,1011.15625,0.15625,2.218005e+00,4.238859e-02,2.175616e+00
1011.15625,1011.3125,0.15625,2.057093e+00,4.238859e-02,2.014705e+00
1011.3125,1011.46875,0.15625,2.003454e+00,4.238859e-02,1.961066e+00
1011.46875,1011.625,0.15625,2.003454e+00,4.238859e-02,1.961066e+00
1011.625,1011.78125,0.15625,2.066883e+00,4.238859e-02,2.024495e+00
1011.78125,1011.9375,0.15625,2.240129e+00,4.238859e-02,2.197740e+00
1011.9375,1012.09375,0.15625,2.499267e+00,4.238859e-02,2.456878e+00
1012.09375,1012.25,0.15625,2.807045e+00,4.238859e-02,2.764656e+00
1012.25,1012.40625,0.15625,3.118593e+00,4.238859e-02,3.076204e+00
1012.40625,1012.5625,0.15625,3.388503e+00,4.238859e-02,3.346114e+00
1012.5625,1012.71875,0.15625,3.578040e+00,4.238859e-02,3.535652e+00
1012.71875,1012.875,0.15625,3.629212e+00,4.238859e-02,3.586823e+00
1012.875,1013.03125,0.15625,3.490931e+00,4.238859e-02,3.448543e+00
1013.03125,1013.1875,0.15625,3.271918e+00,4.238859e-02,3.229529e+00
1013.1875,1013.34375,0.15625,3.009244e+00,4.238859e-02,2.966856e+00
1013.34375,1013.5,0.15625,2.744605e+00,4.238859e-02,2.702216e+00
1013.5,1013.65625,0.15625,2.516352e+00,4.238859e-02,2.473964e+00
1013.65625,1013.8125,0.15625,2.352212e+00,4.238859e-02,2.309823e+00
1013.8125,1013.96875,0.15625,2.264401e+00,4.238859e-02,2.222013e+00
1013.96875,1014.125,0.15625,2.248492e+00,4.238859e-02,2.206104e+00
1014.125,1014.28125,0.15625,2.248492e+00,4.238859e-02,2.206104e+00
1014.28125,1014.4375,0.15625,2.286402e+00,4.238859e-02,2.244014e+00
1014.4375,1014.59375,0.15625,2.352739e+00,4.238859e-02,2.310350e+00
1014.59375,1014.75,0.15625,2.422609e+00,4.238859e-02,2.380220e+00
1014.75,1014.90625,0.15625,2.478463e+00,4.238859e-02,2.436074e+00
1014.90625,1015.0625,0.15625,2.513836e+00,4.238859e-02,2.471448e+00
1015.0625,1015.21875,0.15625,2.532948e+00,4.238859e-02,2.490559e+00
1015.21875,1015.375,0.15625,2.546653e+00,4.238859e-02,2.504264e+00
1015.375,1015.53125,0.15625,2.566605e+00,4.238859e-02,2.524216e+00
1015.53125,1015.6875,0.15625,2.600056e+00,4.238859e-02,2.557667e+00
1015.6875,1015.84375,0.15625,2.647305e+00,4.238859e-02,2.604917e+00
1015.84375,1016,0.15625,2.702479e+00,4.238859e-02,2.660090e+00
1016,1016.15625,0.15625,2.756819e+00,4.238859e-02,2.714431e+00
1016.15625,1016.3125,0.15625,2.802616e+00,4.238859e-02,2.760227e+00
1016.3125,1016.46875,0.15625,2.835816e+00,4.238859e-02,2.793428e+00
1016.46875,1016.625,0.15625,2.856287e+00,4.238859e-02,2.813898e+00
1016.625,1016.78125,0.15625,2.866014e+00,4.238859e-02,2.823625e+00
1016.78125,1016.9375,0.15625,2.858074e+00,4.238859e-02,2.815685e+00
1016.9375,1017.09375,0.15625,2.838765e+00,4.238859e-02,2.796377e+00
1017.09375,1017.25,0.15625,2.807892e+00,4.238859e-02,2.765504e+00
1017.25,1017.40625,0.15625,2.767560e+00,4.238859e-02,2.725171e+00
1017.40625,1017.5625,0.15625,2.723758e+00,4.238859e-02,2.681370e+00
1017.5625,1017.71875,0.15625,2.685099e+00,4.238859e-02,2.642711e+00
1017.71875,1017.875,0.15625,2.659739e+00,4.238859e-02,2.617350e+00
1017.875,1018.03125,0.15625,2.651975e+00,4.238859e-02,2.609587e+00
1018.03125,1018.1875,0.15625,2.651975e+00,4.238859e-02,2.609587e+00
1018.1875,1018.34375,0.15625,2.660347e+00,4.238859e-02,2.617958e+00
1018.34375,1018.5,0.15625,2.678361e+00,4.238859e-02,2.635973e+00
1018.5,1018.65625,0.15625,2.697682e+00,4.238859e-02,2.655293e+00
1018.65625,1018.8125,0.15625,2.712312e+00,4.238859e-02,2.669924e+00
1018.8125,1018.96875,0.15625,2.721792e+00,4.238859e-02,2.679403e+00
1018.96875,1019.125,0.15625,2.731880e+00,4.238859e-02,2.689492e+00
1019.125,1019.28125,0.15625,2.752461e+00,4.238859e-02,2.710072e+00
1019.28125,1019.4375,0.15625,2.793732e+00,4.238859e-02,2.751343e+00
1019.4375,1019.59375,0.15625,2.862515e+00,4.238859e-02,2.820127e+00
1019.59375,1019.75,0.15625,2.960317e+00,4.238859e-02,2.917928e+00
1019.75,1019.90625,0.15625,3.083717e+00,4.238859e-02,3.041328e+00
1019.90625,1020.0625,0.15625,3.226461e+00,4.238859e-02,3.184072e+00
1020.0625,1020.21875,0.15625,3.381777e+00,4.238859e-02,3.339388e+00
1020.21875,1020.375,0.15625,3.543522e+00,4.238859e-02,3.501133e+00
1020.375,1020.53125,0.15625,3.705587e+00,4.238859e-02,3.663199e+00
1020.53125,1020.6875,0.15625,3.860105e+00,4.238859e-02,3.817716e+00
1020.6875,1020.84375,0.15625,3.995791e+00,4.238859e-02,3.953403e+00
1020.84375,1021,0.15625,4.097839e+00,4.238859e-02,4.055451e+00
1021,1021.15625,0.15625,4.138858e+00,4.238859e-02,4.096470e+00
1021.15625,1021.3125,0.15625,4.057905e+00,4.238859e-02,4.015517e+00
1021.3125,1021.46875,0.15625,3.911381e+00,4.238859e-02,3.868993e+00
1021.46875,1021.625,0.15625,3.714624e+00,4.238859e-02,3.672236e+00
1021.625,1021.78125,0.15625,3.491325e+00,4.238859e-02,3.448937e+00
1021.78125,1021.9375,0.15625,3.267867e+00,4.238859e-02,3.225478e+00
1021.9375,1022.09375,0.15625,3.066401e+00,4.238859e-02,3.024013e+00
1022.09375,1022.25,0.15625,2.898867e+00,4.238859e-02,2.856479e+00
1022.25,1022.40625,0.15625,2.763964e+00,4.238859e-02,2.721575e+00
1022.40625,1022.5625,0.15625,2.648215e+00,4.238859e-02,2.605826e+00
1022.5625,1022.71875,0.15625,2.530872e+00,4.238859e-02,2.488483e+00
1022.71875,1022.875,0.15625,2.391108e+00,4.238859e-02,2.348719e+00
1022.875,1023.03125,0.15625,2.215200e+00,4.238859e-02,2.172811e+00
1023.03125,1023.1875,0.15625,2.001529e+00,4.238859e-02,1.959141e+00
1023.1875,1023.34375,0.15625,1.762106e+00,4.238859e-02,1.719718e+00
1023.34375,1023.5,0.15625,1.520573e+00,4.238859e-02,1.478184e+00
1023.5,1023.65625,0.15625,1.307679e+00,4.238859e-02,1.265291e+00
1023.65625,1023.8125,0.15625,1.155714e+00,4.238859e-02,1.113325e+00
1023.8125,1023.96875,0.15625,1.093164e+00,4.238859e-02,1.050776e+00
1023.96875,1024.125,0.15625,1.093164e+00,4.238859e-02,1.050776e+00
1024.125,1024.28125,0.15625,1.140342e+00,4.238859e-02,1.097953e+00
1024.28125,1024.4375,0.15625,1.306128e+00,4.238859e-02,1.263740e+00
1024.4375,1024.59375,0.15625,1.585785e+00,4.238859e-02,1.543397e+00
1024.59375,1024.75,0.15625,1.959905e+00,4.238859e-02,1.917517e+00
1024.75,1024.90625,0.15625,2.394932e+00,4.238859e-02,2.352544e+00
1024.90625,1025.0625,0.15625,2.845853e+00,4.238859e-02,2.803464e+00
1025.0625,1025.21875,0.15625,3.261430e+00,4.238859e-02,3.219041e+00
1025.21875,1025.375,0.15625,3.591693e+00,4.238859e-02,3.549304e+00
1025.375,1025.53125,0.15625,3.796535e+00,4.238859e-02,3.754147e+00
1025.53125,1025.6875,0.15625,3.763234e+00,4.238859e-02,3.720846e+00
1025.6875,1025.84375,0.15625,3.549633e+00,4.238859e-02,3.507244e+00
1025.84375,1026,0.15625,3.256639e+00,4.238859e-02,3.214250e+00
1026,1026.15625,0.15625,2.939988e+00,4.238859e-02,2.897599e+00
1026.15625,1026.3125,0.15625,2.657104e+00,4.238859e-02,2.614716e+00
1026.3125,1026.46875,0.15625,2.456882e+00,4.238859e-02,2.414494e+00
1026.46875,1026.625,0.15625,2.371524e+00,4.238859e-02,2.329136e+00
1026.625,1026.78125,0.15625,2.371524e+00,4.238859e-02,2.329136e+00
1026.78125,1026.9375,0.15625,2.411942e+00,4.238859e-02,2.369554e+00
1026.9375,1027.09375,0.15625,2.567350e+00,4.238859e-02,2.524961e+00
1027.09375,1027.25,0.15625,2.808791e+00,4.238859e-02,2.766402e+00
1027.25,1027.40625,0.15625,3.095636e+00,4.238859e-02,3.053247e+00
1027.40625,1027.5625,0.15625,3.383595e+00,4.238859e-02,3.341206e+00
1027.5625,1027.71875,0.15625,3.632669e+00,4.238859e-02,3.590281e+00
1027.71875,1027.875,0.15625,3.813536e+00,4.238859e-02,3.771148e+00
1027.875,1028.03125,0.15625,3.911253e+00,4.238859e-02,3.868864e+00
1028.03125,1028.1875,0.15625,3.868775e+00,4.238859e-02,3.826387e+00
1028.1875,1028.34375,0.15625,3.759423e+00,4.238859e-02,3.717034e+00
1028.34375,1028.5,0.15625,3.617490e+00,4.238859e-02,3.575101e+00
1028.5,1028.65625,0.15625,3.458605e+00,4.238859e-02,3.416216e+00
1028.65625,1028.8125,0.15625,3.291383e+00,4.238859e-02,3.248994e+00
1028.8125,1028.96875,0.15625,3.117859e+00,4.238859e-02,3.075470e+00
1028.96875,1029.125,0.15625,2.936830e+00,4.238859e-02,2.894442e+00
1029.125,1029.28125,0.15625,2.748676e+00,4.238859e-02,2.706287e+00
1029.28125,1029.4375,0.15625,2.559591e+00,4.238859e-02,2.517202e+00
1029.4375,1029.59375,0.15625,2.383350e+00,4.238859e-02,2.340962e+00
1029.59375,1029.75,0.15625,2.239673e+00,4.238859e-02,2.197284e+00
1029.75,1029.90625,0.15625,2.149626e+00,4.238859e-02,2.107238e+00
1029.90625,1030.0625,0.15625,2.129695e+00,4.238859e-02,2.087306e+00
1030.0625,1030.21875,0.15625,2.129695e+00,4.238859e-02,2.087306e+00
1030.21875,1030.375,0.15625,2.186679e+00,4.238859e-02,2.144291e+00
1030.375,1030.53125,0.15625,2.315245e+00,4.238859e-02,2.272857e+00
1030.53125,1030.6875,0.15625,2.498910e+00,4.238859e-02,2.456521e+00
1030.6875,1030.84375,0.15625,2.713981e+00,4.238859e-02,2.671593e+00
1030.84375,1031,0.15625,2.934966e+00,4.238859e-02,2.892578e+00
1031,1031.15625,0.15625,3.139642e+00,4.238859e-02,3.097254e+00
1031.15625,1031.3125,0.15625,3.312357e+00,4.238859e-02,3.269969e+00
1031.3125,1031.46875,0.15625,3.444986e+00,4.238859e-02,3.402597e+00
1031.46875,1031.625,0.15625,3.535849e+00,4.238859e-02,3.493460e+00
1031.625,1031.78125,0.15625,3.587432e+00,4.238859e-02,3.545044e+00
1031.78125,1031.9375,0.15625,3.588570e+00,4.238859e-02,3.546182e+00
1031.9375,1032.09375,0.15625,3.543161e+00,4.238859e-02,3.500772e+00
1032.09375,1032.25,0.15625,3.466603e+00,4.238859e-02,3.424215e+00
1032.25,1032.40625,0.15625,3.355994e+00,4.238859e-02,3.313605e+00
1032.40625,1032.5625,0.15625,3.208307e+00,4.238859e-02,3.165918e+00
1032.5625,1032.71875,0.15625,3.023107e+00,4.238859e-02,2.980719e+00
1032.71875,1032.875,0.15625,2.805468e+00,4.238859e-02,2.763079e+00
1032.875,1033.03125,0.15625,2.567957e+00,4.238859e-02,2.525569e+00
1033.03125,1033.1875,0.15625,2.330585e+00,4.238859e-02,2.288196e+00
1033.1875,1033.34375,0.15625,2.118086e+00,4.238859e-02,2.075697e+00
1033.34375,1033.5,0.15625,1.954900e+00,4.238859e-02,1.912511e+00
1033.5,1033.65625,0.15625,1.859114e+00,4.238859e-02,1.816726e+00
1033.65625,1033.8125,0.15625,1.837260e+00,4.238859e-02,1.794872e+00
1033.8125,1033.96875,0.15625,1.837260e+00,4.238859e-02,1.794872e+00
1033.96875,1034.125,0.15625,1.881776e+00,4.238859e-02,1.839387e+00
1034.125,1034.28125,0.15625,1.972255e+00,4.238859e-02,1.929867e+00
1034.28125,1034.4375,0.15625,2.080452e+00,4.238859e-02,2.038063e+00
1034.4375,1034.59375,0.15625,2.177766e+00,4.238859e-02,2.135377e+00
1034.59375,1034.75,0.15625,2.243092e+00,4.238859e-02,2.200703e+00
1034.75,1034.90625,0.15625,2.261862e+00,4.238859e-02,2.219473e+00
1034.90625,1035.0625,0.15625,2.242972e+00,4.238859e-02,2.200584e+00
1035.0625,1035.21875,0.15625,2.238634e+00,4.238859e-02,2.196245e+00
1035.21875,1035.375,0.15625,2.238634e+00,4.238859e-02,2.196245e+00
1035.375,1035.53125,0.15625,2.273994e+00,4.238859e-02,2.231605e+00
1035.53125,1035.6875,0.15625,2.365420e+00,4.238859e-02,2.323032e+00
1035.6875,1035.84375,0.15625,2.516083e+00,4.238859e-02,2.473695e+00
1035.84375,1036,0.15625,2.715444e+00,4.238859e-02,2.673056e+00
1036,1036.15625,0.15625,2.942393e+00,4.238859e-02,2.900005e+00
1036.15625,1036.3125,0.15625,3.170723e+00,4.238859e-02,3.128334e+00
1036.3125,1036.46875,0.15625,3.375147e+00,4.238859e-02,3.332758e+00
1036.46875,1036.625,0.15625,3.536268e+00,4.238859e-02,3.493879e+00
1036.625,1036.78125,0.15625,3.643539e+00,4.238859e-02,3.601150e+00
1036.78125,1036.9375,0.15625,3.695982e+00,4.238859e-02,3.653593e+00
1036.9375,1037.09375,0.15625,3.671705e+00,4.238859e-02,3.629316e+00
1037.09375,1037.25,0.15625,3.623813e+00,4.238859e-02,3.581424e+00
1037.25,1037.40625,0.15625,3.572093e+00,4.238859e-02,3.529704e+00
1037.40625,1037.5625,0.15625,3.527700e+00,4.238859e-02,3.485311e+00
1037.5625,1037.71875,0.15625,3.496555e+00,4.238859e-02,3.454166e+00
1037.71875,1037.875,0.15625,3.479181e+00,4.238859e-02,3.436792e+00
1037.875,1038.03125,0.15625,3.471815e+00,4.238859e-02,3.429426e+00
1038.03125,1038.1875,0.15625,3.468245e+00,4.238859e-02,3.425857e+00
1038.1875,1038.34375,0.15625,3.461701e+00,4.238859e-02,3.419313e+00
1038.34375,1038.5,0.15625,3.446310e+00,4.238859e-02,3.403922e+00
1038.5,1038.65625,0.15625,3.418025e+00,4.238859e-02,3.375637e+00
1038.65625,1038.8125,0.15625,3.375177e+00,4.238859e-02,3.332788e+00
1038.8125,1038.96875,0.15625,3.318785e+00,4.238859e-02,3.276397e+00
1038.96875,1039.125,0.15625,3.252515e+00,4.238859e-02,3.210126e+00
1039.125,1039.28125,0.15625,3.181972e+00,4.238859e-02,3.139583e+00
1039.28125,1039.4375,0.15625,3.113190e+00,4.238859e-02,3.070801e+00
1039.4375,1039.59375,0.15625,3.050612e+00,4.238859e-02,3.008224e+00
1039.59375,1039.75,0.15625,2.995414e+00,4.238859e-02,2.953025e+00
1039.75,1039.90625,0.15625,2.945103e+00,4.238859e-02,2.902715e+00
1039.90625,1040.0625,0.15625,2.894901e+00,4.238859e-02,2.852513e+00
1040.0625,1040.21875,0.15625,2.840440e+00,4.238859e-02,2.798052e+00
1040.21875,1040.375,0.15625,2.780501e+00,4.238859e-02,2.738112e+00
1040.375,1040.53125,0.15625,2.718230e+00,4.238859e-02,2.675842e+00
1040.53125,1040.6875,0.15625,2.659912e+00,4.238859e-02,2.617523e+00
1040.6875,1040.84375,0.15625,2.611556e+00,4.238859e-02,2.569167e+00
1040.84375,1041,0.15625,2.574804e+00,4.238859e-02,2.532415e+00
1041,1041.15625,0.15625,2.544176e+00,4.238859e-02,2.501787e+00
1041.15625,1041.3125,0.15625,2.507282e+00,4.238859e-02,2.464894e+00
1041.3125,1041.46875,0.15625,2.448361e+00,4.238859e-02,2.405972e+00
1041.46875,1041.625,0.15625,2.354049e+00,4.238859e-02,2.311661e+00
1041.625,1041.78125,0.15625,2.219288e+00,4.238859e-02,2.176900e+00
1041.78125,1041.9375,0.15625,2.051137e+00,4.238859e-02,2.008749e+00
1041.9375,1042.09375,0.15625,1.869047e+00,4.238859e-02,1.826658e+00
1042.09375,1042.25,0.15625,1.701426e+00,4.238859e-02,1.659037e+00
1042.25,1042.40625,0.15625,1.579562e+00,4.238859e-02,1.537174e+00
1042.40625,1042.5625,0.15625,1.530721e+00,4.238859e-02,1.488333e+00
1042.5625,1042.71875,0.15625,1.530721e+00,4.238859e-02,1.488333e+00
1042.71875,1042.875,0.15625,1.572326e+00,4.238859e-02,1.529938e+00
1042.875,1043.03125,0.15625,1.708671e+00,4.238859e-02,1.666282e+00
1043.03125,1043.1875,0.15625,1.930786e+00,4.238859e-02,1.888397e+00
1043.1875,1043.34375,0.15625,2.219222e+00,4.238859e-02,2.176834e+00
1043.34375,1043.5,0.15625,2.548717e+00,4.238859e-02,2.506328e+00
1043.5,1043.65625,0.15625,2.893285e+00,4.238859e-02,2.850897e+00
1043.65625,1043.8125,0.15625,3.230220e+00,4.238859e-02,3.187832e+00
1043.8125,1043.96875,0.15625,3.541946e+00,4.238859e-02,3.499557e+00
1043.96875,1044.125,0.15625,3.815494e+00,4.238859e-02,3.773106e+00
1044.125,1044.28125,0.15625,4.040312e+00,4.238859e-02,3.997923e+00
1044.28125,1044.4375,0.15625,4.205753e+00,4.238859e-02,4.163364e+00
1044.4375,1044.59375,0.15625,4.299731e+00,4.238859e-02,4.257343e+00
1044.59375,1044.75,0.15625,4.224482e+00,4.238859e-02,4.182093e+00
1044.75,1044.90625,0.15625,4.040539e+00,4.238859e-02,3.998150e+00
1044.90625,1045.0625,0.15625,3.763714e+00,4.238859e-02,3.721325e+00
1045.0625,1045.21875,0.15625,3.412449e+00,4.238859e-02,3.370060e+00
1045.21875,1045.375,0.15625,3.017037e+00,4.238859e-02,2.974648e+00
1045.375,1045.53125,0.15625,2.616282e+00,4.238859e-02,2.573893e+00
1045.53125,1045.6875,0.15625,2.252009e+00,4.238859e-02,2.209620e+00
1045.6875,1045.84375,0.15625,1.962643e+00,4.238859e-02,1.920255e+00
1045.84375,1046,0.15625,1.777233e+00,4.238859e-02,1.734844e+00
1046,1046.15625,0.15625,1.711123e+00,4.238859e-02,1.668734e+00
1046.15625,1046.3125,0.15625,1.711123e+00,4.238859e-02,1.668734e+00
1046.3125,1046.46875,0.15625,1.764089e+00,4.238859e-02,1.721700e+00
1046.46875,1046.625,0.15625,1.921209e+00,4.238859e-02,1.878820e+00
1046.625,1046.78125,0.15625,2.156210e+00,4.238859e-02,2.113822e+00
1046.78125,1046.9375,0.15625,2.436533e+00,4.238859e-02,2.394145e+00
1046.9375,1047.09375,0.15625,2.728990e+00,4.238859e-02,2.686601e+00
1047.09375,1047.25,0.15625,3.004807e+00,4.238859e-02,2.962418e+00
1047.25,1047.40625,0.15625,3.243058e+00,4.238859e-02,3.200670e+00
1047.40625,1047.5625,0.15625,3.432013e+00,4.238859e-02,3.389625e+00
1047.5625,1047.71875,0.15625,3.568532e+00,4.238859e-02,3.526143e+00
1047.71875,1047.875,0.15625,3.656122e+00,4.238859e-02,3.613733e+00
1047.875,1048.03125,0.15625,3.702435e+00,4.238859e-02,3.660046e+00
1048.03125,1048.1875,0.15625,3.708561e+00,4.238859e-02,3.666173e+00
1048.1875,1048.34375,0.15625,3.685227e+00,4.238859e-02,3.642839e+00
1048.34375,1048.5,0.15625,3.652339e+00,4.238859e-02,3.609951e+00
1048.5,1048.65625,0.15625,3.613111e+00,4.238859e-02,3.570723e+00
1048.65625,1048.8125,0.15625,3.568813e+00,4.238859e-02,3.526425e+00
1048.8125,1048.96875,0.15625,3.519237e+00,4.238859e-02,3.476848e+00
1048.96875,1049.125,0.15625,3.462994e+00,4.238859e-02,3.420605e+00
1049.125,1049.28125,0.15625,3.397530e+00,4.238859e-02,3.355142e+00
1049.28125,1049.4375,0.15625,3.319083e+00,4.238859e-02,3.276695e+00
1049.4375,1049.59375,0.15625,3.223085e+00,4.238859e-02,3.180697e+00
1049.59375,1049.75,0.15625,3.105497e+00,4.238859e-02,3.063109e+00
1049.75,1049.90625,0.15625,2.965041e+00,4.238859e-02,2.922653e+00
1049.90625,1050.0625,0.15625,2.805619e+00,4.238859e-02,2.763231e+00
1050.0625,1050.21875,0.15625,2.637687e+00,4.238859e-02,2.595299e+00
1050.21875,1050.375,0.15625,2.477423e+00,4.238859e-02,2.435035e+00
1050.375,1050.53125,0.15625,2.343301e+00,4.238859e-02,2.300912e+00
1050.53125,1050.6875,0.15625,2.250829e+00,4.238859e-02,2.208440e+00
1050.6875,1050.84375,0.15625,2.207226e+00,4.238859e-02,2.164837e+00
1050.84375,1051,0.15625,2.207226e+00,4.238859e-02,2.164837e+00
1051,1051.15625,0.15625,2.208152e+00,4.238859e-02,2.165763e+00
1051.15625,1051.3125,0.15625,2.238040e+00,4.238859e-02,2.195651e+00
1051.3125,1051.46875,0.15625,2.274318e+00,4.238859e-02,2.231929e+00
1051.46875,1051.625,0.15625,2.282530e+00,4.238859e-02,2.240141e+00
1051.625,1051.78125,0.15625,2.235748e+00,4.238859e-02,2.193359e+00
1051.78125,1051.9375,0.15625,2.164089e+00,4.238859e-02,2.121700e+00
1051.9375,1052.09375,0.15625,2.087612e+00,4.238859e-02,2.045224e+00
1052.09375,1052.25,0.15625,2.029570e+00,4.238859e-02,1.987181e+00
1052.25,1052.40625,0.15625,2.008670e+00,4.238859e-02,1.966282e+00
1052.40625,1052.5625,0.15625,2.008670e+00,4.238859e-02,1.966282e+00
1052.5625,1052.71875,0.15625,2.033044e+00,4.238859e-02,1.990656e+00
1052.71875,1052.875,0.15625,2.098043e+00,4.238859e-02,2.055654e+00
1052.875,1053.03125,0.15625,2.188689e+00,4.238859e-02,2.146300e+00
1053.03125,1053.1875,0.15625,2.285956e+00,4.238859e-02,2.243568e+00
1053.1875,1053.34375,0.15625,2.374687e+00,4.238859e-02,2.332298e+00
1053.34375,1053.5,0.15625,2.450249e+00,4.238859e-02,2.407860e+00
1053.5,1053.65625,0.15625,2.521373e+00,4.238859e-02,2.478985e+00
1053.65625,1053.8125,0.15625,2.607795e+00,4.238859e-02,2.565407e+00
1053.8125,1053.96875,0.15625,2.733118e+00,4.238859e-02,2.690730e+00
1053.96875,1054.125,0.15625,2.915071e+00,4.238859e-02,2.872682e+00
1054.125,1054.28125,0.15625,3.156432e+00,4.238859e-02,3.114044e+00
1054.28125,1054.4375,0.15625,3.439955e+00,4.238859e-02,3.397566e+00
1054.4375,1054.59375,0.15625,3.729494e+00,4.238859e-02,3.687106e+00
1054.59375,1054.75,0.15625,3.977606e+00,4.238859e-02,3.935217e+00
1054.75,1054.90625,0.15625,4.137689e+00,4.238859e-02,4.095301e+00
1054.90625,1055.0625,0.15625,4.087618e+00,4.238859e-02,4.045230e+00
1055.0625,1055.21875,0.15625,3.888842e+00,4.238859e-02,3.846454e+00
1055.21875,1055.375,0.15625,3.625280e+00,4.238859e-02,3.582892e+00
1055.375,1055.53125,0.15625,3.355970e+00,4.238859e-02,3.313582e+00
1055.53125,1055.6875,0.15625,3.140638e+00,4.238859e-02,3.098249e+00
1055.6875,1055.84375,0.15625,3.025656e+00,4.238859e-02,2.983267e+00
1055.84375,1056,0.15625,3.025656e+00,4.238859e-02,2.983267e+00
1056,1056.15625,0.15625,3.033359e+00,4.238859e-02,2.990970e+00
1056.15625,1056.3125,0.15625,3.157131e+00,4.238859e-02,3.114743e+00
1056.3125,1056.46875,0.15625,3.363189e+00,4.238859e-02,3.320801e+00
1056.46875,1056.625,0.15625,3.598359e+00,4.238859e-02,3.555971e+00
1056.625,1056.78125,0.15625,3.801907e+00,4.238859e-02,3.759519e+00
1056.78125,1056.9375,0.15625,3.910433e+00,4.238859e-02,3.868045e+00
1056.9375,1057.09375,0.15625,3.763522e+00,4.238859e-02,3.721133e+00
1057.09375,1057.25,0.15625,3.490538e+00,4.238859e-02,3.448150e+00
1057.25,1057.40625,0.15625,3.126881e+00,4.238859e-02,3.084492e+00
1057.40625,1057.5625,0.15625,2.722866e+00,4.238859e-02,2.680477e+00
1057.5625,1057.71875,0.15625,2.333675e+00,4.238859e-02,2.291287e+00
1057.71875,1057.875,0.15625,2.009391e+00,4.238859e-02,1.967003e+00
1057.875,1058.03125,0.15625,1.787050e+00,4.238859e-02,1.744661e+00
1058.03125,1058.1875,0.15625,1.685900e+00,4.238859e-02,1.643511e+00
1058.1875,1058.34375,0.15625,1.685900e+00,4.238859e-02,1.643511e+00
1058.34375,1058.5,0.15625,1.706258e+00,4.238859e-02,1.663869e+00
1058.5,1058.65625,0.15625,1.831671e+00,4.238859e-02,1.789282e+00
1058.65625,1058.8125,0.15625,2.033612e+00,4.238859e-02,1.991223e+00
1058.8125,1058.96875,0.15625,2.277582e+00,4.238859e-02,2.235194e+00
1058.96875,1059.125,0.15625,2.529325e+00,4.238859e-02,2.486937e+00
1059.125,1059.28125,0.15625,2.759862e+00,4.238859e-02,2.717474e+00
1059.28125,1059.4375,0.15625,2.948466e+00,4.238859e-02,2.906078e+00
1059.4375,1059.59375,0.15625,3.083323e+00,4.238859e-02,3.040934e+00
1059.59375,1059.75,0.15625,3.160414e+00,4.238859e-02,3.118026e+00
1059.75,1059.90625,0.15625,3.153416e+00,4.238859e-02,3.111027e+00
1059.90625,1060.0625,0.15625,3.085579e+00,4.238859e-02,3.043191e+00
1060.0625,1060.21875,0.15625,2.991323e+00,4.238859e-02,2.948934e+00
1060.21875,1060.375,0.15625,2.886252e+00,4.238859e-02,2.843864e+00
1060.375,1060.53125,0.15625,2.786468e+00,4.238859e-02,2.744079e+00
1060.53125,1060.6875,0.15625,2.705455e+00,4.238859e-02,2.663066e+00
1060.6875,1060.84375,0.15625,2.650766e+00,4.238859e-02,2.608377e+00
1060.84375,1061,0.15625,2.621994e+00,4.238859e-02,2.579605e+00
1061,1061.15625,0.15625,2.611299e+00,4.238859e-02,2.568910e+00
1061.15625,1061.3125,0.15625,2.606714e+00,4.238859e-02,2.564325e+00
1061.3125,1061.46875,0.15625,2.597164e+00,4.238859e-02,2.554775e+00
1061.46875,1061.625,0.15625,2.577175e+00,4.238859e-02,2.534786e+00
1061.625,1061.78125,0.15625,2.549262e+00,4.238859e-02,2.506874e+00
1061.78125,1061.9375,0.15625,2.522918e+00,4.238859e-02,2.480530e+00
1061.9375,1062.09375,0.15625,2.510630e+00,4.238859e-02,2.468241e+00
1062.09375,1062.25,0.15625,2.510630e+00,4.238859e-02,2.468241e+00
1062.25,1062.40625,0.15625,2.522691e+00,4.238859e-02,2.480302e+00
1062.40625,1062.5625,0.15625,2.563065e+00,4.238859e-02,2.520677e+00
1062.5625,1062.71875,0.15625,2.628035e+00,4.238859e-02,2.585647e+00
1062.71875,1062.875,0.15625,2.708021e+00,4.238859e-02,2.665633e+00
1062.875,1063.03125,0.15625,2.791525e+00,4.238859e-02,2.749137e+00
1063.03125,1063.1875,0.15625,2.869277e+00,4.238859e-02,2.826888e+00
1063.1875,1063.34375,0.15625,2.936759e+00,4.238859e-02,2.894371e+00
1063.34375,1063.5,0.15625,2.994266e+00,4.238859e-02,2.951877e+00
1063.5,1063.65625,0.15625,3.044891e+00,4.238859e-02,3.002502e+00
1063.65625,1063.8125,0.15625,3.091773e+00,4.238859e-02,3.049385e+00
1063.8125,1063.96875,0.15625,3.136009e+00,4.238859e-02,3.093620e+00
1063.96875,1064.125,0.15625,3.176012e+00,4.238859e-02,3.133623e+00
1064.125,1064.28125,0.15625,3.208206e+00,4.238859e-02,3.165817e+00
1064.28125,1064.4375,0.15625,3.228274e+00,4.238859e-02,3.185885e+00
1064.4375,1064.59375,0.15625,3.217003e+00,4.238859e-02,3.174614e+00
1064.59375,1064.75,0.15625,3.180933e+00,4.238859e-02,3.138544e+00
1064.75,1064.90625,0.15625,3.124458e+00,4.238859e-02,3.082070e+00
1064.90625,1065.0625,0.15625,3.051278e+00,4.238859e-02,3.008889e+00
1065.0625,1065.21875,0.15625,2.969375e+00,4.238859e-02,2.926986e+00
1065.21875,1065.375,0.15625,2.891083e+00,4.238859e-02,2.848694e+00
1065.375,1065.53125,0.15625,2.831538e+00,4.238859e-02,2.789149e+00
1065.53125,1065.6875,0.15625,2.805636e+00,4.238859e-02,2.763248e+00
1065.6875,1065.84375,0.15625,2.805636e+00,4.238859e-02,2.763248e+00
1065.84375,1066,0.15625,2.824470e+00,4.238859e-02,2.782081e+00
1066,1066.15625,0.15625,2.892645e+00,4.238859e-02,2.850257e+00
1066.15625,1066.3125,0.15625,3.007570e+00,4.238859e-02,2.965182e+00
1066.3125,1066.46875,0.15625,3.160851e+00,4.238859e-02,3.118462e+00
1066.46875,1066.625,0.15625,3.340908e+00,4.238859e-02,3.298519e+00
1066.625,1066.78125,0.15625,3.535385e+00,4.238859e-02,3.492997e+00
1066.78125,1066.9375,0.15625,3.732155e+00,4.238859e-02,3.689766e+00
1066.9375,1067.09375,0.15625,3.918637e+00,4.238859e-02,3.876248e+00
1067.09375,1067.25,0.15625,4.080207e+00,4.238859e-02,4.037818e+00
1067.25,1067.40625,0.15625,4.199087e+00,4.238859e-02,4.156699e+00
1067.40625,1067.5625,0.15625,4.227907e+00,4.238859e-02,4.185518e+00
1067.5625,1067.71875,0.15625,4.102634e+00,4.238859e-02,4.060245e+00
1067.71875,1067.875,0.15625,3.873275e+00,4.238859e-02,3.830886e+00
1067.875,1068.03125,0.15625,3.546440e+00,4.238859e-02,3.504051e+00
1068.03125,1068.1875,0.15625,3.141786e+00,4.238859e-02,3.099397e+00
1068.1875,1068.34375,0.15625,2.689715e+00,4.238859e-02,2.647326e+00
1068.34375,1068.5,0.15625,2.226894e+00,4.238859e-02,2.184505e+00
1068.5,1068.65625,0.15625,1.790879e+00,4.238859e-02,1.748491e+00
1068.65625,1068.8125,0.15625,1.415215e+00,4.238859e-02,1.372826e+00
1068.8125,1068.96875,0.15625,1.125955e+00,4.238859e-02,1.083567e+00
1068.96875,1069.125,0.15625,9.399124e-01,4.238859e-02,8.975239e-01
1069.125,1069.28125,0.15625,8.643138e-01,4.238859e-02,8.219252e-01
1069.28125,1069.4375,0.15625,8.643138e-01,4.238859e-02,8.219252e-01
1069.4375,1069.59375,0.15625,8.972685e-01,4.238859e-02,8.548799e-01
1069.59375,1069.75,0.15625,1.028561e+00,4.238859e-02,9.861721e-01
1069.75,1069.90625,0.15625,1.240666e+00,4.238859e-02,1.198278e+00
1069.90625,1070.0625,0.15625,1.510272e+00,4.238859e-02,1.467884e+00
1070.0625,1070.21875,0.15625,1.810672e+00,4.238859e-02,1.768283e+00
1070.21875,1070.375,0.15625,2.115114e+00,4.238859e-02,2.072725e+00
1070.375,1070.53125,0.15625,2.400624e+00,4.238859e-02,2.358235e+00
1070.53125,1070.6875,0.15625,2.651312e+00,4.238859e-02,2.608923e+00
1070.6875,1070.84375,0.15625,2.860092e+00,4.238859e-02,2.817703e+00
1070.84375,1071,0.15625,3.028174e+00,4.238859e-02,2.985786e+00
1071,1071.15625,0.15625,3.162515e+00,4.238859e-02,3.120126e+00
1071.15625,1071.3125,0.15625,3.272189e+00,4.238859e-02,3.229800e+00
1071.3125,1071.46875,0.15625,3.365021e+00,4.238859e-02,3.322632e+00
1071.46875,1071.625,0.15625,3.445535e+00,4.238859e-02,3.403147e+00
1071.625,1071.78125,0.15625,3.514619e+00,4.238859e-02,3.472230e+00
1071.78125,1071.9375,0.15625,3.570547e+00,4.238859e-02,3.528159e+00
1071.9375,1072.09375,0.15625,3.610630e+00,4.238859e-02,3.568242e+00
1072.09375,1072.25,0.15625,3.632733e+00,4.238859e-02,3.590344e+00
1072.25,1072.40625,0.15625,3.622349e+00,4.238859e-02,3.579961e+00
1072.40625,1072.5625,0.15625,3.593786e+00,4.238859e-02,3.551397e+00
1072.5625,1072.71875,0.15625,3.554068e+00,4.238859e-02,3.511680e+00
1072.71875,1072.875,0.15625,3.506591e+00,4.238859e-02,3.464202e+00
1072.875,1073.03125,0.15625,3.453826e+00,4.238859e-02,3.411438e+00
1073.03125,1073.1875,0.15625,3.397022e+00,4.238859e-02,3.354634e+00
1073.1875,1073.34375,0.15625,3.336572e+00,4.238859e-02,3.294183e+00
1073.34375,1073.5,0.15625,3.272876e+00,4.238859e-02,3.230487e+00
1073.5,1073.65625,0.15625,3.207138e+00,4.238859e-02,3.164749e+00
1073.65625,1073.8125,0.15625,3.141429e+00,4.238859e-02,3.099041e+00
1073.8125,1073.96875,0.15625,3.077758e+00,4.238859e-02,3.035370e+00
1073.96875,1074.125,0.15625,3.016544e+00,4.238859e-02,2.974155e+00
1074.125,1074.28125,0.15625,2.955516e+00,4.238859e-02,2.913127e+00
1074.28125,1074.4375,0.15625,2.890086e+00,4.238859e-02,2.847698e+00
1074.4375,1074.59375,0.15625,2.815635e+00,4.238859e-02,2.773246e+00
1074.59375,1074.75,0.15625,2.731059e+00,4.238859e-02,2.688670e+00
1074.75,1074.90625,0.15625,2.642067e+00,4.238859e-02,2.599678e+00
1074.90625,1075.0625,0.15625,2.562420e+00,4.238859e-02,2.520032e+00
1075.0625,1075.21875,0.15625,2.512011e+00,4.238859e-02,2.469622e+00
1075.21875,1075.375,0.15625,2.511893e+00,4.238859e-02,2.469505e+00
1075.375,1075.53125,0.15625,2.511893e+00,4.238859e-02,2.469505e+00
1075.53125,1075.6875,0.15625,2.577703e+00,4.238859e-02,2.535315e+00
1075.6875,1075.84375,0.15625,2.713618e+00,4.238859e-02,2.671230e+00
1075.84375,1076,0.15625,2.908934e+00,4.238859e-02,2.866545e+00
1076,1076.15625,0.15625,3.138438e+00,4.238859e-02,3.096050e+00
1076.15625,1076.3125,0.15625,3.366575e+00,4.238859e-02,3.324187e+00
1076.3125,1076.46875,0.15625,3.554282e+00,4.238859e-02,3.511893e+00
1076.46875,1076.625,0.15625,3.666780e+00,4.238859e-02,3.624391e+00
1076.625,1076.78125,0.15625,3.588055e+00,4.238859e-02,3.545667e+00
1076.78125,1076.9375,0.15625,3.399413e+00,4.238859e-02,3.357024e+00
1076.9375,1077.09375,0.15625,3.140725e+00,4.238859e-02,3.098337e+00
1077.09375,1077.25,0.15625,2.849433e+00,4.238859e-02,2.807044e+00
1077.25,1077.40625,0.15625,2.567495e+00,4.238859e-02,2.525107e+00
1077.40625,1077.5625,0.15625,2.333675e+00,4.238859e-02,2.291287e+00
1077.5625,1077.71875,0.15625,2.176479e+00,4.238859e-02,2.134090e+00
1077.71875,1077.875,0.15625,2.109318e+00,4.238859e-02,2.066930e+00
1077.875,1078.03125,0.15625,2.109318e+00,4.238859e-02,2.066930e+00
1078.03125,1078.1875,0.15625,2.129066e+00,4.238859e-02,2.086678e+00
1078.1875,1078.34375,0.15625,2.218359e+00,4.238859e-02,2.175970e+00
1078.34375,1078.5,0.15625,2.350992e+00,4.238859e-02,2.308604e+00
1078.5,1078.65625,0.15625,2.498800e+00,4.238859e-02,2.456411e+00
1078.65625,1078.8125,0.15625,2.637949e+00,4.238859e-02,2.595561e+00
1078.8125,1078.96875,0.15625,2.752835e+00,4.238859e-02,2.710446e+00
1078.96875,1079.125,0.15625,2.836714e+00,4.238859e-02,2.794326e+00
1079.125,1079.28125,0.15625,2.889523e+00,4.238859e-02,2.847134e+00
1079.28125,1079.4375,0.15625,2.914381e+00,4.238859e-02,2.871993e+00
1079.4375,1079.59375,0.15625,2.892931e+00,4.238859e-02,2.850543e+00
1079.59375,1079.75,0.15625,2.851810e+00,4.238859e-02,2.809421e+00
1079.75,1079.90625,0.15625,2.795778e+00,4.238859e-02,2.753390e+00
1079.90625,1080.0625,0.15625,2.732193e+00,4.238859e-02,2.689805e+00
1080.0625,1080.21875,0.15625,2.670384e+00,4.238859e-02,2.627995e+00
1080.21875,1080.375,0.15625,2.618747e+00,4.238859e-02,2.576358e+00
1080.375,1080.53125,0.15625,2.581099e+00,4.238859e-02,2.538710e+00
1080.53125,1080.6875,0.15625,2.554209e+00,4.238859e-02,2.511820e+00
1080.6875,1080.84375,0.15625,2.528164e+00,4.238859e-02,2.485775e+00
1080.84375,1081,0.15625,2.490041e+00,4.238859e-02,2.447652e+00
1081,1081.15625,0.15625,2.429853e+00,4.238859e-02,2.387464e+00
1081.15625,1081.3125,0.15625,2.346619e+00,4.238859e-02,2.304230e+00
1081.3125,1081.46875,0.15625,2.252126e+00,4.238859e-02,2.209737e+00
1081.46875,1081.625,0.15625,2.170680e+00,4.238859e-02,2.128291e+00
1081.625,1081.78125,0.15625,2.134491e+00,4.238859e-02,2.092103e+00
1081.78125,1081.9375,0.15625,2.134491e+00,4.238859e-02,2.092103e+00
1081.9375,1082.09375,0.15625,2.175812e+00,4.238859e-02,2.133424e+00
1082.09375,1082.25,0.15625,2.318007e+00,4.238859e-02,2.275618e+00
1082.25,1082.40625,0.15625,2.568104e+00,4.238859e-02,2.525715e+00
1082.40625,1082.5625,0.15625,2.912992e+00,4.238859e-02,2.870603e+00
1082.5625,1082.71875,0.15625,3.320435e+00,4.238859e-02,3.278047e+00
1082.71875,1082.875,0.15625,3.744760e+00,4.238859e-02,3.702371e+00
1082.875,1083.03125,0.15625,4.135741e+00,4.238859e-02,4.093352e+00
1083.03125,1083.1875,0.15625,4.448326e+00,4.238859e-02,4.405938e+00
1083.1875,1083.34375,0.15625,4.650585e+00,4.238859e-02,4.608196e+00
1083.34375,1083.5,0.15625,4.683071e+00,4.238859e-02,4.640682e+00
1083.5,1083.65625,0.15625,4.532205e+00,4.238859e-02,4.489816e+00
1083.65625,1083.8125,0.15625,4.299869e+00,4.238859e-02,4.257480e+00
1083.8125,1083.96875,0.15625,4.013920e+00,4.238859e-02,3.971531e+00
1083.96875,1084.125,0.15625,3.702251e+00,4.238859e-02,3.659863e+00
1084.125,1084.28125,0.15625,3.391208e+00,4.238859e-02,3.348820e+00
1084.28125,1084.4375,0.15625,3.104805e+00,4.238859e-02,3.062417e+00
1084.4375,1084.59375,0.15625,2.863596e+00,4.238859e-02,2.821207e+00
1084.59375,1084.75,0.15625,2.682631e+00,4.238859e-02,2.640243e+00
1084.75,1084.90625,0.15625,2.568947e+00,4.238859e-02,2.526559e+00
1084.90625,1085.0625,0.15625,2.519832e+00,4.238859e-02,2.477443e+00
1085.0625,1085.21875,0.15625,2.519832e+00,4.238859e-02,2.477443e+00
1085.21875,1085.375,0.15625,2.523169e+00,4.238859e-02,2.480780e+00
1085.375,1085.53125,0.15625,2.560390e+00,4.238859e-02,2.518001e+00
1085.53125,1085.6875,0.15625,2.611344e+00,4.238859e-02,2.568956e+00
1085.6875,1085.84375,0.15625,2.659342e+00,4.238859e-02,2.616954e+00
1085.84375,1086,0.15625,2.694417e+00,4.238859e-02,2.652029e+00
1086,1086.15625,0.15625,2.713537e+00,4.238859e-02,2.671148e+00
1086.15625,1086.3125,0.15625,2.708805e+00,4.238859e-02,2.666417e+00
1086.3125,1086.46875,0.15625,2.684269e+00,4.238859e-02,2.641880e+00
1086.46875,1086.625,0.15625,2.638199e+00,4.238859e-02,2.595810e+00
1086.625,1086.78125,0.15625,2.562710e+00,4.238859e-02,2.520321e+00
1086.78125,1086.9375,0.15625,2.452646e+00,4.238859e-02,2.410258e+00
1086.9375,1087.09375,0.15625,2.310287e+00,4.238859e-02,2.267899e+00
1087.09375,1087.25,0.15625,2.148046e+00,4.238859e-02,2.105658e+00
1087.25,1087.40625,0.15625,1.987749e+00,4.238859e-02,1.945361e+00
1087.40625,1087.5625,0.15625,1.856435e+00,4.238859e-02,1.814047e+00
1087.5625,1087.71875,0.15625,1.779934e+00,4.238859e-02,1.737545e+00
1087.71875,1087.875,0.15625,1.776303e+00,4.238859e-02,1.733915e+00
1087.875,1088.03125,0.15625,1.776303e+00,4.238859e-02,1.733915e+00
1088.03125,1088.1875,0.15625,1.851214e+00,4.238859e-02,1.808826e+00
1088.1875,1088.34375,0.15625,1.996676e+00,4.238859e-02,1.954288e+00
1088.34375,1088.5,0.15625,2.193371e+00,4.238859e-02,2.150982e+00
1088.5,1088.65625,0.15625,2.415704e+00,4.238859e-02,2.373316e+00
1088.65625,1088.8125,0.15625,2.637879e+00,4.238859e-02,2.595490e+00
1088.8125,1088.96875,0.15625,2.839103e+00,4.238859e-02,2.796714e+00
1088.96875,1089.125,0.15625,3.006575e+00,4.238859e-02,2.964186e+00
1089.125,1089.28125,0.15625,3.135811e+00,4.238859e-02,3.093423e+00
1089.28125,1089.4375,0.15625,3.228917e+00,4.238859e-02,3.186529e+00
1089.4375,1089.59375,0.15625,3.292004e+00,4.238859e-02,3.249616e+00
1089.59375,1089.75,0.15625,3.332917e+00,4.238859e-02,3.290529e+00
1089.75,1089.90625,0.15625,3.359864e+00,4.238859e-02,3.317476e+00
1089.90625,1090.0625,0.15625,3.380802e+00,4.238859e-02,3.338413e+00
1090.0625,1090.21875,0.15625,3.402967e+00,4.238859e-02,3.360578e+00
1090.21875,1090.375,0.15625,3.432033e+00,4.238859e-02,3.389644e+00
1090.375,1090.53125,0.15625,3.470811e+00,4.238859e-02,3.428422e+00
1090.53125,1090.6875,0.15625,3.517932e+00,4.238859e-02,3.475543e+00
1090.6875,1090.84375,0.15625,3.567156e+00,4.238859e-02,3.524768e+00
1090.84375,1091,0.15625,3.607762e+00,4.238859e-02,3.565373e+00
1091,1091.15625,0.15625,3.607960e+00,4.238859e-02,3.565572e+00
1091.15625,1091.3125,0.15625,3.541504e+00,4.238859e-02,3.499115e+00
1091.3125,1091.46875,0.15625,3.420051e+00,4.238859e-02,3.377662e+00
1091.46875,1091.625,0.15625,3.244607e+00,4.238859e-02,3.202218e+00
1091.625,1091.78125,0.15625,3.025463e+00,4.238859e-02,2.983074e+00
1091.78125,1091.9375,0.15625,2.782338e+00,4.238859e-02,2.739949e+00
1091.9375,1092.09375,0.15625,2.542550e+00,4.238859e-02,2.500161e+00
1092.09375,1092.25,0.15625,2.337082e+00,4.238859e-02,2.294694e+00
1092.25,1092.40625,0.15625,2.195105e+00,4.238859e-02,2.152717e+00
1092.40625,1092.5625,0.15625,2.138130e+00,4.238859e-02,2.095742e+00
1092.5625,1092.71875,0.15625,2.138130e+00,4.238859e-02,2.095742e+00
1092.71875,1092.875,0.15625,2.175348e+00,4.238859e-02,2.132959e+00
1092.875,1093.03125,0.15625,2.301483e+00,4.238859e-02,2.259094e+00
1093.03125,1093.1875,0.15625,2.497805e+00,4.238859e-02,2.455417e+00
1093.1875,1093.34375,0.15625,2.735997e+00,4.238859e-02,2.693608e+00
1093.34375,1093.5,0.15625,2.983746e+00,4.238859e-02,2.941358e+00
1093.5,1093.65625,0.15625,3.210609e+00,4.238859e-02,3.168220e+00
1093.65625,1093.8125,0.15625,3.392792e+00,4.238859e-02,3.350404e+00
1093.8125,1093.96875,0.15625,3.516102e+00,4.238859e-02,3.473713e+00
1093.96875,1094.125,0.15625,3.576886e+00,4.238859e-02,3.534498e+00
1094.125,1094.28125,0.15625,3.542907e+00,4.238859e-02,3.500519e+00
1094.28125,1094.4375,0.15625,3.480172e+00,4.238859e-02,3.437784e+00
1094.4375,1094.59375,0.15625,3.412272e+00,4.238859e-02,3.369883e+00
1094.59375,1094.75,0.15625,3.355699e+00,4.238859e-02,3.313310e+00
1094.75,1094.90625,0.15625,3.321169e+00,4.238859e-02,3.278780e+00
1094.90625,1095.0625,0.15625,3.311920e+00,4.238859e-02,3.269531e+00
1095.0625,1095.21875,0.15625,3.311920e+00,4.238859e-02,3.269531e+00
1095.21875,1095.375,0.15625,3.323703e+00,4.238859e-02,3.281315e+00
1095.375,1095.53125,0.15625,3.346302e+00,4.238859e-02,3.303914e+00
1095.53125,1095.6875,0.15625,3.365892e+00,4.238859e-02,3.323504e+00
1095.6875,1095.84375,0.15625,3.336524e+00,4.238859e-02,3.294136e+00
1095.84375,1096,0.15625,3.260848e+00,4.238859e-02,3.218459e+00
1096,1096.15625,0.15625,3.131350e+00,4.238859e-02,3.088962e+00
1096.15625,1096.3125,0.15625,2.943739e+00,4.238859e-02,2.901351e+00
1096.3125,1096.46875,0.15625,2.700116e+00,4.238859e-02,2.657728e+00
1096.46875,1096.625,0.15625,2.410289e+00,4.238859e-02,2.367901e+00
1096.625,1096.78125,0.15625,2.092064e+00,4.238859e-02,2.049675e+00
1096.78125,1096.9375,0.15625,1.770045e+00,4.238859e-02,1.727657e+00
1096.9375,1097.09375,0.15625,1.473036e+00,4.238859e-02,1.430648e+00
1097.09375,1097.25,0.15625,1.230590e+00,4.238859e-02,1.188201e+00
1097.25,1097.40625,0.15625,1.069484e+00,4.238859e-02,1.027095e+00
1097.40625,1097.5625,0.15625,1.010694e+00,4.238859e-02,9.683051e-01
1097.5625,1097.71875,0.15625,1.010694e+00,4.238859e-02,9.683051e-01
1097.71875,1097.875,0.15625,1.067047e+00,4.238859e-02,1.024659e+00
1097.875,1098.03125,0.15625,1.241477e+00,4.238859e-02,1.199089e+00
1098.03125,1098.1875,0.15625,1.525775e+00,4.238859e-02,1.483387e+00
1098.1875,1098.34375,0.15625,1.900025e+00,4.238859e-02,1.857636e+00
1098.34375,1098.5,0.15625,2.333220e+00,4.238859e-02,2.290831e+00
1098.5,1098.65625,0.15625,2.785676e+00,4.238859e-02,2.743287e+00
1098.65625,1098.8125,0.15625,3.213562e+00,4.238859e-02,3.171173e+00
1098.8125,1098.96875,0.15625,3.575190e+00,4.238859e-02,3.532802e+00
1098.96875,1099.125,0.15625,3.837946e+00,4.238859e-02,3.795558e+00
1099.125,1099.28125,0.15625,3.984143e+00,4.238859e-02,3.941755e+00
1099.28125,1099.4375,0.15625,3.945091e+00,4.238859e-02,3.902702e+00
1099.4375,1099.59375,0.15625,3.806853e+00,4.238859e-02,3.764464e+00
1099.59375,1099.75,0.15625,3.633809e+00,4.238859e-02,3.591421e+00
1099.75,1099.90625,0.15625,3.457370e+00,4.238859e-02,3.414981e+00
1099.90625,1100.0625,0.15625,3.300030e+00,4.238859e-02,3.257642e+00
1100.0625,1100.21875,0.15625,3.173189e+00,4.238859e-02,3.130800e+00
1100.21875,1100.375,0.15625,3.078935e+00,4.238859e-02,3.036546e+00
1100.375,1100.53125,0.15625,3.014578e+00,4.238859e-02,2.972189e+00
1100.53125,1100.6875,0.15625,2.977672e+00,4.238859e-02,2.935283e+00
1100.6875,1100.84375,0.15625,2.969255e+00,4.238859e-02,2.926867e+00
1100.84375,1101,0.15625,2.969255e+00,4.238859e-02,2.926867e+00
1101,1101.15625,0.15625,2.993970e+00,4.238859e-02,2.951581e+00
1101.15625,1101.3125,0.15625,3.057195e+00,4.238859e-02,3.014807e+00
1101.3125,1101.46875,0.15625,3.160688e+00,4.238859e-02,3.118300e+00
1101.46875,1101.625,0.15625,3.298827e+00,4.238859e-02,3.256439e+00
1101.625,1101.78125,0.15625,3.457236e+00,4.238859e-02,3.414847e+00
1101.78125,1101.9375,0.15625,3.614525e+00,4.238859e-02,3.572136e+00
1101.9375,1102.09375,0.15625,3.746650e+00,4.238859e-02,3.704262e+00
1102.09375,1102.25,0.15625,3.832460e+00,4.238859e-02,3.790072e+00
1102.25,1102.40625,0.15625,3.822668e+00,4.238859e-02,3.780280e+00
1102.40625,1102.5625,0.15625,3.732574e+00,4.238859e-02,3.690185e+00
1102.5625,1102.71875,0.15625,3.604123e+00,4.238859e-02,3.561735e+00
1102.71875,1102.875,0.15625,3.455706e+00,4.238859e-02,3.413318e+00
1102.875,1103.03125,0.15625,3.302813e+00,4.238859e-02,3.260424e+00
1103.03125,1103.1875,0.15625,3.153748e+00,4.238859e-02,3.111360e+00
1103.1875,1103.34375,0.15625,3.008102e+00,4.238859e-02,2.965714e+00
1103.34375,1103.5,0.15625,2.858580e+00,4.238859e-02,2.816192e+00
1103.5,1103.65625,0.15625,2.695648e+00,4.238859e-02,2.653260e+00
1103.65625,1103.8125,0.15625,2.513348e+00,4.238859e-02,2.470960e+00
1103.8125,1103.96875,0.15625,2.314128e+00,4.238859e-02,2.271740e+00
1103.96875,1104.125,0.15625,2.110821e+00,4.238859e-02,2.068433e+00
1104.125,1104.28125,0.15625,1.924922e+00,4.238859e-02,1.882533e+00
1104.28125,1104.4375,0.15625,1.781609e+00,4.238859e-02,1.739221e+00
1104.4375,1104.59375,0.15625,1.703113e+00,4.238859e-02,1.660724e+00
1104.59375,1104.75,0.15625,1.702535e+00,4.238859e-02,1.660146e+00
1104.75,1104.90625,0.15625,1.702535e+00,4.238859e-02,1.660146e+00
1104.90625,1105.0625,0.15625,1.780086e+00,4.238859e-02,1.737698e+00
1105.0625,1105.21875,0.15625,1.922882e+00,4.238859e-02,1.880494e+00
1105.21875,1105.375,0.15625,2.108314e+00,4.238859e-02,2.065925e+00
1105.375,1105.53125,0.15625,2.309893e+00,4.238859e-02,2.267504e+00
1105.53125,1105.6875,0.15625,2.503698e+00,4.238859e-02,2.461309e+00
1105.6875,1105.84375,0.15625,2.673405e+00,4.238859e-02,2.631017e+00
1105.84375,1106,0.15625,2.812453e+00,4.238859e-02,2.770064e+00
1106,1106.15625,0.15625,2.922951e+00,4.238859e-02,2.880563e+00
1106.15625,1106.3125,0.15625,3.012159e+00,4.238859e-02,2.969771e+00
1106.3125,1106.46875,0.15625,3.088132e+00,4.238859e-02,3.045743e+00
1106.46875,1106.625,0.15625,3.156211e+00,4.238859e-02,3.113823e+00
1106.625,1106.78125,0.15625,3.217395e+00,4.238859e-02,3.175007e+00
1106.78125,1106.9375,0.15625,3.268641e+00,4.238859e-02,3.226252e+00
1106.9375,1107.09375,0.15625,3.304392e+00,4.238859e-02,3.262004e+00
1107.09375,1107.25,0.15625,3.305436e+00,4.238859e-02,3.263047e+00
1107.25,1107.40625,0.15625,3.262266e+00,4.238859e-02,3.219877e+00
1107.40625,1107.5625,0.15625,3.189055e+00,4.238859e-02,3.146667e+00
1107.5625,1107.71875,0.15625,3.090249e+00,4.238859e-02,3.047860e+00
1107.71875,1107.875,0.15625,2.975112e+00,4.238859e-02,2.932724e+00
1107.875,1108.03125,0.15625,2.857057e+00,4.238859e-02,2.814668e+00
1108.03125,1108.1875,0.15625,2.751346e+00,4.238859e-02,2.708957e+00
1108.1875,1108.34375,0.15625,2.671486e+00,4.238859e-02,2.629097e+00
1108.34375,1108.5,0.15625,2.625460e+00,4.238859e-02,2.583071e+00
1108.5,1108.65625,0.15625,2.613386e+00,4.238859e-02,2.570998e+00
1108.65625,1108.8125,0.15625,2.613386e+00,4.238859e-02,2.570998e+00
1108.8125,1108.96875,0.15625,2.627823e+00,4.238859e-02,2.585434e+00
1108.96875,1109.125,0.15625,2.656846e+00,4.238859e-02,2.614458e+00
1109.125,1109.28125,0.15625,2.688781e+00,4.238859e-02,2.646393e+00
1109.28125,1109.4375,0.15625,2.716615e+00,4.238859e-02,2.674226e+00
1109.4375,1109.59375,0.15625,2.740228e+00,4.238859e-02,2.697840e+00
1109.59375,1109.75,0.15625,2.765577e+00,4.238859e-02,2.723189e+00
1109.75,1109.90625,0.15625,2.801335e+00,4.238859e-02,2.758947e+00
1109.90625,1110.0625,0.15625,2.854643e+00,4.238859e-02,2.812255e+00
1110.0625,1110.21875,0.15625,2.927870e+00,4.238859e-02,2.885481e+00
1110.21875,1110.375,0.15625,3.017648e+00,4.238859e-02,2.975260e+00
1110.375,1110.53125,0.15625,3.116276e+00,4.238859e-02,3.073887e+00
1110.53125,1110.6875,0.15625,3.214507e+00,4.238859e-02,3.172119e+00
1110.6875,1110.84375,0.15625,3.304335e+00,4.238859e-02,3.261947e+00
1110.84375,1111,0.15625,3.380687e+00,4.238859e-02,3.338299e+00
1111,1111.15625,0.15625,3.441718e+00,4.238859e-02,3.399329e+00
1111.15625,1111.3125,0.15625,3.488098e+00,4.238859e-02,3.445710e+00
1111.3125,1111.46875,0.15625,3.521974e+00,4.238859e-02,3.479585e+00
1111.46875,1111.625,0.15625,3.546092e+00,4.238859e-02,3.503703e+00
1111.625,1111.78125,0.15625,3.563211e+00,4.238859e-02,3.520822e+00
1111.78125,1111.9375,0.15625,3.575643e+00,4.238859e-02,3.533255e+00
1111.9375,1112.09375,0.15625,3.584774e+00,4.238859e-02,3.542385e+00
1112.09375,1112.25,0.15625,3.590565e+00,4.238859e-02,3.548176e+00
1112.25,1112.40625,0.15625,3.582995e+00,4.238859e-02,3.540607e+00
1112.40625,1112.5625,0.15625,3.560596e+00,4.238859e-02,3.518207e+00
1112.5625,1112.71875,0.15625,3.517465e+00,4.238859e-02,3.475076e+00
1112.71875,1112.875,0.15625,3.446684e+00,4.238859e-02,3.404295e+00
1112.875,1113.03125,0.15625,3.342245e+00,4.238859e-02,3.299857e+00
1113.03125,1113.1875,0.15625,3.200924e+00,4.238859e-02,3.158536e+00
1113.1875,1113.34375,0.15625,3.024496e+00,4.238859e-02,2.982107e+00
1113.34375,1113.5,0.15625,2.821592e+00,4.238859e-02,2.779203e+00
1113.5,1113.65625,0.15625,2.608174e+00,4.238859e-02,2.565785e+00
1113.65625,1113.8125,0.15625,2.405779e+00,4.238859e-02,2.363390e+00
1113.8125,1113.96875,0.15625,2.237368e+00,4.238859e-02,2.194979e+00
1113.96875,1114.125,0.15625,2.121649e+00,4.238859e-02,2.079261e+00
1114.125,1114.28125,0.15625,2.067560e+00,4.238859e-02,2.025171e+00
1114.28125,1114.4375,0.15625,2.067560e+00,4.238859e-02,2.025171e+00
1114.4375,1114.59375,0.15625,2.070893e+00,4.238859e-02,2.028505e+00
1114.59375,1114.75,0.15625,2.114550e+00,4.238859e-02,2.072162e+00
1114.75,1114.90625,0.15625,2.172739e+00,4.238859e-02,2.130351e+00
1114.90625,1115.0625,0.15625,2.218097e+00,4.238859e-02,2.175708e+00
1115.0625,1115.21875,0.15625,2.198784e+00,4.238859e-02,2.156396e+00
1115.21875,1115.375,0.15625,2.132200e+00,4.238859e-02,2.089811e+00
1115.375,1115.53125,0.15625,2.049364e+00,4.238859e-02,2.006975e+00
1115.53125,1115.6875,0.15625,1.976800e+00,4.238859e-02,1.934411e+00
1115.6875,1115.84375,0.15625,1.940133e+00,4.238859e-02,1.897744e+00
1115.84375,1116,0.15625,1.940133e+00,4.238859e-02,1.897744e+00
1116,1116.15625,0.15625,1.956780e+00,4.238859e-02,1.914391e+00
1116.15625,1116.3125,0.15625,2.031525e+00,4.238859e-02,1.989137e+00
1116.3125,1116.46875,0.15625,2.156280e+00,4.238859e-02,2.113891e+00
1116.46875,1116.625,0.15625,2.313869e+00,4.238859e-02,2.271480e+00
1116.625,1116.78125,0.15625,2.484368e+00,4.238859e-02,2.441980e+00
1116.78125,1116.9375,0.15625,2.651651e+00,4.238859e-02,2.609262e+00
1116.9375,1117.09375,0.15625,2.807866e+00,4.238859e-02,2.765477e+00
1117.09375,1117.25,0.15625,2.954408e+00,4.238859e-02,2.912020e+00
1117.25,1117.40625,0.15625,3.099334e+00,4.238859e-02,3.056945e+00
1117.40625,1117.5625,0.15625,3.252487e+00,4.238859e-02,3.210098e+00
1117.5625,1117.71875,0.15625,3.420376e+00,4.238859e-02,3.377988e+00
1117.71875,1117.875,0.15625,3.602702e+00,4.238859e-02,3.560313e+00
1117.875,1118.03125,0.15625,3.791582e+00,4.238859e-02,3.749194e+00
1118.03125,1118.1875,0.15625,3.973347e+00,4.238859e-02,3.930959e+00
1118.1875,1118.34375,0.15625,4.131825e+00,4.238859e-02,4.089437e+00
1118.34375,1118.5,0.15625,4.251693e+00,4.238859e-02,4.209304e+00
1118.5,1118.65625,0.15625,4.320782e+00,4.238859e-02,4.278393e+00
1118.65625,1118.8125,0.15625,4.277838e+00,4.238859e-02,4.235449e+00
1118.8125,1118.96875,0.15625,4.160431e+00,4.238859e-02,4.118042e+00
1118.96875,1119.125,0.15625,3.980992e+00,4.238859e-02,3.938603e+00
1119.125,1119.28125,0.15625,3.745906e+00,4.238859e-02,3.703518e+00
1119.28125,1119.4375,0.15625,3.466983e+00,4.238859e-02,3.424595e+00
1119.4375,1119.59375,0.15625,3.162408e+00,4.238859e-02,3.120020e+00
1119.59375,1119.75,0.15625,2.856304e+00,4.238859e-02,2.813915e+00
1119.75,1119.90625,0.15625,2.576246e+00,4.238859e-02,2.533857e+00
1119.90625,1120.0625,0.15625,2.348819e+00,4.238859e-02,2.306430e+00
1120.0625,1120.21875,0.15625,2.194235e+00,4.238859e-02,2.151847e+00
1120.21875,1120.375,0.15625,2.121652e+00,4.238859e-02,2.079263e+00
1120.375,1120.53125,0.15625,2.121652e+00,4.238859e-02,2.079263e+00
1120.53125,1120.6875,0.15625,2.126920e+00,4.238859e-02,2.084531e+00
1120.6875,1120.84375,0.15625,2.193854e+00,4.238859e-02,2.151465e+00
1120.84375,1121,0.15625,2.298968e+00,4.238859e-02,2.256580e+00
1121,1121.15625,0.15625,2.418360e+00,4.238859e-02,2.375972e+00
1121.15625,1121.3125,0.15625,2.534526e+00,4.238859e-02,2.492138e+00
1121.3125,1121.46875,0.15625,2.640782e+00,4.238859e-02,2.598394e+00
1121.46875,1121.625,0.15625,2.741705e+00,4.238859e-02,2.699316e+00
1121.625,1121.78125,0.15625,2.849407e+00,4.238859e-02,2.807018e+00
1121.78125,1121.9375,0.15625,2.976952e+00,4.238859e-02,2.934564e+00
1121.9375,1122.09375,0.15625,3.131234e+00,4.238859e-02,3.088846e+00
1122.09375,1122.25,0.15625,3.307797e+00,4.238859e-02,3.265408e+00
1122.25,1122.40625,0.15625,3.489328e+00,4.238859e-02,3.446940e+00
1122.40625,1122.5625,0.15625,3.648277e+00,4.238859e-02,3.605888e+00
1122.5625,1122.71875,0.15625,3.752701e+00,4.238859e-02,3.710312e+00
1122.71875,1122.875,0.15625,3.691781e+00,4.238859e-02,3.649393e+00
1122.875,1123.03125,0.15625,3.502528e+00,4.238859e-02,3.460139e+00
1123.03125,1123.1875,0.15625,3.217388e+00,4.238859e-02,3.175000e+00
1123.1875,1123.34375,0.15625,2.862815e+00,4.238859e-02,2.820426e+00
1123.34375,1123.5,0.15625,2.476355e+00,4.238859e-02,2.433966e+00
1123.5,1123.65625,0.15625,2.101345e+00,4.238859e-02,2.058957e+00
1123.65625,1123.8125,0.15625,1.781162e+00,4.238859e-02,1.738773e+00
1123.8125,1123.96875,0.15625,1.553894e+00,4.238859e-02,1.511506e+00
1123.96875,1124.125,0.15625,1.447944e+00,4.238859e-02,1.405555e+00
1124.125,1124.28125,0.15625,1.447944e+00,4.238859e-02,1.405555e+00
1124.28125,1124.4375,0.15625,1.478717e+00,4.238859e-02,1.436328e+00
1124.4375,1124.59375,0.15625,1.646414e+00,4.238859e-02,1.604026e+00
1124.59375,1124.75,0.15625,1.935020e+00,4.238859e-02,1.892631e+00
1124.75,1124.90625,0.15625,2.312794e+00,4.238859e-02,2.270406e+00
1124.90625,1125.0625,0.15625,2.734785e+00,4.238859e-02,2.692396e+00
1125.0625,1125.21875,0.15625,3.147700e+00,4.238859e-02,3.105311e+00
1125.21875,1125.375,0.15625,3.497023e+00,4.238859e-02,3.454634e+00
1125.375,1125.53125,0.15625,3.735465e+00,4.238859e-02,3.693077e+00
1125.53125,1125.6875,0.15625,3.773821e+00,4.238859e-02,3.731432e+00
1125.6875,1125.84375,0.15625,3.576882e+00,4.238859e-02,3.534494e+00
1125.84375,1126,0.15625,3.275531e+00,4.238859e-02,3.233142e+00
1126,1126.15625,0.15625,2.920343e+00,4.238859e-02,2.877954e+00
1126.15625,1126.3125,0.15625,2.568306e+00,4.238859e-02,2.525917e+00
1126.3125,1126.46875,0.15625,2.273055e+00,4.238859e-02,2.230667e+00
1126.46875,1126.625,0.15625,2.076305e+00,4.238859e-02,2.033916e+00
1126.625,1126.78125,0.15625,2.001995e+00,4.238859e-02,1.959607e+00
1126.78125,1126.9375,0.15625,2.001995e+00,4.238859e-02,1.959607e+00
1126.9375,1127.09375,0.15625,2.053937e+00,4.238859e-02,2.011548e+00
1127.09375,1127.25,0.15625,2.216968e+00,4.238859e-02,2.174580e+00
1127.25,1127.40625,0.15625,2.461034e+00,4.238859e-02,2.418645e+00
1127.40625,1127.5625,0.15625,2.747155e+00,4.238859e-02,2.704767e+00
1127.5625,1127.71875,0.15625,3.034127e+00,4.238859e-02,2.991738e+00
1127.71875,1127.875,0.15625,3.284824e+00,4.238859e-02,3.242435e+00
1127.875,1128.03125,0.15625,3.471297e+00,4.238859e-02,3.428908e+00
1128.03125,1128.1875,0.15625,3.578166e+00,4.238859e-02,3.535777e+00
1128.1875,1128.34375,0.15625,3.561400e+00,4.238859e-02,3.519012e+00
1128.34375,1128.5,0.15625,3.473553e+00,4.238859e-02,3.431164e+00
1128.5,1128.65625,0.15625,3.371090e+00,4.238859e-02,3.328701e+00
1128.65625,1128.8125,0.15625,3.285909e+00,4.238859e-02,3.243520e+00
1128.8125,1128.96875,0.15625,3.244987e+00,4.238859e-02,3.202598e+00
1128.96875,1129.125,0.15625,3.244987e+00,4.238859e-02,3.202598e+00
1129.125,1129.28125,0.15625,3.264718e+00,4.238859e-02,3.222329e+00
1129.28125,1129.4375,0.15625,3.347298e+00,4.238859e-02,3.304910e+00
1129.4375,1129.59375,0.15625,3.480260e+00,4.238859e-02,3.437872e+00
1129.59375,1129.75,0.15625,3.639475e+00,4.238859e-02,3.597087e+00
1129.75,1129.90625,0.15625,3.794929e+00,4.238859e-02,3.752540e+00
1129.90625,1130.0625,0.15625,3.917739e+00,4.238859e-02,3.875351e+00
1130.0625,1130.21875,0.15625,3.986510e+00,4.238859e-02,3.944121e+00
1130.21875,1130.375,0.15625,3.934260e+00,4.238859e-02,3.891871e+00
1130.375,1130.53125,0.15625,3.826863e+00,4.238859e-02,3.784474e+00
1130.53125,1130.6875,0.15625,3.684846e+00,4.238859e-02,3.642457e+00
1130.6875,1130.84375,0.15625,3.522477e+00,4.238859e-02,3.480088e+00
1130.84375,1131,0.15625,3.348123e+00,4.238859e-02,3.305735e+00
1131,1131.15625,0.15625,3.162595e+00,4.238859e-02,3.120207e+00
1131.15625,1131.3125,0.15625,2.960767e+00,4.238859e-02,2.918378e+00
1131.3125,1131.46875,0.15625,2.735818e+00,4.238859e-02,2.693429e+00
1131.46875,1131.625,0.15625,2.484464e+00,4.238859e-02,2.442075e+00
1131.625,1131.78125,0.15625,2.211220e+00,4.238859e-02,2.168831e+00
1131.78125,1131.9375,0.15625,1.930162e+00,4.238859e-02,1.887774e+00
1131.9375,1132.09375,0.15625,1.663597e+00,4.238859e-02,1.621209e+00
1132.09375,1132.25,0.15625,1.438094e+00,4.238859e-02,1.395706e+00
1132.25,1132.40625,0.15625,1.279109e+00,4.238859e-02,1.236720e+00
1132.40625,1132.5625,0.15625,1.205640e+00,4.238859e-02,1.163252e+00
1132.5625,1132.71875,0.15625,1.205640e+00,4.238859e-02,1.163252e+00
1132.71875,1132.875,0.15625,1.226203e+00,4.238859e-02,1.183815e+00
1132.875,1133.03125,0.15625,1.336951e+00,4.238859e-02,1.294563e+00
1133.03125,1133.1875,0.15625,1.522328e+00,4.238859e-02,1.479939e+00
1133.1875,1133.34375,0.15625,1.758178e+00,4.238859e-02,1.715789e+00
1133.34375,1133.5,0.15625,2.016747e+00,4.238859e-02,1.974359e+00
1133.5,1133.65625,0.15625,2.272517e+00,4.238859e-02,2.230129e+00
1133.65625,1133.8125,0.15625,2.507406e+00,4.238859e-02,2.465017e+00
1133.8125,1133.96875,0.15625,2.713820e+00,4.238859e-02,2.671432e+00
1133.96875,1134.125,0.15625,2.894526e+00,4.238859e-02,2.852138e+00
1134.125,1134.28125,0.15625,3.059254e+00,4.238859e-02,3.016865e+00
1134.28125,1134.4375,0.15625,3.219103e+00,4.238859e-02,3.176715e+00
1134.4375,1134.59375,0.15625,3.380658e+00,4.238859e-02,3.338270e+00
1134.59375,1134.75,0.15625,3.541859e+00,4.238859e-02,3.499471e+00
1134.75,1134.90625,0.15625,3.691091e+00,4.238859e-02,3.648702e+00
1134.90625,1135.0625,0.15625,3.809800e+00,4.238859e-02,3.767412e+00
1135.0625,1135.21875,0.15625,3.877787e+00,4.238859e-02,3.835398e+00
1135.21875,1135.375,0.15625,3.809171e+00,4.238859e-02,3.766782e+00
1135.375,1135.53125,0.15625,3.673907e+00,4.238859e-02,3.631518e+00
1135.53125,1135.6875,0.15625,3.492686e+00,4.238859e-02,3.450298e+00
1135.6875,1135.84375,0.15625,3.292569e+00,4.238859e-02,3.250180e+00
1135.84375,1136,0.15625,3.102478e+00,4.238859e-02,3.060090e+00
1136,1136.15625,0.15625,2.946554e+00,4.238859e-02,2.904166e+00
1136.15625,1136.3125,0.15625,2.839054e+00,4.238859e-02,2.796666e+00
1136.3125,1136.46875,0.15625,2.782389e+00,4.238859e-02,2.740000e+00
1136.46875,1136.625,0.15625,2.768843e+00,4.238859e-02,2.726454e+00
1136.625,1136.78125,0.15625,2.768843e+00,4.238859e-02,2.726454e+00
1136.78125,1136.9375,0.15625,2.785234e+00,4.238859e-02,2.742845e+00
1136.9375,1137.09375,0.15625,2.818655e+00,4.238859e-02,2.776266e+00
1137.09375,1137.25,0.15625,2.861071e+00,4.238859e-02,2.818683e+00
1137.25,1137.40625,0.15625,2.911089e+00,4.238859e-02,2.868700e+00
1137.40625,1137.5625,0.15625,2.972432e+00,4.238859e-02,2.930043e+00
1137.5625,1137.71875,0.15625,3.050057e+00,4.238859e-02,3.007669e+00
1137.71875,1137.875,0.15625,3.145704e+00,4.238859e-02,3.103315e+00
1137.875,1138.03125,0.15625,3.254716e+00,4.238859e-02,3.212327e+00
1138.03125,1138.1875,0.15625,3.365256e+00,4.238859e-02,3.322867e+00
1138.1875,1138.34375,0.15625,3.459985e+00,4.238859e-02,3.417596e+00
1138.34375,1138.5,0.15625,3.519462e+00,4.238859e-02,3.477074e+00
1138.5,1138.65625,0.15625,3.468490e+00,4.238859e-02,3.426101e+00
1138.65625,1138.8125,0.15625,3.343428e+00,4.238859e-02,3.301040e+00
1138.8125,1138.96875,0.15625,3.158826e+00,4.238859e-02,3.116437e+00
1138.96875,1139.125,0.15625,2.933661e+00,4.238859e-02,2.891273e+00
1139.125,1139.28125,0.15625,2.696715e+00,4.238859e-02,2.654326e+00
1139.28125,1139.4375,0.15625,2.483108e+00,4.238859e-02,2.440720e+00
1139.4375,1139.59375,0.15625,2.328884e+00,4.238859e-02,2.286496e+00
1139.59375,1139.75,0.15625,2.264367e+00,4.238859e-02,2.221979e+00
1139.75,1139.90625,0.15625,2.264367e+00,4.238859e-02,2.221979e+00
1139.90625,1140.0625,0.15625,2.307609e+00,4.238859e-02,2.265221e+00
1140.0625,1140.21875,0.15625,2.459497e+00,4.238859e-02,2.417109e+00
1140.21875,1140.375,0.15625,2.701897e+00,4.238859e-02,2.659509e+00
1140.375,1140.53125,0.15625,2.999598e+00,4.238859e-02,2.957210e+00
1140.53125,1140.6875,0.15625,3.305947e+00,4.238859e-02,3.263558e+00
1140.6875,1140.84375,0.15625,3.571172e+00,4.238859e-02,3.528784e+00
1140.84375,1141,0.15625,3.751731e+00,4.238859e-02,3.709343e+00
1141,1141.15625,0.15625,3.763212e+00,4.238859e-02,3.720823e+00
1141.15625,1141.3125,0.15625,3.598100e+00,4.238859e-02,3.555711e+00
1141.3125,1141.46875,0.15625,3.354551e+00,4.238859e-02,3.312163e+00
1141.46875,1141.625,0.15625,3.075147e+00,4.238859e-02,3.032759e+00
1141.625,1141.78125,0.15625,2.804365e+00,4.238859e-02,2.761976e+00
1141.78125,1141.9375,0.15625,2.578877e+00,4.238859e-02,2.536488e+00
1141.9375,1142.09375,0.15625,2.419953e+00,4.238859e-02,2.377564e+00
1142.09375,1142.25,0.15625,2.329838e+00,4.238859e-02,2.287449e+00
1142.25,1142.40625,0.15625,2.293030e+00,4.238859e-02,2.250642e+00
1142.40625,1142.5625,0.15625,2.282098e+00,4.238859e-02,2.239709e+00
1142.5625,1142.71875,0.15625,2.266422e+00,4.238859e-02,2.224034e+00
1142.71875,1142.875,0.15625,2.221480e+00,4.238859e-02,2.179092e+00
1142.875,1143.03125,0.15625,2.136109e+00,4.238859e-02,2.093720e+00
1143.03125,1143.1875,0.15625,2.015870e+00,4.238859e-02,1.973482e+00
1143.1875,1143.34375,0.15625,1.881786e+00,4.238859e-02,1.839397e+00
1143.34375,1143.5,0.15625,1.765019e+00,4.238859e-02,1.722630e+00
1143.5,1143.65625,0.15625,1.699123e+00,4.238859e-02,1.656735e+00
1143.65625,1143.8125,0.15625,1.699123e+00,4.238859e-02,1.656735e+00
1143.8125,1143.96875,0.15625,1.711943e+00,4.238859e-02,1.669555e+00
1143.96875,1144.125,0.15625,1.819114e+00,4.238859e-02,1.776725e+00
1144.125,1144.28125,0.15625,2.020493e+00,4.238859e-02,1.978104e+00
1144.28125,1144.4375,0.15625,2.300077e+00,4.238859e-02,2.257688e+00
1144.4375,1144.59375,0.15625,2.629112e+00,4.238859e-02,2.586723e+00
1144.59375,1144.75,0.15625,2.971548e+00,4.238859e-02,2.929160e+00
1144.75,1144.90625,0.15625,3.290591e+00,4.238859e-02,3.248202e+00
1144.90625,1145.0625,0.15625,3.555032e+00,4.238859e-02,3.512644e+00
1145.0625,1145.21875,0.15625,3.744204e+00,4.238859e-02,3.701816e+00
1145.21875,1145.375,0.15625,3.850698e+00,4.238859e-02,3.808310e+00
1145.375,1145.53125,0.15625,3.850320e+00,4.238859e-02,3.807931e+00
1145.53125,1145.6875,0.15625,3.783615e+00,4.238859e-02,3.741226e+00
1145.6875,1145.84375,0.15625,3.704806e+00,4.238859e-02,3.662417e+00
1145.84375,1146,0.15625,3.634444e+00,4.238859e-02,3.592055e+00
1146,1146.15625,0.15625,3.585596e+00,4.238859e-02,3.543207e+00
1146.15625,1146.3125,0.15625,3.562490e+00,4.238859e-02,3.520102e+00
1146.3125,1146.46875,0.15625,3.561433e+00,4.238859e-02,3.519044e+00
1146.46875,1146.625,0.15625,3.561433e+00,4.238859e-02,3.519044e+00
1146.625,1146.78125,0.15625,3.573383e+00,4.238859e-02,3.530995e+00
1146.78125,1146.9375,0.15625,3.587201e+00,4.238859e-02,3.544813e+00
1146.9375,1147.09375,0.15625,3.582312e+00,4.238859e-02,3.539923e+00
1147.09375,1147.25,0.15625,3.552970e+00,4.238859e-02,3.510581e+00
1147.25,1147.40625,0.15625,3.505290e+00,4.238859e-02,3.462901e+00
1147.40625,1147.5625,0.15625,3.443152e+00,4.238859e-02,3.400763e+00
1147.5625,1147.71875,0.15625,3.372064e+00,4.238859e-02,3.329675e+00
1147.71875,1147.875,0.15625,3.297217e+00,4.238859e-02,3.254828e+00
1147.875,1148.03125,0.15625,3.221720e+00,4.238859e-02,3.179331e+00
1148.03125,1148.1875,0.15625,3.145770e+00,4.238859e-02,3.103382e+00
1148.1875,1148.34375,0.15625,3.067283e+00,4.238859e-02,3.024894e+00
1148.34375,1148.5,0.15625,2.983895e+00,4.238859e-02,2.941507e+00
1148.5,1148.65625,0.15625,2.895471e+00,4.238859e-02,2.853082e+00
1148.65625,1148.8125,0.15625,2.805756e+00,4.238859e-02,2.763367e+00
1148.8125,1148.96875,0.15625,2.722051e+00,4.238859e-02,2.679662e+00
1148.96875,1149.125,0.15625,2.652660e+00,4.238859e-02,2.610271e+00
1149.125,1149.28125,0.15625,2.603075e+00,4.238859e-02,2.560686e+00
1149.28125,1149.4375,0.15625,2.572703e+00,4.238859e-02,2.530315e+00
1149.4375,1149.59375,0.15625,2.553909e+00,4.238859e-02,2.511520e+00
1149.59375,1149.75,0.15625,2.534224e+00,4.238859e-02,2.491836e+00
1149.75,1149.90625,0.15625,2.501127e+00,4.238859e-02,2.458738e+00
1149.90625,1150.0625,0.15625,2.447481e+00,4.238859e-02,2.405092e+00
1150.0625,1150.21875,0.15625,2.375303e+00,4.238859e-02,2.332914e+00
1150.21875,1150.375,0.15625,2.296080e+00,4.238859e-02,2.253691e+00
1150.375,1150.53125,0.15625,2.227264e+00,4.238859e-02,2.184876e+00
1150.53125,1150.6875,0.15625,2.186196e+00,4.238859e-02,2.143807e+00
1150.6875,1150.84375,0.15625,2.183787e+00,4.238859e-02,2.141398e+00
1150.84375,1151,0.15625,2.183787e+00,4.238859e-02,2.141398e+00
1151,1151.15625,0.15625,2.220479e+00,4.238859e-02,2.178091e+00
1151.15625,1151.3125,0.15625,2.286100e+00,4.238859e-02,2.243712e+00
1151.3125,1151.46875,0.15625,2.363699e+00,4.238859e-02,2.321310e+00
1151.46875,1151.625,0.15625,2.435879e+00,4.238859e-02,2.393490e+00
1151.625,1151.78125,0.15625,2.491155e+00,4.238859e-02,2.448766e+00
1151.78125,1151.9375,0.15625,2.527902e+00,4.238859e-02,2.485514e+00
1151.9375,1152.09375,0.15625,2.554468e+00,4.238859e-02,2.512080e+00
1152.09375,1152.25,0.15625,2.585579e+00,4.238859e-02,2.543190e+00
1152.25,1152.40625,0.15625,2.636643e+00,4.238859e-02,2.594255e+00
1152.40625,1152.5625,0.15625,2.718271e+00,4.238859e-02,2.675882e+00
1152.5625,1152.71875,0.15625,2.833032e+00,4.238859e-02,2.790644e+00
1152.71875,1152.875,0.15625,2.975386e+00,4.238859e-02,2.932997e+00
1152.875,1153.03125,0.15625,3.134272e+00,4.238859e-02,3.091884e+00
1153.03125,1153.1875,0.15625,3.296889e+00,4.238859e-02,3.254500e+00
1153.1875,1153.34375,0.15625,3.451889e+00,4.238859e-02,3.409500e+00
1153.34375,1153.5,0.15625,3.590852e+00,4.238859e-02,3.548463e+00
1153.5,1153.65625,0.15625,3.707838e+00,4.238859e-02,3.665450e+00
1153.65625,1153.8125,0.15625,3.797725e+00,4.238859e-02,3.755336e+00
1153.8125,1153.96875,0.15625,3.854436e+00,4.238859e-02,3.812048e+00
1153.96875,1154.125,0.15625,3.835391e+00,4.238859e-02,3.793002e+00
1154.125,1154.28125,0.15625,3.741752e+00,4.238859e-02,3.699363e+00
1154.28125,1154.4375,0.15625,3.583840e+00,4.238859e-02,3.541451e+00
1154.4375,1154.59375,0.15625,3.362661e+00,4.238859e-02,3.320272e+00
1154.59375,1154.75,0.15625,3.087860e+00,4.238859e-02,3.045471e+00
1154.75,1154.90625,0.15625,2.778637e+00,4.238859e-02,2.736249e+00
1154.90625,1155.0625,0.15625,2.462705e+00,4.238859e-02,2.420316e+00
1155.0625,1155.21875,0.15625,2.173170e+00,4.238859e-02,2.130781e+00
1155.21875,1155.375,0.15625,1.943773e+00,4.238859e-02,1.901385e+00
1155.375,1155.53125,0.15625,1.803425e+00,4.238859e-02,1.761036e+00
1155.53125,1155.6875,0.15625,1.771281e+00,4.238859e-02,1.728892e+00
1155.6875,1155.84375,0.15625,1.771281e+00,4.238859e-02,1.728892e+00
1155.84375,1156,0.15625,1.853536e+00,4.238859e-02,1.811147e+00
1156,1156.15625,0.15625,2.042716e+00,4.238859e-02,2.000328e+00
1156.15625,1156.3125,0.15625,2.319569e+00,4.238859e-02,2.277181e+00
1156.3125,1156.46875,0.15625,2.656955e+00,4.238859e-02,2.614567e+00
1156.46875,1156.625,0.15625,3.024582e+00,4.238859e-02,2.982194e+00
1156.625,1156.78125,0.15625,3.393250e+00,4.238859e-02,3.350862e+00
1156.78125,1156.9375,0.15625,3.737564e+00,4.238859e-02,3.695175e+00
1156.9375,1157.09375,0.15625,4.036752e+00,4.238859e-02,3.994364e+00
1157.09375,1157.25,0.15625,4.274045e+00,4.238859e-02,4.231657e+00
1157.25,1157.40625,0.15625,4.435666e+00,4.238859e-02,4.393278e+00
1157.40625,1157.5625,0.15625,4.491805e+00,4.238859e-02,4.449416e+00
1157.5625,1157.71875,0.15625,4.378690e+00,4.238859e-02,4.336302e+00
1157.71875,1157.875,0.15625,4.179812e+00,4.238859e-02,4.137423e+00
1157.875,1158.03125,0.15625,3.914295e+00,4.238859e-02,3.871906e+00
1158.03125,1158.1875,0.15625,3.610701e+00,4.238859e-02,3.568313e+00
1158.1875,1158.34375,0.15625,3.302868e+00,4.238859e-02,3.260479e+00
1158.34375,1158.5,0.15625,3.023406e+00,4.238859e-02,2.981017e+00
1158.5,1158.65625,0.15625,2.796566e+00,4.238859e-02,2.754178e+00
1158.65625,1158.8125,0.15625,2.632689e+00,4.238859e-02,2.590300e+00
1158.8125,1158.96875,0.15625,2.526155e+00,4.238859e-02,2.483766e+00
1158.96875,1159.125,0.15625,2.457762e+00,4.238859e-02,2.415373e+00
1159.125,1159.28125,0.15625,2.401021e+00,4.238859e-02,2.358633e+00
1159.28125,1159.4375,0.15625,2.330560e+00,4.238859e-02,2.288171e+00
1159.4375,1159.59375,0.15625,2.230084e+00,4.238859e-02,2.187695e+00
1159.59375,1159.75,0.15625,2.097501e+00,4.238859e-02,2.055112e+00
1159.75,1159.90625,0.15625,1.945730e+00,4.238859e-02,1.903341e+00
1159.90625,1160.0625,0.15625,1.799089e+00,4.238859e-02,1.756700e+00
1160.0625,1160.21875,0.15625,1.686507e+00,4.238859e-02,1.644118e+00
1160.21875,1160.375,0.15625,1.633632e+00,4.238859e-02,1.591243e+00
1160.375,1160.53125,0.15625,1.633632e+00,4.238859e-02,1.591243e+00
1160.53125,1160.6875,0.15625,1.656100e+00,4.238859e-02,1.613711e+00
1160.6875,1160.84375,0.15625,1.755735e+00,4.238859e-02,1.713346e+00
1160.84375,1161,0.15625,1.920522e+00,4.238859e-02,1.878133e+00
1161,1161.15625,0.15625,2.128088e+00,4.238859e-02,2.085699e+00
1161.15625,1161.3125,0.15625,2.351445e+00,4.238859e-02,2.309056e+00
1161.3125,1161.46875,0.15625,2.565166e+00,4.238859e-02,2.522777e+00
1161.46875,1161.625,0.15625,2.750179e+00,4.238859e-02,2.707790e+00
1161.625,1161.78125,0.15625,2.895966e+00,4.238859e-02,2.853578e+00
1161.78125,1161.9375,0.15625,3.000018e+00,4.238859e-02,2.957630e+00
1161.9375,1162.09375,0.15625,3.065426e+00,4.238859e-02,3.023037e+00
1162.09375,1162.25,0.15625,3.098058e+00,4.238859e-02,3.055670e+00
1162.25,1162.40625,0.15625,3.092228e+00,4.238859e-02,3.049839e+00
1162.40625,1162.5625,0.15625,3.068693e+00,4.238859e-02,3.026305e+00
1162.5625,1162.71875,0.15625,3.043161e+00,4.238859e-02,3.000772e+00
1162.71875,1162.875,0.15625,3.025602e+00,4.238859e-02,2.983213e+00
1162.875,1163.03125,0.15625,3.025404e+00,4.238859e-02,2.983015e+00
1163.03125,1163.1875,0.15625,3.025404e+00,4.238859e-02,2.983015e+00
1163.1875,1163.34375,0.15625,3.049575e+00,4.238859e-02,3.007187e+00
1163.34375,1163.5,0.15625,3.101581e+00,4.238859e-02,3.059193e+00
1163.5,1163.65625,0.15625,3.181450e+00,4.238859e-02,3.139061e+00
1163.65625,1163.8125,0.15625,3.286955e+00,4.238859e-02,3.244566e+00
1163.8125,1163.96875,0.15625,3.414938e+00,4.238859e-02,3.372550e+00
1163.96875,1164.125,0.15625,3.561649e+00,4.238859e-02,3.519260e+00
1164.125,1164.28125,0.15625,3.721561e+00,4.238859e-02,3.679173e+00
1164.28125,1164.4375,0.15625,3.885170e+00,4.238859e-02,3.842781e+00
1164.4375,1164.59375,0.15625,4.037094e+00,4.238859e-02,3.994706e+00
1164.59375,1164.75,0.15625,4.156061e+00,4.238859e-02,4.113673e+00
1164.75,1164.90625,0.15625,4.199752e+00,4.238859e-02,4.157363e+00
1164.90625,1165.0625,0.15625,4.088656e+00,4.238859e-02,4.046267e+00
1165.0625,1165.21875,0.15625,3.884732e+00,4.238859e-02,3.842344e+00
1165.21875,1165.375,0.15625,3.604684e+00,4.238859e-02,3.562295e+00
1165.375,1165.53125,0.15625,3.279912e+00,4.238859e-02,3.237523e+00
1165.53125,1165.6875,0.15625,2.950948e+00,4.238859e-02,2.908559e+00
1165.6875,1165.84375,0.15625,2.659337e+00,4.238859e-02,2.616949e+00
1165.84375,1166,0.15625,2.439108e+00,4.238859e-02,2.396720e+00
1166,1166.15625,0.15625,2.310098e+00,4.238859e-02,2.267709e+00
1166.15625,1166.3125,0.15625,2.274870e+00,4.238859e-02,2.232482e+00
1166.3125,1166.46875,0.15625,2.274870e+00,4.238859e-02,2.232482e+00
1166.46875,1166.625,0.15625,2.319922e+00,4.238859e-02,2.277533e+00
1166.625,1166.78125,0.15625,2.420589e+00,4.238859e-02,2.378200e+00
1166.78125,1166.9375,0.15625,2.547986e+00,4.238859e-02,2.505598e+00
1166.9375,1167.09375,0.15625,2.675733e+00,4.238859e-02,2.633345e+00
1167.09375,1167.25,0.15625,2.784472e+00,4.238859e-02,2.742084e+00
1167.25,1167.40625,0.15625,2.863143e+00,4.238859e-02,2.820754e+00
1167.40625,1167.5625,0.15625,2.907338e+00,4.238859e-02,2.864950e+00
1167.5625,1167.71875,0.15625,2.890074e+00,4.238859e-02,2.847686e+00
1167.71875,1167.875,0.15625,2.829503e+00,4.238859e-02,2.787115e+00
1167.875,1168.03125,0.15625,2.737266e+00,4.238859e-02,2.694877e+00
1168.03125,1168.1875,0.15625,2.620943e+00,4.238859e-02,2.578554e+00
1168.1875,1168.34375,0.15625,2.495061e+00,4.238859e-02,2.452672e+00
1168.34375,1168.5,0.15625,2.380868e+00,4.238859e-02,2.338480e+00
1168.5,1168.65625,0.15625,2.303119e+00,4.238859e-02,2.260730e+00
1168.65625,1168.8125,0.15625,2.284530e+00,4.238859e-02,2.242141e+00
1168.8125,1168.96875,0.15625,2.284530e+00,4.238859e-02,2.242141e+00
1168.96875,1169.125,0.15625,2.339657e+00,4.238859e-02,2.297268e+00
1169.125,1169.28125,0.15625,2.470228e+00,4.238859e-02,2.427840e+00
1169.28125,1169.4375,0.15625,2.663463e+00,4.238859e-02,2.621075e+00
1169.4375,1169.59375,0.15625,2.893872e+00,4.238859e-02,2.851484e+00
1169.59375,1169.75,0.15625,3.127904e+00,4.238859e-02,3.085515e+00
1169.75,1169.90625,0.15625,3.330104e+00,4.238859e-02,3.287715e+00
1169.90625,1170.0625,0.15625,3.469309e+00,4.238859e-02,3.426921e+00
1170.0625,1170.21875,0.15625,3.484179e+00,4.238859e-02,3.441790e+00
1170.21875,1170.375,0.15625,3.355593e+00,4.238859e-02,3.313205e+00
1170.375,1170.53125,0.15625,3.156192e+00,4.238859e-02,3.113804e+00
1170.53125,1170.6875,0.15625,2.914908e+00,4.238859e-02,2.872519e+00
1170.6875,1170.84375,0.15625,2.666846e+00,4.238859e-02,2.624458e+00
1170.84375,1171,0.15625,2.447362e+00,4.238859e-02,2.404973e+00
1171,1171.15625,0.15625,2.285694e+00,4.238859e-02,2.243305e+00
1171.15625,1171.3125,0.15625,2.199574e+00,4.238859e-02,2.157186e+00
1171.3125,1171.46875,0.15625,2.192288e+00,4.238859e-02,2.149900e+00
1171.46875,1171.625,0.15625,2.192288e+00,4.238859e-02,2.149900e+00
1171.625,1171.78125,0.15625,2.253171e+00,4.238859e-02,2.210782e+00
1171.78125,1171.9375,0.15625,2.361568e+00,4.238859e-02,2.319179e+00
1171.9375,1172.09375,0.15625,2.493116e+00,4.238859e-02,2.450727e+00
1172.09375,1172.25,0.15625,2.626385e+00,4.238859e-02,2.583997e+00
1172.25,1172.40625,0.15625,2.747756e+00,4.238859e-02,2.705367e+00
1172.40625,1172.5625,0.15625,2.853110e+00,4.238859e-02,2.810721e+00
1172.5625,1172.71875,0.15625,2.946134e+00,4.238859e-02,2.903745e+00
1172.71875,1172.875,0.15625,3.034318e+00,4.238859e-02,2.991930e+00
1172.875,1173.03125,0.15625,3.124487e+00,4.238859e-02,3.082098e+00
1173.03125,1173.1875,0.15625,3.219595e+00,4.238859e-02,3.177207e+00
1173.1875,1173.34375,0.15625,3.317749e+00,4.238859e-02,3.275360e+00
1173.34375,1173.5,0.15625,3.413298e+00,4.238859e-02,3.370909e+00
1173.5,1173.65625,0.15625,3.499074e+00,4.238859e-02,3.456685e+00
1173.65625,1173.8125,0.15625,3.568616e+00,4.238859e-02,3.526227e+00
1173.8125,1173.96875,0.15625,3.617572e+00,4.238859e-02,3.575184e+00
1173.96875,1174.125,0.15625,3.644032e+00,4.238859e-02,3.601643e+00
1174.125,1174.28125,0.15625,3.630452e+00,4.238859e-02,3.588063e+00
1174.28125,1174.4375,0.15625,3.592407e+00,4.238859e-02,3.550019e+00
1174.4375,1174.59375,0.15625,3.534411e+00,4.238859e-02,3.492022e+00
1174.59375,1174.75,0.15625,3.456777e+00,4.238859e-02,3.414388e+00
1174.75,1174.90625,0.15625,3.360783e+00,4.238859e-02,3.318395e+00
1174.90625,1175.0625,0.15625,3.250640e+00,4.238859e-02,3.208252e+00
1175.0625,1175.21875,0.15625,3.135554e+00,4.238859e-02,3.093166e+00
1175.21875,1175.375,0.15625,3.030760e+00,4.238859e-02,2.988372e+00
1175.375,1175.53125,0.15625,2.956405e+00,4.238859e-02,2.914016e+00
1175.53125,1175.6875,0.15625,2.933757e+00,4.238859e-02,2.891368e+00
1175.6875,1175.84375,0.15625,2.933757e+00,4.238859e-02,2.891368e+00
1175.84375,1176,0.15625,2.979285e+00,4.238859e-02,2.936896e+00
1176,1176.15625,0.15625,3.098243e+00,4.238859e-02,3.055855e+00
1176.15625,1176.3125,0.15625,3.279979e+00,4.238859e-02,3.237590e+00
1176.3125,1176.46875,0.15625,3.496930e+00,4.238859e-02,3.454541e+00
1176.46875,1176.625,0.15625,3.708221e+00,4.238859e-02,3.665833e+00
1176.625,1176.78125,0.15625,3.867291e+00,4.238859e-02,3.824903e+00
1176.78125,1176.9375,0.15625,3.871932e+00,4.238859e-02,3.829544e+00
1176.9375,1177.09375,0.15625,3.678466e+00,4.238859e-02,3.636077e+00
1177.09375,1177.25,0.15625,3.362705e+00,4.238859e-02,3.320316e+00
1177.25,1177.40625,0.15625,2.954532e+00,4.238859e-02,2.912143e+00
1177.40625,1177.5625,0.15625,2.495897e+00,4.238859e-02,2.453508e+00
1177.5625,1177.71875,0.15625,2.032995e+00,4.238859e-02,1.990606e+00
1177.71875,1177.875,0.15625,1.609011e+00,4.238859e-02,1.566622e+00
1177.875,1178.03125,0.15625,1.258937e+00,4.238859e-02,1.216548e+00
1178.03125,1178.1875,0.15625,1.007024e+00,4.238859e-02,9.646357e-01
1178.1875,1178.34375,0.15625,8.665173e-01,4.238859e-02,8.241287e-01
1178.34375,1178.5,0.15625,8.407542e-01,4.238859e-02,7.983656e-01
1178.5,1178.65625,0.15625,8.407542e-01,4.238859e-02,7.983656e-01
1178.65625,1178.8125,0.15625,9.246842e-01,4.238859e-02,8.822957e-01
1178.8125,1178.96875,0.15625,1.106241e+00,4.238859e-02,1.063852e+00
1178.96875,1179.125,0.15625,1.367579e+00,4.238859e-02,1.325191e+00
1179.125,1179.28125,0.15625,1.686576e+00,4.238859e-02,1.644188e+00
1179.28125,1179.4375,0.15625,2.039000e+00,4.238859e-02,1.996612e+00
1179.4375,1179.59375,0.15625,2.401339e+00,4.238859e-02,2.358950e+00
1179.59375,1179.75,0.15625,2.753721e+00,4.238859e-02,2.711332e+00
1179.75,1179.90625,0.15625,3.081967e+00,4.238859e-02,3.039578e+00
1179.90625,1180.0625,0.15625,3.377920e+00,4.238859e-02,3.335532e+00
1180.0625,1180.21875,0.15625,3.637810e+00,4.238859e-02,3.595422e+00
1180.21875,1180.375,0.15625,3.859268e+00,4.238859e-02,3.816879e+00
1180.375,1180.53125,0.15625,4.038318e+00,4.238859e-02,3.995930e+00
1180.53125,1180.6875,0.15625,4.167800e+00,4.238859e-02,4.125412e+00
1180.6875,1180.84375,0.15625,4.238152e+00,4.238859e-02,4.195763e+00
1180.84375,1181,0.15625,4.170910e+00,4.238859e-02,4.128521e+00
1181,1181.15625,0.15625,4.034250e+00,4.238859e-02,3.991862e+00
1181.15625,1181.3125,0.15625,3.845697e+00,4.238859e-02,3.803308e+00
1181.3125,1181.46875,0.15625,3.629223e+00,4.238859e-02,3.586834e+00
1181.46875,1181.625,0.15625,3.413089e+00,4.238859e-02,3.370700e+00
1181.625,1181.78125,0.15625,3.223697e+00,4.238859e-02,3.181308e+00
1181.78125,1181.9375,0.15625,3.079805e+00,4.238859e-02,3.037417e+00
1181.9375,1182.09375,0.15625,2.989014e+00,4.238859e-02,2.946626e+00
1182.09375,1182.25,0.15625,2.947591e+00,4.238859e-02,2.905203e+00
1182.25,1182.40625,0.15625,2.943435e+00,4.238859e-02,2.901046e+00
1182.40625,1182.5625,0.15625,2.943435e+00,4.238859e-02,2.901046e+00
1182.5625,1182.71875,0.15625,2.960765e+00,4.238859e-02,2.918376e+00
1182.71875,1182.875,0.15625,2.984626e+00,4.238859e-02,2.942237e+00
1182.875,1183.03125,0.15625,3.003626e+00,4.238859e-02,2.961238e+00
1183.03125,1183.1875,0.15625,3.000672e+00,4.238859e-02,2.958283e+00
1183.1875,1183.34375,0.15625,2.971860e+00,4.238859e-02,2.929471e+00
1183.34375,1183.5,0.15625,2.923241e+00,4.238859e-02,2.880852e+00
1183.5,1183.65625,0.15625,2.857188e+00,4.238859e-02,2.814800e+00
1183.65625,1183.8125,0.15625,2.781125e+00,4.238859e-02,2.738736e+00
1183.8125,1183.96875,0.15625,2.708525e+00,4.238859e-02,2.666136e+00
1183.96875,1184.125,0.15625,2.657685e+00,4.238859e-02,2.615297e+00
1184.125,1184.28125,0.15625,2.647928e+00,4.238859e-02,2.605539e+00
1184.28125,1184.4375,0.15625,2.647928e+00,4.238859e-02,2.605539e+00
1184.4375,1184.59375,0.15625,2.694157e+00,4.238859e-02,2.651768e+00
1184.59375,1184.75,0.15625,2.801587e+00,4.238859e-02,2.759198e+00
1184.75,1184.90625,0.15625,2.962559e+00,4.238859e-02,2.920171e+00
1184.90625,1185.0625,0.15625,3.156660e+00,4.238859e-02,3.114271e+00
1185.0625,1185.21875,0.15625,3.354236e+00,4.238859e-02,3.311847e+00
1185.21875,1185.375,0.15625,3.522336e+00,4.238859e-02,3.479947e+00
1185.375,1185.53125,0.15625,3.631513e+00,4.238859e-02,3.589124e+00
1185.53125,1185.6875,0.15625,3.607038e+00,4.238859e-02,3.564650e+00
1185.6875,1185.84375,0.15625,3.475486e+00,4.238859e-02,3.433098e+00
1185.84375,1186,0.15625,3.288654e+00,4.238859e-02,3.246266e+00
1186,1186.15625,0.15625,3.076460e+00,4.238859e-02,3.034071e+00
1186.15625,1186.3125,0.15625,2.870831e+00,4.238859e-02,2.828442e+00
1186.3125,1186.46875,0.15625,2.698677e+00,4.238859e-02,2.656288e+00
1186.46875,1186.625,0.15625,2.576046e+00,4.238859e-02,2.533658e+00
1186.625,1186.78125,0.15625,2.505147e+00,4.238859e-02,2.462758e+00
1186.78125,1186.9375,0.15625,2.475271e+00,4.238859e-02,2.432883e+00
1186.9375,1187.09375,0.15625,2.467514e+00,4.238859e-02,2.425126e+00
1187.09375,1187.25,0.15625,2.461843e+00,4.238859e-02,2.419455e+00
1187.25,1187.40625,0.15625,2.444183e+00,4.238859e-02,2.401794e+00
1187.40625,1187.5625,0.15625,2.411064e+00,4.238859e-02,2.368675e+00
1187.5625,1187.71875,0.15625,2.370242e+00,4.238859e-02,2.327853e+00
1187.71875,1187.875,0.15625,2.337179e+00,4.238859e-02,2.294790e+00
1187.875,1188.03125,0.15625,2.328848e+00,4.238859e-02,2.286459e+00
1188.03125,1188.1875,0.15625,2.328848e+00,4.238859e-02,2.286459e+00
1188.1875,1188.34375,0.15625,2.357279e+00,4.238859e-02,2.314891e+00
1188.34375,1188.5,0.15625,2.425248e+00,4.238859e-02,2.382859e+00
1188.5,1188.65625,0.15625,2.525513e+00,4.238859e-02,2.483124e+00
1188.65625,1188.8125,0.15625,2.643491e+00,4.238859e-02,2.601103e+00
1188.8125,1188.96875,0.15625,2.761904e+00,4.238859e-02,2.719516e+00
1188.96875,1189.125,0.15625,2.865303e+00,4.238859e-02,2.822915e+00
1189.125,1189.28125,0.15625,2.942799e+00,4.238859e-02,2.900410e+00
1189.28125,1189.4375,0.15625,2.988415e+00,4.238859e-02,2.946026e+00
1189.4375,1189.59375,0.15625,2.976748e+00,4.238859e-02,2.934360e+00
1189.59375,1189.75,0.15625,2.920873e+00,4.238859e-02,2.878485e+00
1189.75,1189.90625,0.15625,2.836804e+00,4.238859e-02,2.794415e+00
1189.90625,1190.0625,0.15625,2.734158e+00,4.238859e-02,2.691769e+00
1190.0625,1190.21875,0.15625,2.628771e+00,4.238859e-02,2.586383e+00
1190.21875,1190.375,0.15625,2.541782e+00,4.238859e-02,2.499393e+00
1190.375,1190.53125,0.15625,2.496093e+00,4.238859e-02,2.453705e+00
1190.53125,1190.6875,0.15625,2.496093e+00,4.238859e-02,2.453705e+00
1190.6875,1190.84375,0.15625,2.510987e+00,4.238859e-02,2.468598e+00
1190.84375,1191,0.15625,2.596636e+00,4.238859e-02,2.554248e+00
1191,1191.15625,0.15625,2.750483e+00,4.238859e-02,2.708095e+00
1191.15625,1191.3125,0.15625,2.956842e+00,4.238859e-02,2.914454e+00
1191.3125,1191.46875,0.15625,3.189982e+00,4.238859e-02,3.147593e+00
1191.46875,1191.625,0.15625,3.419814e+00,4.238859e-02,3.377425e+00
1191.625,1191.78125,0.15625,3.618599e+00,4.238859e-02,3.576211e+00
1191.78125,1191.9375,0.15625,3.766931e+00,4.238859e-02,3.724543e+00
1191.9375,1192.09375,0.15625,3.857604e+00,4.238859e-02,3.815216e+00
1192.09375,1192.25,0.15625,3.896549e+00,4.238859e-02,3.854161e+00
1192.25,1192.40625,0.15625,3.893001e+00,4.238859e-02,3.850613e+00
1192.40625,1192.5625,0.15625,3.893001e+00,4.238859e-02,3.850613e+00
1192.5625,1192.71875,0.15625,3.896198e+00,4.238859e-02,3.853809e+00
1192.71875,1192.875,0.15625,3.925774e+00,4.238859e-02,3.883385e+00
1192.875,1193.03125,0.15625,3.984829e+00,4.238859e-02,3.942440e+00
1193.03125,1193.1875,0.15625,4.061790e+00,4.238859e-02,4.019401e+00
1193.1875,1193.34375,0.15625,4.132055e+00,4.238859e-02,4.089667e+00
1193.34375,1193.5,0.15625,4.123753e+00,4.238859e-02,4.081364e+00
1193.5,1193.65625,0.15625,3.989583e+00,4.238859e-02,3.947194e+00
1193.65625,1193.8125,0.15625,3.752217e+00,4.238859e-02,3.709829e+00
1193.8125,1193.96875,0.15625,3.420925e+00,4.238859e-02,3.378536e+00
1193.96875,1194.125,0.15625,3.021879e+00,4.238859e-02,2.979491e+00
1194.125,1194.28125,0.15625,2.593604e+00,4.238859e-02,2.551216e+00
1194.28125,1194.4375,0.15625,2.180225e+00,4.238859e-02,2.137836e+00
1194.4375,1194.59375,0.15625,1.824172e+00,4.238859e-02,1.781783e+00
1194.59375,1194.75,0.15625,1.559815e+00,4.238859e-02,1.517427e+00
1194.75,1194.90625,0.15625,1.408963e+00,4.238859e-02,1.366574e+00
1194.90625,1195.0625,0.15625,1.378655e+00,4.238859e-02,1.336267e+00
1195.0625,1195.21875,0.15625,1.378655e+00,4.238859e-02,1.336267e+00
1195.21875,1195.375,0.15625,1.461241e+00,4.238859e-02,1.418853e+00
1195.375,1195.53125,0.15625,1.636508e+00,4.238859e-02,1.594119e+00
1195.53125,1195.6875,0.15625,1.875466e+00,4.238859e-02,1.833077e+00
1195.6875,1195.84375,0.15625,2.145194e+00,4.238859e-02,2.102806e+00
1195.84375,1196,0.15625,2.413878e+00,4.238859e-02,2.371490e+00
1196,1196.15625,0.15625,2.655002e+00,4.238859e-02,2.612613e+00
1196.15625,1196.3125,0.15625,2.849791e+00,4.238859e-02,2.807402e+00
1196.3125,1196.46875,0.15625,2.987530e+00,4.238859e-02,2.945141e+00
1196.46875,1196.625,0.15625,3.064158e+00,4.238859e-02,3.021769e+00
1196.625,1196.78125,0.15625,3.039563e+00,4.238859e-02,2.997175e+00
1196.78125,1196.9375,0.15625,2.949191e+00,4.238859e-02,2.906802e+00
1196.9375,1197.09375,0.15625,2.820724e+00,4.238859e-02,2.778336e+00
1197.09375,1197.25,0.15625,2.671770e+00,4.238859e-02,2.629381e+00
1197.25,1197.40625,0.15625,2.526088e+00,4.238859e-02,2.483699e+00
1197.40625,1197.5625,0.15625,2.411384e+00,4.238859e-02,2.368995e+00
1197.5625,1197.71875,0.15625,2.354678e+00,4.238859e-02,2.312289e+00
1197.71875,1197.875,0.15625,2.354678e+00,4.238859e-02,2.312289e+00
1197.875,1198.03125,0.15625,2.376344e+00,4.238859e-02,2.333955e+00
1198.03125,1198.1875,0.15625,2.484639e+00,4.238859e-02,2.442250e+00
1198.1875,1198.34375,0.15625,2.672568e+00,4.238859e-02,2.630179e+00
1198.34375,1198.5,0.15625,2.918235e+00,4.238859e-02,2.875846e+00
1198.5,1198.65625,0.15625,3.188744e+00,4.238859e-02,3.146356e+00
1198.65625,1198.8125,0.15625,3.446703e+00,4.238859e-02,3.404315e+00
1198.8125,1198.96875,0.15625,3.657665e+00,4.238859e-02,3.615276e+00
1198.96875,1199.125,0.15625,3.796715e+00,4.238859e-02,3.754327e+00
1199.125,1199.28125,0.15625,3.829205e+00,4.238859e-02,3.786817e+00
1199.28125,1199.4375,0.15625,3.742223e+00,4.238859e-02,3.699835e+00
1199.4375,1199.59375,0.15625,3.615174e+00,4.238859e-02,3.572785e+00
1199.59375,1199.75,0.15625,3.472700e+00,4.238859e-02,3.430312e+00
1199.75,1199.90625,0.15625,3.334974e+00,4.238859e-02,3.292585e+00
1199.90625,1200.0625,0.15625,3.214126e+00,4.238859e-02,3.171737e+00
1200.0625,1200.21875,0.15625,3.113730e+00,4.238859e-02,3.071342e+00
1200.21875,1200.375,0.15625,3.031150e+00,4.238859e-02,2.988761e+00
1200.375,1200.53125,0.15625,2.961474e+00,4.238859e-02,2.919086e+00
1200.53125,1200.6875,0.15625,2.901184e+00,4.238859e-02,2.858795e+00
1200.6875,1200.84375,0.15625,2.849934e+00,4.238859e-02,2.807546e+00
1200.84375,1201,0.15625,2.809885e+00,4.238859e-02,2.767497e+00
1201,1201.15625,0.15625,2.783297e+00,4.238859e-02,2.740908e+00
1201.15625,1201.3125,0.15625,2.770041e+00,4.238859e-02,2.727653e+00
1201.3125,1201.46875,0.15625,2.766688e+00,4.238859e-02,2.724299e+00
1201.46875,1201.625,0.15625,2.766688e+00,4.238859e-02,2.724299e+00
1201.625,1201.78125,0.15625,2.767946e+00,4.238859e-02,2.725557e+00
1201.78125,1201.9375,0.15625,2.769878e+00,4.238859e-02,2.727489e+00
1201.9375,1202.09375,0.15625,2.773225e+00,4.238859e-02,2.730836e+00
1202.09375,1202.25,0.15625,2.784958e+00,4.238859e-02,2.742569e+00
1202.25,1202.40625,0.15625,2.816898e+00,4.238859e-02,2.774510e+00
1202.40625,1202.5625,0.15625,2.881644e+00,4.238859e-02,2.839255e+00
1202.5625,1202.71875,0.15625,2.987285e+00,4.238859e-02,2.944896e+00
1202.71875,1202.875,0.15625,3.133017e+00,4.238859e-02,3.090629e+00
1202.875,1203.03125,0.15625,3.307422e+00,4.238859e-02,3.265034e+00
1203.03125,1203.1875,0.15625,3.490121e+00,4.238859e-02,3.447732e+00
1203.1875,1203.34375,0.15625,3.656271e+00,4.238859e-02,3.613883e+00
1203.34375,1203.5,0.15625,3.782433e+00,4.238859e-02,3.740045e+00
1203.5,1203.65625,0.15625,3.851961e+00,4.238859e-02,3.809573e+00
1203.65625,1203.8125,0.15625,3.805931e+00,4.238859e-02,3.763543e+00
1203.8125,1203.96875,0.15625,3.707052e+00,4.238859e-02,3.664663e+00
1203.96875,1204.125,0.15625,3.577961e+00,4.238859e-02,3.535572e+00
1204.125,1204.28125,0.15625,3.433395e+00,4.238859e-02,3.391007e+00
1204.28125,1204.4375,0.15625,3.282404e+00,4.238859e-02,3.240015e+00
1204.4375,1204.59375,0.15625,3.126567e+00,4.238859e-02,3.084179e+00
1204.59375,1204.75,0.15625,2.961329e+00,4.238859e-02,2.918940e+00
1204.75,1204.90625,0.15625,2.780023e+00,4.238859e-02,2.737635e+00
1204.90625,1205.0625,0.15625,2.579124e+00,4.238859e-02,2.536735e+00
1205.0625,1205.21875,0.15625,2.362697e+00,4.238859e-02,2.320309e+00
1205.21875,1205.375,0.15625,2.144228e+00,4.238859e-02,2.101840e+00
1205.375,1205.53125,0.15625,1.944920e+00,4.238859e-02,1.902531e+00
1205.53125,1205.6875,0.15625,1.788804e+00,4.238859e-02,1.746415e+00
1205.6875,1205.84375,0.15625,1.696163e+00,4.238859e-02,1.653774e+00
1205.84375,1206,0.15625,1.677342e+00,4.238859e-02,1.634953e+00
1206,1206.15625,0.15625,1.677342e+00,4.238859e-02,1.634953e+00
1206.15625,1206.3125,0.15625,1.728975e+00,4.238859e-02,1.686587e+00
1206.3125,1206.46875,0.15625,1.833960e+00,4.238859e-02,1.791571e+00
1206.46875,1206.625,0.15625,1.965399e+00,4.238859e-02,1.923011e+00
1206.625,1206.78125,0.15625,2.093612e+00,4.238859e-02,2.051224e+00
1206.78125,1206.9375,0.15625,2.194309e+00,4.238859e-02,2.151921e+00
1206.9375,1207.09375,0.15625,2.255605e+00,4.238859e-02,2.213217e+00
1207.09375,1207.25,0.15625,2.281749e+00,4.238859e-02,2.239360e+00
1207.25,1207.40625,0.15625,2.292302e+00,4.238859e-02,2.249913e+00
1207.40625,1207.5625,0.15625,2.316837e+00,4.238859e-02,2.274449e+00
1207.5625,1207.71875,0.15625,2.386561e+00,4.238859e-02,2.344173e+00
1207.71875,1207.875,0.15625,2.525215e+00,4.238859e-02,2.482827e+00
1207.875,1208.03125,0.15625,2.741850e+00,4.238859e-02,2.699462e+00
1208.03125,1208.1875,0.15625,3.027504e+00,4.238859e-02,2.985115e+00
1208.1875,1208.34375,0.15625,3.356629e+00,4.238859e-02,3.314240e+00
1208.34375,1208.5,0.15625,3.692736e+00,4.238859e-02,3.650347e+00
1208.5,1208.65625,0.15625,3.996501e+00,4.238859e-02,3.954113e+00
1208.65625,1208.8125,0.15625,4.233971e+00,4.238859e-02,4.191583e+00
1208.8125,1208.96875,0.15625,4.382621e+00,4.238859e-02,4.340233e+00
1208.96875,1209.125,0.15625,4.391829e+00,4.238859e-02,4.349441e+00
1209.125,1209.28125,0.15625,4.269637e+00,4.238859e-02,4.227249e+00
1209.28125,1209.4375,0.15625,4.084807e+00,4.238859e-02,4.042418e+00
1209.4375,1209.59375,0.15625,3.855838e+00,4.238859e-02,3.813450e+00
1209.59375,1209.75,0.15625,3.600873e+00,4.238859e-02,3.558485e+00
1209.75,1209.90625,0.15625,3.338305e+00,4.238859e-02,3.295917e+00
1209.90625,1210.0625,0.15625,3.088130e+00,4.238859e-02,3.045742e+00
1210.0625,1210.21875,0.15625,2.872429e+00,4.238859e-02,2.830040e+00
1210.21875,1210.375,0.15625,2.713815e+00,4.238859e-02,2.671427e+00
1210.375,1210.53125,0.15625,2.631732e+00,4.238859e-02,2.589343e+00
1210.53125,1210.6875,0.15625,2.631732e+00,4.238859e-02,2.589343e+00
1210.6875,1210.84375,0.15625,2.637616e+00,4.238859e-02,2.595228e+00
1210.84375,1211,0.15625,2.730667e+00,4.238859e-02,2.688278e+00
1211,1211.15625,0.15625,2.895902e+00,4.238859e-02,2.853513e+00
1211.15625,1211.3125,0.15625,3.105458e+00,4.238859e-02,3.063069e+00
1211.3125,1211.46875,0.15625,3.323033e+00,4.238859e-02,3.280644e+00
1211.46875,1211.625,0.15625,3.510425e+00,4.238859e-02,3.468036e+00
1211.625,1211.78125,0.15625,3.634620e+00,4.238859e-02,3.592231e+00
1211.78125,1211.9375,0.15625,3.621537e+00,4.238859e-02,3.579149e+00
1211.9375,1212.09375,0.15625,3.487003e+00,4.238859e-02,3.444614e+00
1212.09375,1212.25,0.15625,3.293403e+00,4.238859e-02,3.251014e+00
1212.25,1212.40625,0.15625,3.072559e+00,4.238859e-02,3.030170e+00
1212.40625,1212.5625,0.15625,2.857973e+00,4.238859e-02,2.815584e+00
1212.5625,1212.71875,0.15625,2.677352e+00,4.238859e-02,2.634963e+00
1212.71875,1212.875,0.15625,2.546452e+00,4.238859e-02,2.504064e+00
1212.875,1213.03125,0.15625,2.465981e+00,4.238859e-02,2.423593e+00
1213.03125,1213.1875,0.15625,2.422610e+00,4.238859e-02,2.380221e+00
1213.1875,1213.34375,0.15625,2.394026e+00,4.238859e-02,2.351637e+00
1213.34375,1213.5,0.15625,2.356660e+00,4.238859e-02,2.314272e+00
1213.5,1213.65625,0.15625,2.293788e+00,4.238859e-02,2.251400e+00
1213.65625,1213.8125,0.15625,2.201502e+00,4.238859e-02,2.159113e+00
1213.8125,1213.96875,0.15625,2.090707e+00,4.238859e-02,2.048319e+00
1213.96875,1214.125,0.15625,1.984589e+00,4.238859e-02,1.942200e+00
1214.125,1214.28125,0.15625,1.912391e+00,4.238859e-02,1.870002e+00
1214.28125,1214.4375,0.15625,1.901484e+00,4.238859e-02,1.859095e+00
1214.4375,1214.59375,0.15625,1.901484e+00,4.238859e-02,1.859095e+00
1214.59375,1214.75,0.15625,1.970052e+00,4.238859e-02,1.927663e+00
1214.75,1214.90625,0.15625,2.122387e+00,4.238859e-02,2.079998e+00
1214.90625,1215.0625,0.15625,2.347848e+00,4.238859e-02,2.305459e+00
1215.0625,1215.21875,0.15625,2.623437e+00,4.238859e-02,2.581049e+00
1215.21875,1215.375,0.15625,2.918946e+00,4.238859e-02,2.876557e+00
1215.375,1215.53125,0.15625,3.203109e+00,4.238859e-02,3.160720e+00
1215.53125,1215.6875,0.15625,3.449167e+00,4.238859e-02,3.406779e+00
1215.6875,1215.84375,0.15625,3.638657e+00,4.238859e-02,3.596269e+00
1215.84375,1216,0.15625,3.762865e+00,4.238859e-02,3.720477e+00
1216,1216.15625,0.15625,3.822027e+00,4.238859e-02,3.779638e+00
1216.15625,1216.3125,0.15625,3.774791e+00,4.238859e-02,3.732403e+00
1216.3125,1216.46875,0.15625,3.687152e+00,4.238859e-02,3.644764e+00
1216.46875,1216.625,0.15625,3.566058e+00,4.238859e-02,3.523670e+00
1216.625,1216.78125,0.15625,3.413959e+00,4.238859e-02,3.371571e+00
1216.78125,1216.9375,0.15625,3.230879e+00,4.238859e-02,3.188490e+00
1216.9375,1217.09375,0.15625,3.017477e+00,4.238859e-02,2.975089e+00
1217.09375,1217.25,0.15625,2.778876e+00,4.238859e-02,2.736488e+00
1217.25,1217.40625,0.15625,2.527800e+00,4.238859e-02,2.485411e+00
1217.40625,1217.5625,0.15625,2.285630e+00,4.238859e-02,2.243242e+00
1217.5625,1217.71875,0.15625,2.080595e+00,4.238859e-02,2.038206e+00
1217.71875,1217.875,0.15625,1.943201e+00,4.238859e-02,1.900812e+00
1217.875,1218.03125,0.15625,1.899974e+00,4.238859e-02,1.857585e+00
1218.03125,1218.1875,0.15625,1.899974e+00,4.238859e-02,1.857585e+00
1218.1875,1218.34375,0.15625,1.967093e+00,4.238859e-02,1.924704e+00
1218.34375,1218.5,0.15625,2.145602e+00,4.238859e-02,2.103214e+00
1218.5,1218.65625,0.15625,2.419491e+00,4.238859e-02,2.377102e+00
1218.65625,1218.8125,0.15625,2.757260e+00,4.238859e-02,2.714871e+00
1218.8125,1218.96875,0.15625,3.116814e+00,4.238859e-02,3.074425e+00
1218.96875,1219.125,0.15625,3.452781e+00,4.238859e-02,3.410392e+00
1219.125,1219.28125,0.15625,3.724788e+00,4.238859e-02,3.682400e+00
1219.28125,1219.4375,0.15625,3.904921e+00,4.238859e-02,3.862532e+00
1219.4375,1219.59375,0.15625,3.966109e+00,4.238859e-02,3.923720e+00
1219.59375,1219.75,0.15625,3.879088e+00,4.238859e-02,3.836699e+00
1219.75,1219.90625,0.15625,3.754882e+00,4.238859e-02,3.712494e+00
1219.90625,1220.0625,0.15625,3.628162e+00,4.238859e-02,3.585774e+00
1220.0625,1220.21875,0.15625,3.527246e+00,4.238859e-02,3.484857e+00
1220.21875,1220.375,0.15625,3.468644e+00,4.238859e-02,3.426256e+00
1220.375,1220.53125,0.15625,3.455077e+00,4.238859e-02,3.412689e+00
1220.53125,1220.6875,0.15625,3.455077e+00,4.238859e-02,3.412689e+00
1220.6875,1220.84375,0.15625,3.477032e+00,4.238859e-02,3.434643e+00
1220.84375,1221,0.15625,3.516920e+00,4.238859e-02,3.474532e+00
1221,1221.15625,0.15625,3.554351e+00,4.238859e-02,3.511962e+00
1221.15625,1221.3125,0.15625,3.554681e+00,4.238859e-02,3.512292e+00
1221.3125,1221.46875,0.15625,3.500540e+00,4.238859e-02,3.458152e+00
1221.46875,1221.625,0.15625,3.412074e+00,4.238859e-02,3.369686e+00
1221.625,1221.78125,0.15625,3.299289e+00,4.238859e-02,3.256900e+00
1221.78125,1221.9375,0.15625,3.175823e+00,4.238859e-02,3.133434e+00
1221.9375,1222.09375,0.15625,3.054932e+00,4.238859e-02,3.012543e+00
1222.09375,1222.25,0.15625,2.945301e+00,4.238859e-02,2.902912e+00
1222.25,1222.40625,0.15625,2.847970e+00,4.238859e-02,2.805581e+00
1222.40625,1222.5625,0.15625,2.755625e+00,4.238859e-02,2.713236e+00
1222.5625,1222.71875,0.15625,2.654886e+00,4.238859e-02,2.612497e+00
1222.71875,1222.875,0.15625,2.531168e+00,4.238859e-02,2.488780e+00
1222.875,1223.03125,0.15625,2.374635e+00,4.238859e-02,2.332247e+00
1223.03125,1223.1875,0.15625,2.185224e+00,4.238859e-02,2.142836e+00
1223.1875,1223.34375,0.15625,1.974983e+00,4.238859e-02,1.932594e+00
1223.34375,1223.5,0.15625,1.766872e+00,4.238859e-02,1.724484e+00
1223.5,1223.65625,0.15625,1.590384e+00,4.238859e-02,1.547996e+00
1223.65625,1223.8125,0.15625,1.475257e+00,4.238859e-02,1.432869e+00
1223.8125,1223.96875,0.15625,1.445033e+00,4.238859e-02,1.402645e+00
1223.96875,1224.125,0.15625,1.445033e+00,4.238859e-02,1.402645e+00
1224.125,1224.28125,0.15625,1.512011e+00,4.238859e-02,1.469623e+00
1224.28125,1224.4375,0.15625,1.674651e+00,4.238859e-02,1.632262e+00
1224.4375,1224.59375,0.15625,1.917766e+00,4.238859e-02,1.875378e+00
1224.59375,1224.75,0.15625,2.215227e+00,4.238859e-02,2.172839e+00
1224.75,1224.90625,0.15625,2.534393e+00,4.238859e-02,2.492004e+00
1224.90625,1225.0625,0.15625,2.841256e+00,4.238859e-02,2.798867e+00
1225.0625,1225.21875,0.15625,3.105299e+00,4.238859e-02,3.062910e+00
1225.21875,1225.375,0.15625,3.303318e+00,4.238859e-02,3.260929e+00
1225.375,1225.53125,0.15625,3.421901e+00,4.238859e-02,3.379513e+00
1225.53125,1225.6875,0.15625,3.422032e+00,4.238859e-02,3.379643e+00
1225.6875,1225.84375,0.15625,3.330836e+00,4.238859e-02,3.288447e+00
1225.84375,1226,0.15625,3.211604e+00,4.238859e-02,3.169216e+00
1226,1226.15625,0.15625,3.095320e+00,4.238859e-02,3.052931e+00
1226.15625,1226.3125,0.15625,3.012549e+00,4.238859e-02,2.970161e+00
1226.3125,1226.46875,0.15625,2.987979e+00,4.238859e-02,2.945590e+00
1226.46875,1226.625,0.15625,2.987979e+00,4.238859e-02,2.945590e+00
1226.625,1226.78125,0.15625,3.035515e+00,4.238859e-02,2.993126e+00
1226.78125,1226.9375,0.15625,3.155330e+00,4.238859e-02,3.112942e+00
1226.9375,1227.09375,0.15625,3.333874e+00,4.238859e-02,3.291486e+00
1227.09375,1227.25,0.15625,3.546978e+00,4.238859e-02,3.504590e+00
1227.25,1227.40625,0.15625,3.765200e+00,4.238859e-02,3.722811e+00
1227.40625,1227.5625,0.15625,3.959843e+00,4.238859e-02,3.917454e+00
1227.5625,1227.71875,0.15625,4.107956e+00,4.238859e-02,4.065567e+00
1227.71875,1227.875,0.15625,4.195080e+00,4.238859e-02,4.152692e+00
1227.875,1228.03125,0.15625,4.169643e+00,4.238859e-02,4.127254e+00
1228.03125,1228.1875,0.15625,4.062448e+00,4.238859e-02,4.020059e+00
1228.1875,1228.34375,0.15625,3.899686e+00,4.238859e-02,3.857298e+00
1228.34375,1228.5,0.15625,3.687628e+00,4.238859e-02,3.645240e+00
1228.5,1228.65625,0.15625,3.433740e+00,4.238859e-02,3.391352e+00
1228.65625,1228.8125,0.15625,3.148707e+00,4.238859e-02,3.106318e+00
1228.8125,1228.96875,0.15625,2.848455e+00,4.238859e-02,2.806066e+00
1228.96875,1229.125,0.15625,2.554828e+00,4.238859e-02,2.512439e+00
1229.125,1229.28125,0.15625,2.294001e+00,4.238859e-02,2.251612e+00
1229.28125,1229.4375,0.15625,2.092612e+00,4.238859e-02,2.050223e+00
1229.4375,1229.59375,0.15625,1.972555e+00,4.238859e-02,1.930166e+00
1229.59375,1229.75,0.15625,1.946017e+00,4.238859e-02,1.903629e+00
1229.75,1229.90625,0.15625,1.946017e+00,4.238859e-02,1.903629e+00
1229.90625,1230.0625,0.15625,2.012409e+00,4.238859e-02,1.970021e+00
1230.0625,1230.21875,0.15625,2.158275e+00,4.238859e-02,2.115886e+00
1230.21875,1230.375,0.15625,2.360290e+00,4.238859e-02,2.317901e+00
1230.375,1230.53125,0.15625,2.590429e+00,4.238859e-02,2.548040e+00
1230.53125,1230.6875,0.15625,2.821704e+00,4.238859e-02,2.779316e+00
1230.6875,1230.84375,0.15625,3.032795e+00,4.238859e-02,2.990407e+00
1230.84375,1231,0.15625,3.210414e+00,4.238859e-02,3.168026e+00
1231,1231.15625,0.15625,3.349170e+00,4.238859e-02,3.306781e+00
1231.15625,1231.3125,0.15625,3.449526e+00,4.238859e-02,3.407138e+00
1231.3125,1231.46875,0.15625,3.514939e+00,4.238859e-02,3.472550e+00
1231.46875,1231.625,0.15625,3.549180e+00,4.238859e-02,3.506792e+00
1231.625,1231.78125,0.15625,3.530629e+00,4.238859e-02,3.488240e+00
1231.78125,1231.9375,0.15625,3.475089e+00,4.238859e-02,3.432701e+00
1231.9375,1232.09375,0.15625,3.383911e+00,4.238859e-02,3.341523e+00
1232.09375,1232.25,0.15625,3.253595e+00,4.238859e-02,3.211206e+00
1232.25,1232.40625,0.15625,3.083616e+00,4.238859e-02,3.041227e+00
1232.40625,1232.5625,0.15625,2.879085e+00,4.238859e-02,2.836696e+00
1232.5625,1232.71875,0.15625,2.652575e+00,4.238859e-02,2.610186e+00
1232.71875,1232.875,0.15625,2.424075e+00,4.238859e-02,2.381686e+00
1232.875,1233.03125,0.15625,2.218466e+00,4.238859e-02,2.176078e+00
1233.03125,1233.1875,0.15625,2.060765e+00,4.238859e-02,2.018377e+00
1233.1875,1233.34375,0.15625,1.970351e+00,4.238859e-02,1.927962e+00
1233.34375,1233.5,0.15625,1.955988e+00,4.238859e-02,1.913599e+00
1233.5,1233.65625,0.15625,1.955988e+00,4.238859e-02,1.913599e+00
1233.65625,1233.8125,0.15625,2.013408e+00,4.238859e-02,1.971019e+00
1233.8125,1233.96875,0.15625,2.126468e+00,4.238859e-02,2.084079e+00
1233.96875,1234.125,0.15625,2.271683e+00,4.238859e-02,2.229294e+00
1234.125,1234.28125,0.15625,2.424730e+00,4.238859e-02,2.382342e+00
1234.28125,1234.4375,0.15625,2.566788e+00,4.238859e-02,2.524400e+00
1234.4375,1234.59375,0.15625,2.688591e+00,4.238859e-02,2.646203e+00
1234.59375,1234.75,0.15625,2.790968e+00,4.238859e-02,2.748580e+00
1234.75,1234.90625,0.15625,2.881929e+00,4.238859e-02,2.839541e+00
1234.90625,1235.0625,0.15625,2.971637e+00,4.238859e-02,2.929249e+00
1235.0625,1235.21875,0.15625,3.067258e+00,4.238859e-02,3.024870e+00
1235.21875,1235.375,0.15625,3.169492e+00,4.238859e-02,3.127104e+00
1235.375,1235.53125,0.15625,3.271706e+00,4.238859e-02,3.229317e+00
1235.53125,1235.6875,0.15625,3.361526e+00,4.238859e-02,3.319137e+00
1235.6875,1235.84375,0.15625,3.423971e+00,4.238859e-02,3.381582e+00
1235.84375,1236,0.15625,3.415091e+00,4.238859e-02,3.372702e+00
1236,1236.15625,0.15625,3.331369e+00,4.238859e-02,3.288981e+00
1236.15625,1236.3125,0.15625,3.200060e+00,4.238859e-02,3.157671e+00
1236.3125,1236.46875,0.15625,3.037070e+00,4.238859e-02,2.994681e+00
1236.46875,1236.625,0.15625,2.867334e+00,4.238859e-02,2.824945e+00
1236.625,1236.78125,0.15625,2.721993e+00,4.238859e-02,2.679605e+00
1236.78125,1236.9375,0.15625,2.633345e+00,4.238859e-02,2.590956e+00
1236.9375,1237.09375,0.15625,2.628237e+00,4.238859e-02,2.585848e+00
1237.09375,1237.25,0.15625,2.628237e+00,4.238859e-02,2.585848e+00
1237.25,1237.40625,0.15625,2.721414e+00,4.238859e-02,2.679025e+00
1237.40625,1237.5625,0.15625,2.910732e+00,4.238859e-02,2.868343e+00
1237.5625,1237.71875,0.15625,3.175939e+00,4.238859e-02,3.133551e+00
1237.71875,1237.875,0.15625,3.481801e+00,4.238859e-02,3.439413e+00
1237.875,1238.03125,0.15625,3.785047e+00,4.238859e-02,3.742659e+00
1238.03125,1238.1875,0.15625,4.043399e+00,4.238859e-02,4.001011e+00
1238.1875,1238.34375,0.15625,4.224208e+00,4.238859e-02,4.181819e+00
1238.34375,1238.5,0.15625,4.301470e+00,4.238859e-02,4.259082e+00
1238.5,1238.65625,0.15625,4.211724e+00,4.238859e-02,4.169336e+00
1238.65625,1238.8125,0.15625,4.063301e+00,4.238859e-02,4.020913e+00
1238.8125,1238.96875,0.15625,3.880088e+00,4.238859e-02,3.837699e+00
1238.96875,1239.125,0.15625,3.682496e+00,4.238859e-02,3.640107e+00
1239.125,1239.28125,0.15625,3.485234e+00,4.238859e-02,3.442845e+00
1239.28125,1239.4375,0.15625,3.297891e+00,4.238859e-02,3.255503e+00
1239.4375,1239.59375,0.15625,3.127024e+00,4.238859e-02,3.084635e+00
1239.59375,1239.75,0.15625,2.977911e+00,4.238859e-02,2.935522e+00
1239.75,1239.90625,0.15625,2.854648e+00,4.238859e-02,2.812259e+00
1239.90625,1240.0625,0.15625,2.758422e+00,4.238859e-02,2.716033e+00
1240.0625,1240.21875,0.15625,2.685076e+00,4.238859e-02,2.642687e+00
1240.21875,1240.375,0.15625,2.623699e+00,4.238859e-02,2.581311e+00
1240.375,1240.53125,0.15625,2.557666e+00,4.238859e-02,2.515277e+00
1240.53125,1240.6875,0.15625,2.468429e+00,4.238859e-02,2.426041e+00
1240.6875,1240.84375,0.15625,2.341084e+00,4.238859e-02,2.298695e+00
1240.84375,1241,0.15625,2.169799e+00,4.238859e-02,2.127410e+00
1241,1241.15625,0.15625,1.961234e+00,4.238859e-02,1.918845e+00
1241.15625,1241.3125,0.15625,1.734795e+00,4.238859e-02,1.692407e+00
1241.3125,1241.46875,0.15625,1.519719e+00,4.238859e-02,1.477330e+00
1241.46875,1241.625,0.15625,1.349931e+00,4.238859e-02,1.307542e+00
1241.625,1241.78125,0.15625,1.258034e+00,4.238859e-02,1.215646e+00
1241.78125,1241.9375,0.15625,1.258034e+00,4.238859e-02,1.215646e+00
1241.9375,1242.09375,0.15625,1.269650e+00,4.238859e-02,1.227261e+00
1242.09375,1242.25,0.15625,1.398876e+00,4.238859e-02,1.356487e+00
1242.25,1242.40625,0.15625,1.645282e+00,4.238859e-02,1.602893e+00
1242.40625,1242.5625,0.15625,1.992671e+00,4.238859e-02,1.950282e+00
1242.5625,1242.71875,0.15625,2.409933e+00,4.238859e-02,2.367544e+00
1242.71875,1242.875,0.15625,2.854319e+00,4.238859e-02,2.811931e+00
1242.875,1243.03125,0.15625,3.277218e+00,4.238859e-02,3.234830e+00
1243.03125,1243.1875,0.15625,3.631901e+00,4.238859e-02,3.589512e+00
1243.1875,1243.34375,0.15625,3.881935e+00,4.238859e-02,3.839547e+00
1243.34375,1243.5,0.15625,4.008351e+00,4.238859e-02,3.965962e+00
1243.5,1243.65625,0.15625,3.920642e+00,4.238859e-02,3.878254e+00
1243.65625,1243.8125,0.15625,3.767937e+00,4.238859e-02,3.725548e+00
1243.8125,1243.96875,0.15625,3.600029e+00,4.238859e-02,3.557640e+00
1243.96875,1244.125,0.15625,3.457630e+00,4.238859e-02,3.415242e+00
1244.125,1244.28125,0.15625,3.368925e+00,4.238859e-02,3.326536e+00
1244.28125,1244.4375,0.15625,3.344538e+00,4.238859e-02,3.302149e+00
1244.4375,1244.59375,0.15625,3.344538e+00,4.238859e-02,3.302149e+00
1244.59375,1244.75,0.15625,3.377053e+00,4.238859e-02,3.334665e+00
1244.75,1244.90625,0.15625,3.444638e+00,4.238859e-02,3.402250e+00
1244.90625,1245.0625,0.15625,3.517302e+00,4.238859e-02,3.474914e+00
1245.0625,1245.21875,0.15625,3.558797e+00,4.238859e-02,3.516408e+00
1245.21875,1245.375,0.15625,3.485931e+00,4.238859e-02,3.443543e+00
1245.375,1245.53125,0.15625,3.342227e+00,4.238859e-02,3.299838e+00
1245.53125,1245.6875,0.15625,3.138072e+00,4.238859e-02,3.095683e+00
1245.6875,1245.84375,0.15625,2.896241e+00,4.238859e-02,2.853852e+00
1245.84375,1246,0.15625,2.648797e+00,4.238859e-02,2.606409e+00
1246,1246.15625,0.15625,2.432192e+00,4.238859e-02,2.389803e+00
1246.15625,1246.3125,0.15625,2.281096e+00,4.238859e-02,2.238707e+00
1246.3125,1246.46875,0.15625,2.222001e+00,4.238859e-02,2.179612e+00
1246.46875,1246.625,0.15625,2.222001e+00,4.238859e-02,2.179612e+00
1246.625,1246.78125,0.15625,2.267934e+00,4.238859e-02,2.225546e+00
1246.78125,1246.9375,0.15625,2.415577e+00,4.238859e-02,2.373189e+00
1246.9375,1247.09375,0.15625,2.645584e+00,4.238859e-02,2.603195e+00
1247.09375,1247.25,0.15625,2.926109e+00,4.238859e-02,2.883720e+00
1247.25,1247.40625,0.15625,3.218766e+00,4.238859e-02,3.176378e+00
1247.40625,1247.5625,0.15625,3.485659e+00,4.238859e-02,3.443270e+00
1247.5625,1247.71875,0.15625,3.695917e+00,4.238859e-02,3.653529e+00
1247.71875,1247.875,0.15625,3.830390e+00,4.238859e-02,3.788001e+00
1247.875,1248.03125,0.15625,3.862517e+00,4.238859e-02,3.820128e+00
1248.03125,1248.1875,0.15625,3.783139e+00,4.238859e-02,3.740750e+00
1248.1875,1248.34375,0.15625,3.664981e+00,4.238859e-02,3.622593e+00
1248.34375,1248.5,0.15625,3.525922e+00,4.238859e-02,3.483533e+00
1248.5,1248.65625,0.15625,3.378393e+00,4.238859e-02,3.336004e+00
1248.65625,1248.8125,0.15625,3.228262e+00,4.238859e-02,3.185874e+00
1248.8125,1248.96875,0.15625,3.076611e+00,4.238859e-02,3.034222e+00
1248.96875,1249.125,0.15625,2.923542e+00,4.238859e-02,2.881153e+00
1249.125,1249.28125,0.15625,2.772300e+00,4.238859e-02,2.729912e+00
1249.28125,1249.4375,0.15625,2.631774e+00,4.238859e-02,2.589385e+00
1249.4375,1249.59375,0.15625,2.516094e+00,4.238859e-02,2.473705e+00
1249.59375,1249.75,0.15625,2.441301e+00,4.238859e-02,2.398912e+00
1249.75,1249.90625,0.15625,2.420335e+00,4.238859e-02,2.377946e+00
1249.90625,1250.0625,0.15625,2.420335e+00,4.238859e-02,2.377946e+00
1250.0625,1250.21875,0.15625,2.458357e+00,4.238859e-02,2.415969e+00
1250.21875,1250.375,0.15625,2.550250e+00,4.238859e-02,2.507861e+00
1250.375,1250.53125,0.15625,2.681184e+00,4.238859e-02,2.638795e+00
1250.53125,1250.6875,0.15625,2.829829e+00,4.238859e-02,2.787441e+00
1250.6875,1250.84375,0.15625,2.972790e+00,4.238859e-02,2.930402e+00
1250.84375,1251,0.15625,3.088595e+00,4.238859e-02,3.046206e+00
1251,1251.15625,0.15625,3.160132e+00,4.238859e-02,3.117743e+00
1251.15625,1251.3125,0.15625,3.127542e+00,4.238859e-02,3.085153e+00
1251.3125,1251.46875,0.15625,3.014508e+00,4.238859e-02,2.972120e+00
1251.46875,1251.625,0.15625,2.840111e+00,4.238859e-02,2.797723e+00
1251.625,1251.78125,0.15625,2.615125e+00,4.238859e-02,2.572736e+00
1251.78125,1251.9375,0.15625,2.358256e+00,4.238859e-02,2.315868e+00
1251.9375,1252.09375,0.15625,2.095710e+00,4.238859e-02,2.053322e+00
1252.09375,1252.25,0.15625,1.858746e+00,4.238859e-02,1.816357e+00
1252.25,1252.40625,0.15625,1.679371e+00,4.238859e-02,1.636982e+00
1252.40625,1252.5625,0.15625,1.585047e+00,4.238859e-02,1.542658e+00
1252.5625,1252.71875,0.15625,1.585047e+00,4.238859e-02,1.542658e+00
1252.71875,1252.875,0.15625,1.593687e+00,4.238859e-02,1.551299e+00
1252.875,1253.03125,0.15625,1.710178e+00,4.238859e-02,1.667790e+00
1253.03125,1253.1875,0.15625,1.925252e+00,4.238859e-02,1.882864e+00
1253.1875,1253.34375,0.15625,2.216966e+00,4.238859e-02,2.174577e+00
1253.34375,1253.5,0.15625,2.554435e+00,4.238859e-02,2.512047e+00
1253.5,1253.65625,0.15625,2.903023e+00,4.238859e-02,2.860635e+00
1253.65625,1253.8125,0.15625,3.229920e+00,4.238859e-02,3.187532e+00
1253.8125,1253.96875,0.15625,3.509040e+00,4.238859e-02,3.466651e+00
1253.96875,1254.125,0.15625,3.724368e+00,4.238859e-02,3.681979e+00
1254.125,1254.28125,0.15625,3.871287e+00,4.238859e-02,3.828898e+00
1254.28125,1254.4375,0.15625,3.955777e+00,4.238859e-02,3.913389e+00
1254.4375,1254.59375,0.15625,3.991796e+00,4.238859e-02,3.949407e+00
1254.59375,1254.75,0.15625,3.990284e+00,4.238859e-02,3.947895e+00
1254.75,1254.90625,0.15625,3.983900e+00,4.238859e-02,3.941511e+00
1254.90625,1255.0625,0.15625,3.983900e+00,4.238859e-02,3.941511e+00
1255.0625,1255.21875,0.15625,3.984485e+00,4.238859e-02,3.942096e+00
1255.21875,1255.375,0.15625,3.990118e+00,4.238859e-02,3.947729e+00
1255.375,1255.53125,0.15625,3.975996e+00,4.238859e-02,3.933607e+00
1255.53125,1255.6875,0.15625,3.929229e+00,4.238859e-02,3.886841e+00
1255.6875,1255.84375,0.15625,3.841698e+00,4.238859e-02,3.799310e+00
1255.84375,1256,0.15625,3.710996e+00,4.238859e-02,3.668607e+00
1256,1256.15625,0.15625,3.543774e+00,4.238859e-02,3.501385e+00
1256.15625,1256.3125,0.15625,3.355168e+00,4.238859e-02,3.312780e+00
1256.3125,1256.46875,0.15625,3.165845e+00,4.238859e-02,3.123457e+00
1256.46875,1256.625,0.15625,2.997272e+00,4.238859e-02,2.954883e+00
1256.625,1256.78125,0.15625,2.866476e+00,4.238859e-02,2.824087e+00
1256.78125,1256.9375,0.15625,2.781936e+00,4.238859e-02,2.739548e+00
1256.9375,1257.09375,0.15625,2.742026e+00,4.238859e-02,2.699637e+00
1257.09375,1257.25,0.15625,2.736589e+00,4.238859e-02,2.694200e+00
1257.25,1257.40625,0.15625,2.736589e+00,4.238859e-02,2.694200e+00
1257.40625,1257.5625,0.15625,2.751023e+00,4.238859e-02,2.708634e+00
1257.5625,1257.71875,0.15625,2.771202e+00,4.238859e-02,2.728814e+00
1257.71875,1257.875,0.15625,2.787238e+00,4.238859e-02,2.744850e+00
1257.875,1258.03125,0.15625,2.792851e+00,4.238859e-02,2.750463e+00
1258.03125,1258.1875,0.15625,2.781990e+00,4.238859e-02,2.739601e+00
1258.1875,1258.34375,0.15625,2.760350e+00,4.238859e-02,2.717962e+00
1258.34375,1258.5,0.15625,2.723695e+00,4.238859e-02,2.681307e+00
1258.5,1258.65625,0.15625,2.667222e+00,4.238859e-02,2.624833e+00
1258.65625,1258.8125,0.15625,2.589153e+00,4.238859e-02,2.546764e+00
1258.8125,1258.96875,0.15625,2.494044e+00,4.238859e-02,2.451655e+00
1258.96875,1259.125,0.15625,2.393871e+00,4.238859e-02,2.351483e+00
1259.125,1259.28125,0.15625,2.305907e+00,4.238859e-02,2.263519e+00
1259.28125,1259.4375,0.15625,2.247897e+00,4.238859e-02,2.205509e+00
1259.4375,1259.59375,0.15625,2.232354e+00,4.238859e-02,2.189966e+00
1259.59375,1259.75,0.15625,2.232354e+00,4.238859e-02,2.189966e+00
1259.75,1259.90625,0.15625,2.262309e+00,4.238859e-02,2.219920e+00
1259.90625,1260.0625,0.15625,2.330324e+00,4.238859e-02,2.287935e+00
1260.0625,1260.21875,0.15625,2.421260e+00,4.238859e-02,2.378872e+00
1260.21875,1260.375,0.15625,2.517716e+00,4.238859e-02,2.475327e+00
1260.375,1260.53125,0.15625,2.605976e+00,4.238859e-02,2.563587e+00
1260.53125,1260.6875,0.15625,2.680136e+00,4.238859e-02,2.637748e+00
1260.6875,1260.84375,0.15625,2.742900e+00,4.238859e-02,2.700511e+00
1260.84375,1261,0.15625,2.802985e+00,4.238859e-02,2.760596e+00
1261,1261.15625,0.15625,2.870471e+00,4.238859e-02,2.828083e+00
1261.15625,1261.3125,0.15625,2.952126e+00,4.238859e-02,2.909737e+00
1261.3125,1261.46875,0.15625,3.048528e+00,4.238859e-02,3.006139e+00
1261.46875,1261.625,0.15625,3.153824e+00,4.238859e-02,3.111435e+00
1261.625,1261.78125,0.15625,3.257767e+00,4.238859e-02,3.215378e+00
1261.78125,1261.9375,0.15625,3.348867e+00,4.238859e-02,3.306478e+00
1261.9375,1262.09375,0.15625,3.417369e+00,4.238859e-02,3.374980e+00
1262.09375,1262.25,0.15625,3.457218e+00,4.238859e-02,3.414830e+00
1262.25,1262.40625,0.15625,3.448721e+00,4.238859e-02,3.406333e+00
1262.40625,1262.5625,0.15625,3.408788e+00,4.238859e-02,3.366399e+00
1262.5625,1262.71875,0.15625,3.354624e+00,4.238859e-02,3.312235e+00
1262.71875,1262.875,0.15625,3.293838e+00,4.238859e-02,3.251450e+00
1262.875,1263.03125,0.15625,3.232249e+00,4.238859e-02,3.189861e+00
1263.03125,1263.1875,0.15625,3.172681e+00,4.238859e-02,3.130293e+00
1263.1875,1263.34375,0.15625,3.114951e+00,4.238859e-02,3.072563e+00
1263.34375,1263.5,0.15625,3.057220e+00,4.238859e-02,3.014831e+00
1263.5,1263.65625,0.15625,2.998203e+00,4.238859e-02,2.955814e+00
1263.65625,1263.8125,0.15625,2.939157e+00,4.238859e-02,2.896768e+00
1263.8125,1263.96875,0.15625,2.884499e+00,4.238859e-02,2.842111e+00
1263.96875,1264.125,0.15625,2.840560e+00,4.238859e-02,2.798172e+00
1264.125,1264.28125,0.15625,2.812968e+00,4.238859e-02,2.770580e+00
1264.28125,1264.4375,0.15625,2.804014e+00,4.238859e-02,2.761626e+00
1264.4375,1264.59375,0.15625,2.804014e+00,4.238859e-02,2.761626e+00
1264.59375,1264.75,0.15625,2.811453e+00,4.238859e-02,2.769064e+00
1264.75,1264.90625,0.15625,2.829513e+00,4.238859e-02,2.787124e+00
1264.90625,1265.0625,0.15625,2.851718e+00,4.238859e-02,2.809329e+00
1265.0625,1265.21875,0.15625,2.874158e+00,4.238859e-02,2.831770e+00
1265.21875,1265.375,0.15625,2.897611e+00,4.238859e-02,2.855222e+00
1265.375,1265.53125,0.15625,2.927548e+00,4.238859e-02,2.885160e+00
1265.53125,1265.6875,0.15625,2.972189e+00,4.238859e-02,2.929801e+00
1265.6875,1265.84375,0.15625,3.039708e+00,4.238859e-02,2.997320e+00
1265.84375,1266,0.15625,3.135937e+00,4.238859e-02,3.093548e+00
1266,1266.15625,0.15625,3.263348e+00,4.238859e-02,3.220959e+00
1266.15625,1266.3125,0.15625,3.421119e+00,4.238859e-02,3.378730e+00
1266.3125,1266.46875,0.15625,3.605344e+00,4.238859e-02,3.562955e+00
1266.46875,1266.625,0.15625,3.808477e+00,4.238859e-02,3.766088e+00
1266.625,1266.78125,0.15625,4.017841e+00,4.238859e-02,3.975452e+00
1266.78125,1266.9375,0.15625,4.214059e+00,4.238859e-02,4.171671e+00
1266.9375,1267.09375,0.15625,4.370932e+00,4.238859e-02,4.328543e+00
1267.09375,1267.25,0.15625,4.445899e+00,4.238859e-02,4.403511e+00
1267.25,1267.40625,0.15625,4.313498e+00,4.238859e-02,4.271110e+00
1267.40625,1267.5625,0.15625,4.054169e+00,4.238859e-02,4.011780e+00
1267.5625,1267.71875,0.15625,3.679346e+00,4.238859e-02,3.636958e+00
1267.71875,1267.875,0.15625,3.217803e+00,4.238859e-02,3.175414e+00
1267.875,1268.03125,0.15625,2.710916e+00,4.238859e-02,2.668528e+00
1268.03125,1268.1875,0.15625,2.205443e+00,4.238859e-02,2.163054e+00
1268.1875,1268.34375,0.15625,1.745978e+00,4.238859e-02,1.703589e+00
1268.34375,1268.5,0.15625,1.369014e+00,4.238859e-02,1.326626e+00
1268.5,1268.65625,0.15625,1.099587e+00,4.238859e-02,1.057198e+00
1268.65625,1268.8125,0.15625,9.504367e-01,4.238859e-02,9.080481e-01
1268.8125,1268.96875,0.15625,9.228798e-01,4.238859e-02,8.804912e-01
1268.96875,1269.125,0.15625,9.228798e-01,4.238859e-02,8.804912e-01
1269.125,1269.28125,0.15625,1.008408e+00,4.238859e-02,9.660192e-01
1269.28125,1269.4375,0.15625,1.190418e+00,4.238859e-02,1.148030e+00
1269.4375,1269.59375,0.15625,1.446016e+00,4.238859e-02,1.403627e+00
1269.59375,1269.75,0.15625,1.748201e+00,4.238859e-02,1.705813e+00
1269.75,1269.90625,0.15625,2.068734e+00,4.238859e-02,2.026345e+00
1269.90625,1270.0625,0.15625,2.381530e+00,4.238859e-02,2.339141e+00
1270.0625,1270.21875,0.15625,2.665939e+00,4.238859e-02,2.623551e+00
1270.21875,1270.375,0.15625,2.908991e+00,4.238859e-02,2.866602e+00
1270.375,1270.53125,0.15625,3.105867e+00,4.238859e-02,3.063478e+00
1270.53125,1270.6875,0.15625,3.258506e+00,4.238859e-02,3.216117e+00
1270.6875,1270.84375,0.15625,3.372910e+00,4.238859e-02,3.330521e+00
1270.84375,1271,0.15625,3.456182e+00,4.238859e-02,3.413793e+00
1271,1271.15625,0.15625,3.514233e+00,4.238859e-02,3.471844e+00
1271.15625,1271.3125,0.15625,3.550694e+00,4.238859e-02,3.508305e+00
1271.3125,1271.46875,0.15625,3.563198e+00,4.238859e-02,3.520809e+00
1271.46875,1271.625,0.15625,3.539355e+00,4.238859e-02,3.496966e+00
1271.625,1271.78125,0.15625,3.496746e+00,4.238859e-02,3.454357e+00
1271.78125,1271.9375,0.15625,3.439071e+00,4.238859e-02,3.396683e+00
1271.9375,1272.09375,0.15625,3.373072e+00,4.238859e-02,3.330684e+00
1272.09375,1272.25,0.15625,3.308282e+00,4.238859e-02,3.265894e+00
1272.25,1272.40625,0.15625,3.255677e+00,4.238859e-02,3.213289e+00
1272.40625,1272.5625,0.15625,3.225406e+00,4.238859e-02,3.183018e+00
1272.5625,1272.71875,0.15625,3.224292e+00,4.238859e-02,3.181904e+00
1272.71875,1272.875,0.15625,3.224292e+00,4.238859e-02,3.181904e+00
1272.875,1273.03125,0.15625,3.254036e+00,4.238859e-02,3.211647e+00
1273.03125,1273.1875,0.15625,3.310867e+00,4.238859e-02,3.268479e+00
1273.1875,1273.34375,0.15625,3.386780e+00,4.238859e-02,3.344391e+00
1273.34375,1273.5,0.15625,3.471773e+00,4.238859e-02,3.429385e+00
1273.5,1273.65625,0.15625,3.556149e+00,4.238859e-02,3.513760e+00
1273.65625,1273.8125,0.15625,3.631993e+00,4.238859e-02,3.589604e+00
1273.8125,1273.96875,0.15625,3.693471e+00,4.238859e-02,3.651082e+00
1273.96875,1274.125,0.15625,3.736126e+00,4.238859e-02,3.693738e+00
1274.125,1274.28125,0.15625,3.747433e+00,4.238859e-02,3.705044e+00
1274.28125,1274.4375,0.15625,3.705299e+00,4.238859e-02,3.662910e+00
1274.4375,1274.59375,0.15625,3.623120e+00,4.238859e-02,3.580732e+00
1274.59375,1274.75,0.15625,3.495896e+00,4.238859e-02,3.453508e+00
1274.75,1274.90625,0.15625,3.322145e+00,4.238859e-02,3.279756e+00
1274.90625,1275.0625,0.15625,3.106387e+00,4.238859e-02,3.063998e+00
1275.0625,1275.21875,0.15625,2.860996e+00,4.238859e-02,2.818607e+00
1275.21875,1275.375,0.15625,2.606483e+00,4.238859e-02,2.564094e+00
1275.375,1275.53125,0.15625,2.369562e+00,4.238859e-02,2.327174e+00
1275.53125,1275.6875,0.15625,2.178990e+00,4.238859e-02,2.136601e+00
1275.6875,1275.84375,0.15625,2.059990e+00,4.238859e-02,2.017601e+00
1275.84375,1276,0.15625,2.028736e+00,4.238859e-02,1.986347e+00
1276,1276.15625,0.15625,2.028736e+00,4.238859e-02,1.986347e+00
1276.15625,1276.3125,0.15625,2.088500e+00,4.238859e-02,2.046111e+00
1276.3125,1276.46875,0.15625,2.228648e+00,4.238859e-02,2.186259e+00
1276.46875,1276.625,0.15625,2.426745e+00,4.238859e-02,2.384357e+00
1276.625,1276.78125,0.15625,2.653068e+00,4.238859e-02,2.610679e+00
1276.78125,1276.9375,0.15625,2.876094e+00,4.238859e-02,2.833705e+00
1276.9375,1277.09375,0.15625,3.067468e+00,4.238859e-02,3.025079e+00
1277.09375,1277.25,0.15625,3.205406e+00,4.238859e-02,3.163017e+00
1277.25,1277.40625,0.15625,3.275218e+00,4.238859e-02,3.232829e+00
1277.40625,1277.5625,0.15625,3.205462e+00,4.238859e-02,3.163073e+00
1277.5625,1277.71875,0.15625,3.078630e+00,4.238859e-02,3.036241e+00
1277.71875,1277.875,0.15625,2.914027e+00,4.238859e-02,2.871638e+00
1277.875,1278.03125,0.15625,2.737383e+00,4.238859e-02,2.694994e+00
1278.03125,1278.1875,0.15625,2.578007e+00,4.238859e-02,2.535618e+00
1278.1875,1278.34375,0.15625,2.464321e+00,4.238859e-02,2.421932e+00
1278.34375,1278.5,0.15625,2.418507e+00,4.238859e-02,2.376119e+00
1278.5,1278.65625,0.15625,2.418507e+00,4.238859e-02,2.376119e+00
1278.65625,1278.8125,0.15625,2.451679e+00,4.238859e-02,2.409290e+00
1278.8125,1278.96875,0.15625,2.561064e+00,4.238859e-02,2.518675e+00
1278.96875,1279.125,0.15625,2.730155e+00,4.238859e-02,2.687767e+00
1279.125,1279.28125,0.15625,2.931800e+00,4.238859e-02,2.889412e+00
1279.28125,1279.4375,0.15625,3.133309e+00,4.238859e-02,3.090921e+00
1279.4375,1279.59375,0.15625,3.302201e+00,4.238859e-02,3.259812e+00
1279.59375,1279.75,0.15625,3.411313e+00,4.238859e-02,3.368924e+00
1279.75,1279.90625,0.15625,3.389033e+00,4.238859e-02,3.346644e+00
1279.90625,1280.0625,0.15625,3.255970e+00,4.238859e-02,3.213581e+00
1280.0625,1280.21875,0.15625,3.060029e+00,4.238859e-02,3.017640e+00
1280.21875,1280.375,0.15625,2.827422e+00,4.238859e-02,2.785034e+00
1280.375,1280.53125,0.15625,2.590368e+00,4.238859e-02,2.547979e+00
1280.53125,1280.6875,0.15625,2.382105e+00,4.238859e-02,2.339716e+00
1280.6875,1280.84375,0.15625,2.231188e+00,4.238859e-02,2.188800e+00
1280.84375,1281,0.15625,2.156356e+00,4.238859e-02,2.113967e+00
1281,1281.15625,0.15625,2.156356e+00,4.238859e-02,2.113967e+00
1281.15625,1281.3125,0.15625,2.163494e+00,4.238859e-02,2.121106e+00
1281.3125,1281.46875,0.15625,2.245827e+00,4.238859e-02,2.203439e+00
1281.46875,1281.625,0.15625,2.387454e+00,4.238859e-02,2.345065e+00
1281.625,1281.78125,0.15625,2.569130e+00,4.238859e-02,2.526741e+00
1281.78125,1281.9375,0.15625,2.774220e+00,4.238859e-02,2.731831e+00
1281.9375,1282.09375,0.15625,2.992527e+00,4.238859e-02,2.950138e+00
1282.09375,1282.25,0.15625,3.220433e+00,4.238859e-02,3.178044e+00
1282.25,1282.40625,0.15625,3.457290e+00,4.238859e-02,3.414901e+00
1282.40625,1282.5625,0.15625,3.699651e+00,4.238859e-02,3.657262e+00
1282.5625,1282.71875,0.15625,3.936056e+00,4.238859e-02,3.893668e+00
1282.71875,1282.875,0.15625,4.145086e+00,4.238859e-02,4.102697e+00
1282.875,1283.03125,0.15625,4.298191e+00,4.238859e-02,4.255803e+00
1283.03125,1283.1875,0.15625,4.331855e+00,4.238859e-02,4.289466e+00
1283.1875,1283.34375,0.15625,4.190921e+00,4.238859e-02,4.148532e+00
1283.34375,1283.5,0.15625,3.962381e+00,4.238859e-02,3.919993e+00
1283.5,1283.65625,0.15625,3.682635e+00,4.238859e-02,3.640246e+00
1283.65625,1283.8125,0.15625,3.398397e+00,4.238859e-02,3.356009e+00
1283.8125,1283.96875,0.15625,3.155960e+00,4.238859e-02,3.113572e+00
1283.96875,1284.125,0.15625,2.990749e+00,4.238859e-02,2.948360e+00
1284.125,1284.28125,0.15625,2.920115e+00,4.238859e-02,2.877726e+00
1284.28125,1284.4375,0.15625,2.920115e+00,4.238859e-02,2.877726e+00
1284.4375,1284.59375,0.15625,2.941045e+00,4.238859e-02,2.898656e+00
1284.59375,1284.75,0.15625,3.032763e+00,4.238859e-02,2.990375e+00
1284.75,1284.90625,0.15625,3.162815e+00,4.238859e-02,3.120427e+00
1284.90625,1285.0625,0.15625,3.294519e+00,4.238859e-02,3.252130e+00
1285.0625,1285.21875,0.15625,3.393845e+00,4.238859e-02,3.351456e+00
1285.21875,1285.375,0.15625,3.401216e+00,4.238859e-02,3.358828e+00
1285.375,1285.53125,0.15625,3.290680e+00,4.238859e-02,3.248292e+00
1285.53125,1285.6875,0.15625,3.111901e+00,4.238859e-02,3.069512e+00
1285.6875,1285.84375,0.15625,2.884709e+00,4.238859e-02,2.842321e+00
1285.84375,1286,0.15625,2.637060e+00,4.238859e-02,2.594672e+00
1286,1286.15625,0.15625,2.400683e+00,4.238859e-02,2.358294e+00
1286.15625,1286.3125,0.15625,2.205397e+00,4.238859e-02,2.163009e+00
1286.3125,1286.46875,0.15625,2.073032e+00,4.238859e-02,2.030643e+00
1286.46875,1286.625,0.15625,2.012447e+00,4.238859e-02,1.970058e+00
1286.625,1286.78125,0.15625,2.012447e+00,4.238859e-02,1.970058e+00
1286.78125,1286.9375,0.15625,2.017232e+00,4.238859e-02,1.974843e+00
1286.9375,1287.09375,0.15625,2.067139e+00,4.238859e-02,2.024751e+00
1287.09375,1287.25,0.15625,2.133261e+00,4.238859e-02,2.090872e+00
1287.25,1287.40625,0.15625,2.185766e+00,4.238859e-02,2.143377e+00
1287.40625,1287.5625,0.15625,2.173390e+00,4.238859e-02,2.131001e+00
1287.5625,1287.71875,0.15625,2.106839e+00,4.238859e-02,2.064450e+00
1287.71875,1287.875,0.15625,2.023966e+00,4.238859e-02,1.981578e+00
1287.875,1288.03125,0.15625,1.954765e+00,4.238859e-02,1.912376e+00
1288.03125,1288.1875,0.15625,1.929949e+00,4.238859e-02,1.887561e+00
1288.1875,1288.34375,0.15625,1.929949e+00,4.238859e-02,1.887561e+00
1288.34375,1288.5,0.15625,1.973534e+00,4.238859e-02,1.931145e+00
1288.5,1288.65625,0.15625,2.097842e+00,4.238859e-02,2.055453e+00
1288.65625,1288.8125,0.15625,2.302094e+00,4.238859e-02,2.259706e+00
1288.8125,1288.96875,0.15625,2.574411e+00,4.238859e-02,2.532022e+00
1288.96875,1289.125,0.15625,2.895905e+00,4.238859e-02,2.853517e+00
1289.125,1289.28125,0.15625,3.244963e+00,4.238859e-02,3.202574e+00
1289.28125,1289.4375,0.15625,3.600028e+00,4.238859e-02,3.557639e+00
1289.4375,1289.59375,0.15625,3.940200e+00,4.238859e-02,3.897811e+00
1289.59375,1289.75,0.15625,4.244227e+00,4.238859e-02,4.201838e+00
1289.75,1289.90625,0.15625,4.489479e+00,4.238859e-02,4.447090e+00
1289.90625,1290.0625,0.15625,4.652638e+00,4.238859e-02,4.610249e+00
1290.0625,1290.21875,0.15625,4.657979e+00,4.238859e-02,4.615590e+00
1290.21875,1290.375,0.15625,4.488459e+00,4.238859e-02,4.446070e+00
1290.375,1290.53125,0.15625,4.222135e+00,4.238859e-02,4.179746e+00
1290.53125,1290.6875,0.15625,3.892210e+00,4.238859e-02,3.849822e+00
1290.6875,1290.84375,0.15625,3.541446e+00,4.238859e-02,3.499057e+00
1290.84375,1291,0.15625,3.212875e+00,4.238859e-02,3.170486e+00
1291,1291.15625,0.15625,2.940063e+00,4.238859e-02,2.897675e+00
1291.15625,1291.3125,0.15625,2.740075e+00,4.238859e-02,2.697686e+00
1291.3125,1291.46875,0.15625,2.611443e+00,4.238859e-02,2.569055e+00
1291.46875,1291.625,0.15625,2.537750e+00,4.238859e-02,2.495361e+00
1291.625,1291.78125,0.15625,2.495483e+00,4.238859e-02,2.453094e+00
1291.78125,1291.9375,0.15625,2.463460e+00,4.238859e-02,2.421071e+00
1291.9375,1292.09375,0.15625,2.430635e+00,4.238859e-02,2.388246e+00
1292.09375,1292.25,0.15625,2.399776e+00,4.238859e-02,2.357387e+00
1292.25,1292.40625,0.15625,2.385956e+00,4.238859e-02,2.343567e+00
1292.40625,1292.5625,0.15625,2.385956e+00,4.238859e-02,2.343567e+00
1292.5625,1292.71875,0.15625,2.410570e+00,4.238859e-02,2.368182e+00
1292.71875,1292.875,0.15625,2.493020e+00,4.238859e-02,2.450631e+00
1292.875,1293.03125,0.15625,2.642828e+00,4.238859e-02,2.600440e+00
1293.03125,1293.1875,0.15625,2.854693e+00,4.238859e-02,2.812304e+00
1293.1875,1293.34375,0.15625,3.107904e+00,4.238859e-02,3.065516e+00
1293.34375,1293.5,0.15625,3.370183e+00,4.238859e-02,3.327795e+00
1293.5,1293.65625,0.15625,3.604730e+00,4.238859e-02,3.562342e+00
1293.65625,1293.8125,0.15625,3.778472e+00,4.238859e-02,3.736084e+00
1293.8125,1293.96875,0.15625,3.869305e+00,4.238859e-02,3.826917e+00
1293.96875,1294.125,0.15625,3.791263e+00,4.238859e-02,3.748874e+00
1294.125,1294.28125,0.15625,3.653307e+00,4.238859e-02,3.610918e+00
1294.28125,1294.4375,0.15625,3.484630e+00,4.238859e-02,3.442241e+00
1294.4375,1294.59375,0.15625,3.312113e+00,4.238859e-02,3.269724e+00
1294.59375,1294.75,0.15625,3.155247e+00,4.238859e-02,3.112859e+00
1294.75,1294.90625,0.15625,3.022805e+00,4.238859e-02,2.980417e+00
1294.90625,1295.0625,0.15625,2.913388e+00,4.238859e-02,2.871000e+00
1295.0625,1295.21875,0.15625,2.819375e+00,4.238859e-02,2.776987e+00
1295.21875,1295.375,0.15625,2.732538e+00,4.238859e-02,2.690149e+00
1295.375,1295.53125,0.15625,2.648939e+00,4.238859e-02,2.606551e+00
1295.53125,1295.6875,0.15625,2.571091e+00,4.238859e-02,2.528702e+00
1295.6875,1295.84375,0.15625,2.506542e+00,4.238859e-02,2.464154e+00
1295.84375,1296,0.15625,2.463711e+00,4.238859e-02,2.421323e+00
1296,1296.15625,0.15625,2.446989e+00,4.238859e-02,2.404600e+00
1296.15625,1296.3125,0.15625,2.446989e+00,4.238859e-02,2.404600e+00
1296.3125,1296.46875,0.15625,2.453515e+00,4.238859e-02,2.411126e+00
1296.46875,1296.625,0.15625,2.473250e+00,4.238859e-02,2.430862e+00
1296.625,1296.78125,0.15625,2.492473e+00,4.238859e-02,2.450085e+00
1296.78125,1296.9375,0.15625,2.488383e+00,4.238859e-02,2.445994e+00
1296.9375,1297.09375,0.15625,2.463978e+00,4.238859e-02,2.421589e+00
1297.09375,1297.25,0.15625,2.437908e+00,4.238859e-02,2.395520e+00
1297.25,1297.40625,0.15625,2.425370e+00,4.238859e-02,2.382981e+00
1297.40625,1297.5625,0.15625,2.425370e+00,4.238859e-02,2.382981e+00
1297.5625,1297.71875,0.15625,2.439060e+00,4.238859e-02,2.396671e+00
1297.71875,1297.875,0.15625,2.484524e+00,4.238859e-02,2.442136e+00
1297.875,1298.03125,0.15625,2.558491e+00,4.238859e-02,2.516103e+00
1298.03125,1298.1875,0.15625,2.650647e+00,4.238859e-02,2.608259e+00
1298.1875,1298.34375,0.15625,2.747819e+00,4.238859e-02,2.705431e+00
1298.34375,1298.5,0.15625,2.838586e+00,4.238859e-02,2.796197e+00
1298.5,1298.65625,0.15625,2.916376e+00,4.238859e-02,2.873987e+00
1298.65625,1298.8125,0.15625,2.980046e+00,4.238859e-02,2.937657e+00
1298.8125,1298.96875,0.15625,3.032226e+00,4.238859e-02,2.989837e+00
1298.96875,1299.125,0.15625,3.076716e+00,4.238859e-02,3.034328e+00
1299.125,1299.28125,0.15625,3.116400e+00,4.238859e-02,3.074012e+00
1299.28125,1299.4375,0.15625,3.152571e+00,4.238859e-02,3.110182e+00
1299.4375,1299.59375,0.15625,3.185570e+00,4.238859e-02,3.143181e+00
1299.59375,1299.75,0.15625,3.215930e+00,4.238859e-02,3.173541e+00
1299.75,1299.90625,0.15625,3.245082e+00,4.238859e-02,3.202694e+00
1299.90625,1300.0625,0.15625,3.275195e+00,4.238859e-02,3.232807e+00
1300.0625,1300.21875,0.15625,3.308386e+00,4.238859e-02,3.265998e+00
1300.21875,1300.375,0.15625,3.345969e+00,4.238859e-02,3.303581e+00
1300.375,1300.53125,0.15625,3.388271e+00,4.238859e-02,3.345883e+00
1300.53125,1300.6875,0.15625,3.435071e+00,4.238859e-02,3.392682e+00
1300.6875,1300.84375,0.15625,3.486221e+00,4.238859e-02,3.443832e+00
1300.84375,1301,0.15625,3.541910e+00,4.238859e-02,3.499522e+00
1301,1301.15625,0.15625,3.602287e+00,4.238859e-02,3.559899e+00
1301.15625,1301.3125,0.15625,3.666657e+00,4.238859e-02,3.624269e+00
1301.3125,1301.46875,0.15625,3.732759e+00,4.238859e-02,3.690371e+00
1301.46875,1301.625,0.15625,3.796596e+00,4.238859e-02,3.754207e+00
1301.625,1301.78125,0.15625,3.852948e+00,4.238859e-02,3.810559e+00
1301.78125,1301.9375,0.15625,3.896335e+00,4.238859e-02,3.853947e+00
1301.9375,1302.09375,0.15625,3.921952e+00,4.238859e-02,3.879564e+00
1302.09375,1302.25,0.15625,3.906310e+00,4.238859e-02,3.863921e+00
1302.25,1302.40625,0.15625,3.860079e+00,4.238859e-02,3.817691e+00
1302.40625,1302.5625,0.15625,3.784534e+00,4.238859e-02,3.742145e+00
1302.5625,1302.71875,0.15625,3.675564e+00,4.238859e-02,3.633176e+00
1302.71875,1302.875,0.15625,3.528130e+00,4.238859e-02,3.485741e+00
1302.875,1303.03125,0.15625,3.337620e+00,4.238859e-02,3.295232e+00
1303.03125,1303.1875,0.15625,3.102205e+00,4.238859e-02,3.059817e+00
1303.1875,1303.34375,0.15625,2.825542e+00,4.238859e-02,2.783154e+00
1303.34375,1303.5,0.15625,2.518871e+00,4.238859e-02,2.476482e+00
1303.5,1303.65625,0.15625,2.201536e+00,4.238859e-02,2.159148e+00
1303.65625,1303.8125,0.15625,1.899385e+00,4.238859e-02,1.856996e+00
1303.8125,1303.96875,0.15625,1.641148e+00,4.238859e-02,1.598759e+00
1303.96875,1304.125,0.15625,1.453572e+00,4.238859e-02,1.411184e+00
1304.125,1304.28125,0.15625,1.356444e+00,4.238859e-02,1.314056e+00
1304.28125,1304.4375,0.15625,1.356444e+00,4.238859e-02,1.314056e+00
1304.4375,1304.59375,0.15625,1.358707e+00,4.238859e-02,1.316318e+00
1304.59375,1304.75,0.15625,1.456617e+00,4.238859e-02,1.414228e+00
1304.75,1304.90625,0.15625,1.634441e+00,4.238859e-02,1.592052e+00
1304.90625,1305.0625,0.15625,1.867657e+00,4.238859e-02,1.825268e+00
1305.0625,1305.21875,0.15625,2.128015e+00,4.238859e-02,2.085626e+00
1305.21875,1305.375,0.15625,2.389280e+00,4.238859e-02,2.346891e+00
1305.375,1305.53125,0.15625,2.632155e+00,4.238859e-02,2.589766e+00
1305.53125,1305.6875,0.15625,2.846978e+00,4.238859e-02,2.804590e+00
1305.6875,1305.84375,0.15625,3.033401e+00,4.238859e-02,2.991012e+00
1305.84375,1306,0.15625,3.197215e+00,4.238859e-02,3.154826e+00
1306,1306.15625,0.15625,3.345491e+00,4.238859e-02,3.303102e+00
1306.15625,1306.3125,0.15625,3.481751e+00,4.238859e-02,3.439362e+00
1306.3125,1306.46875,0.15625,3.602824e+00,4.238859e-02,3.560435e+00
1306.46875,1306.625,0.15625,3.698375e+00,4.238859e-02,3.655986e+00
1306.625,1306.78125,0.15625,3.751149e+00,4.238859e-02,3.708761e+00
1306.78125,1306.9375,0.15625,3.680669e+00,4.238859e-02,3.638280e+00
1306.9375,1307.09375,0.15625,3.538770e+00,4.238859e-02,3.496382e+00
1307.09375,1307.25,0.15625,3.334363e+00,4.238859e-02,3.291974e+00
1307.25,1307.40625,0.15625,3.089031e+00,4.238859e-02,3.046643e+00
1307.40625,1307.5625,0.15625,2.835248e+00,4.238859e-02,2.792859e+00
1307.5625,1307.71875,0.15625,2.611943e+00,4.238859e-02,2.569554e+00
1307.71875,1307.875,0.15625,2.457961e+00,4.238859e-02,2.415573e+00
1307.875,1308.03125,0.15625,2.404456e+00,4.238859e-02,2.362067e+00
1308.03125,1308.1875,0.15625,2.404456e+00,4.238859e-02,2.362067e+00
1308.1875,1308.34375,0.15625,2.467754e+00,4.238859e-02,2.425365e+00
1308.34375,1308.5,0.15625,2.644402e+00,4.238859e-02,2.602013e+00
1308.5,1308.65625,0.15625,2.909841e+00,4.238859e-02,2.867453e+00
1308.65625,1308.8125,0.15625,3.221498e+00,4.238859e-02,3.179109e+00
1308.8125,1308.96875,0.15625,3.526055e+00,4.238859e-02,3.483666e+00
1308.96875,1309.125,0.15625,3.769625e+00,4.238859e-02,3.727237e+00
1309.125,1309.28125,0.15625,3.908650e+00,4.238859e-02,3.866261e+00
1309.28125,1309.4375,0.15625,3.800994e+00,4.238859e-02,3.758606e+00
1309.4375,1309.59375,0.15625,3.579170e+00,4.238859e-02,3.536781e+00
1309.59375,1309.75,0.15625,3.296597e+00,4.238859e-02,3.254208e+00
1309.75,1309.90625,0.15625,3.005389e+00,4.238859e-02,2.963000e+00
1309.90625,1310.0625,0.15625,2.755656e+00,4.238859e-02,2.713267e+00
1310.0625,1310.21875,0.15625,2.585650e+00,4.238859e-02,2.543262e+00
1310.21875,1310.375,0.15625,2.515369e+00,4.238859e-02,2.472981e+00
1310.375,1310.53125,0.15625,2.515369e+00,4.238859e-02,2.472981e+00
1310.53125,1310.6875,0.15625,2.544817e+00,4.238859e-02,2.502428e+00
1310.6875,1310.84375,0.15625,2.656824e+00,4.238859e-02,2.614435e+00
1310.84375,1311,0.15625,2.823126e+00,4.238859e-02,2.780737e+00
1311,1311.15625,0.15625,3.011716e+00,4.238859e-02,2.969327e+00
1311.15625,1311.3125,0.15625,3.193468e+00,4.238859e-02,3.151079e+00
1311.3125,1311.46875,0.15625,3.346648e+00,4.238859e-02,3.304259e+00
1311.46875,1311.625,0.15625,3.458835e+00,4.238859e-02,3.416446e+00
1311.625,1311.78125,0.15625,3.526627e+00,4.238859e-02,3.484238e+00
1311.78125,1311.9375,0.15625,3.549583e+00,4.238859e-02,3.507194e+00
1311.9375,1312.09375,0.15625,3.524932e+00,4.238859e-02,3.482543e+00
1312.09375,1312.25,0.15625,3.491410e+00,4.238859e-02,3.449021e+00
1312.25,1312.40625,0.15625,3.458474e+00,4.238859e-02,3.416085e+00
1312.40625,1312.5625,0.15625,3.432057e+00,4.238859e-02,3.389668e+00
1312.5625,1312.71875,0.15625,3.413849e+00,4.238859e-02,3.371460e+00
1312.71875,1312.875,0.15625,3.401514e+00,4.238859e-02,3.359125e+00
1312.875,1313.03125,0.15625,3.389600e+00,4.238859e-02,3.347212e+00
1313.03125,1313.1875,0.15625,3.370659e+00,4.238859e-02,3.328270e+00
1313.1875,1313.34375,0.15625,3.336117e+00,4.238859e-02,3.293729e+00
1313.34375,1313.5,0.15625,3.276826e+00,4.238859e-02,3.234437e+00
1313.5,1313.65625,0.15625,3.183642e+00,4.238859e-02,3.141254e+00
1313.65625,1313.8125,0.15625,3.048602e+00,4.238859e-02,3.006213e+00
1313.8125,1313.96875,0.15625,2.866956e+00,4.238859e-02,2.824568e+00
1313.96875,1314.125,0.15625,2.639752e+00,4.238859e-02,2.597363e+00
1314.125,1314.28125,0.15625,2.376064e+00,4.238859e-02,2.333676e+00
1314.28125,1314.4375,0.15625,2.093823e+00,4.238859e-02,2.051435e+00
1314.4375,1314.59375,0.15625,1.818521e+00,4.238859e-02,1.776132e+00
1314.59375,1314.75,0.15625,1.579800e+00,4.238859e-02,1.537411e+00
1314.75,1314.90625,0.15625,1.406650e+00,4.238859e-02,1.364262e+00
1314.90625,1315.0625,0.15625,1.322339e+00,4.238859e-02,1.279951e+00
1315.0625,1315.21875,0.15625,1.322339e+00,4.238859e-02,1.279951e+00
1315.21875,1315.375,0.15625,1.340228e+00,4.238859e-02,1.297840e+00
1315.375,1315.53125,0.15625,1.461343e+00,4.238859e-02,1.418955e+00
1315.53125,1315.6875,0.15625,1.674101e+00,4.238859e-02,1.631713e+00
1315.6875,1315.84375,0.15625,1.956189e+00,4.238859e-02,1.913801e+00
1315.84375,1316,0.15625,2.278170e+00,4.238859e-02,2.235781e+00
1316,1316.15625,0.15625,2.608090e+00,4.238859e-02,2.565701e+00
1316.15625,1316.3125,0.15625,2.916189e+00,4.238859e-02,2.873800e+00
1316.3125,1316.46875,0.15625,3.178837e+00,4.238859e-02,3.136448e+00
1316.46875,1316.625,0.15625,3.381097e+00,4.238859e-02,3.338708e+00
1316.625,1316.78125,0.15625,3.517707e+00,4.238859e-02,3.475318e+00
1316.78125,1316.9375,0.15625,3.592653e+00,4.238859e-02,3.550265e+00
1316.9375,1317.09375,0.15625,3.609831e+00,4.238859e-02,3.567442e+00
1317.09375,1317.25,0.15625,3.588811e+00,4.238859e-02,3.546422e+00
1317.25,1317.40625,0.15625,3.573372e+00,4.238859e-02,3.530983e+00
1317.40625,1317.5625,0.15625,3.573372e+00,4.238859e-02,3.530983e+00
1317.5625,1317.71875,0.15625,3.578115e+00,4.238859e-02,3.535726e+00
1317.71875,1317.875,0.15625,3.610757e+00,4.238859e-02,3.568369e+00
1317.875,1318.03125,0.15625,3.670798e+00,4.238859e-02,3.628409e+00
1318.03125,1318.1875,0.15625,3.750036e+00,4.238859e-02,3.707648e+00
1318.1875,1318.34375,0.15625,3.834900e+00,4.238859e-02,3.792512e+00
1318.34375,1318.5,0.15625,3.909928e+00,4.238859e-02,3.867539e+00
1318.5,1318.65625,0.15625,3.961384e+00,4.238859e-02,3.918995e+00
1318.65625,1318.8125,0.15625,3.961802e+00,4.238859e-02,3.919413e+00
1318.8125,1318.96875,0.15625,3.907890e+00,4.238859e-02,3.865501e+00
1318.96875,1319.125,0.15625,3.821925e+00,4.238859e-02,3.779536e+00
1319.125,1319.28125,0.15625,3.707917e+00,4.238859e-02,3.665529e+00
1319.28125,1319.4375,0.15625,3.568393e+00,4.238859e-02,3.526005e+00
1319.4375,1319.59375,0.15625,3.404160e+00,4.238859e-02,3.361771e+00
1319.59375,1319.75,0.15625,3.215927e+00,4.238859e-02,3.173538e+00
1319.75,1319.90625,0.15625,3.007290e+00,4.238859e-02,2.964901e+00
1319.90625,1320.0625,0.15625,2.787834e+00,4.238859e-02,2.745446e+00
1320.0625,1320.21875,0.15625,2.574845e+00,4.238859e-02,2.532457e+00
1320.21875,1320.375,0.15625,2.392408e+00,4.238859e-02,2.350019e+00
1320.375,1320.53125,0.15625,2.267591e+00,4.238859e-02,2.225202e+00
1320.53125,1320.6875,0.15625,2.224475e+00,4.238859e-02,2.182086e+00
1320.6875,1320.84375,0.15625,2.224475e+00,4.238859e-02,2.182086e+00
1320.84375,1321,0.15625,2.277654e+00,4.238859e-02,2.235266e+00
1321,1321.15625,0.15625,2.427142e+00,4.238859e-02,2.384753e+00
1321.15625,1321.3125,0.15625,2.656215e+00,4.238859e-02,2.613826e+00
1321.3125,1321.46875,0.15625,2.932925e+00,4.238859e-02,2.890536e+00
1321.46875,1321.625,0.15625,3.214986e+00,4.238859e-02,3.172597e+00
1321.625,1321.78125,0.15625,3.456918e+00,4.238859e-02,3.414529e+00
1321.78125,1321.9375,0.15625,3.617910e+00,4.238859e-02,3.575522e+00
1321.9375,1322.09375,0.15625,3.597015e+00,4.238859e-02,3.554626e+00
1322.09375,1322.25,0.15625,3.408434e+00,4.238859e-02,3.366046e+00
1322.25,1322.40625,0.15625,3.126438e+00,4.238859e-02,3.084049e+00
1322.40625,1322.5625,0.15625,2.787970e+00,4.238859e-02,2.745581e+00
1322.5625,1322.71875,0.15625,2.437624e+00,4.238859e-02,2.395235e+00
1322.71875,1322.875,0.15625,2.120664e+00,4.238859e-02,2.078275e+00
1322.875,1323.03125,0.15625,1.876146e+00,4.238859e-02,1.833758e+00
1323.03125,1323.1875,0.15625,1.731280e+00,4.238859e-02,1.688892e+00
1323.1875,1323.34375,0.15625,1.697976e+00,4.238859e-02,1.655588e+00
1323.34375,1323.5,0.15625,1.697976e+00,4.238859e-02,1.655588e+00
1323.5,1323.65625,0.15625,1.772187e+00,4.238859e-02,1.729798e+00
1323.65625,1323.8125,0.15625,1.936142e+00,4.238859e-02,1.893754e+00
1323.8125,1323.96875,0.15625,2.163012e+00,4.238859e-02,2.120623e+00
1323.96875,1324.125,0.15625,2.422922e+00,4.238859e-02,2.380534e+00
1324.125,1324.28125,0.15625,2.688867e+00,4.238859e-02,2.646479e+00
1324.28125,1324.4375,0.15625,2.941004e+00,4.238859e-02,2.898615e+00
1324.4375,1324.59375,0.15625,3.168269e+00,4.238859e-02,3.125881e+00
1324.59375,1324.75,0.15625,3.367091e+00,4.238859e-02,3.324703e+00
1324.75,1324.90625,0.15625,3.537933e+00,4.238859e-02,3.495544e+00
1324.90625,1325.0625,0.15625,3.681115e+00,4.238859e-02,3.638726e+00
1325.0625,1325.21875,0.15625,3.793521e+00,4.238859e-02,3.751132e+00
1325.21875,1325.375,0.15625,3.867359e+00,4.238859e-02,3.824971e+00
1325.375,1325.53125,0.15625,3.854106e+00,4.238859e-02,3.811717e+00
1325.53125,1325.6875,0.15625,3.748042e+00,4.238859e-02,3.705653e+00
1325.6875,1325.84375,0.15625,3.573612e+00,4.238859e-02,3.531223e+00
1325.84375,1326,0.15625,3.341606e+00,4.238859e-02,3.299217e+00
1326,1326.15625,0.15625,3.073279e+00,4.238859e-02,3.030890e+00
1326.15625,1326.3125,0.15625,2.797754e+00,4.238859e-02,2.755365e+00
1326.3125,1326.46875,0.15625,2.547055e+00,4.238859e-02,2.504666e+00
1326.46875,1326.625,0.15625,2.349816e+00,4.238859e-02,2.307428e+00
1326.625,1326.78125,0.15625,2.225302e+00,4.238859e-02,2.182914e+00
1326.78125,1326.9375,0.15625,2.179533e+00,4.238859e-02,2.137145e+00
1326.9375,1327.09375,0.15625,2.179533e+00,4.238859e-02,2.137145e+00
1327.09375,1327.25,0.15625,2.204916e+00,4.238859e-02,2.162527e+00
1327.25,1327.40625,0.15625,2.283788e+00,4.238859e-02,2.241399e+00
1327.40625,1327.5625,0.15625,2.394969e+00,4.238859e-02,2.352580e+00
1327.5625,1327.71875,0.15625,2.521227e+00,4.238859e-02,2.478838e+00
1327.71875,1327.875,0.15625,2.655022e+00,4.238859e-02,2.612633e+00
1327.875,1328.03125,0.15625,2.800245e+00,4.238859e-02,2.757857e+00
1328.03125,1328.1875,0.15625,2.969031e+00,4.238859e-02,2.926642e+00
1328.1875,1328.34375,0.15625,3.174541e+00,4.238859e-02,3.132152e+00
1328.34375,1328.5,0.15625,3.422344e+00,4.238859e-02,3.379956e+00
1328.5,1328.65625,0.15625,3.703798e+00,4.238859e-02,3.661410e+00
1328.65625,1328.8125,0.15625,3.994329e+00,4.238859e-02,3.951941e+00
1328.8125,1328.96875,0.15625,4.257760e+00,4.238859e-02,4.215371e+00
1328.96875,1329.125,0.15625,4.455459e+00,4.238859e-02,4.413071e+00
1329.125,1329.28125,0.15625,4.549317e+00,4.238859e-02,4.506928e+00
1329.28125,1329.4375,0.15625,4.438465e+00,4.238859e-02,4.396076e+00
1329.4375,1329.59375,0.15625,4.247796e+00,4.238859e-02,4.205407e+00
1329.59375,1329.75,0.15625,4.009393e+00,4.238859e-02,3.967005e+00
1329.75,1329.90625,0.15625,3.754922e+00,4.238859e-02,3.712533e+00
1329.90625,1330.0625,0.15625,3.508481e+00,4.238859e-02,3.466092e+00
1330.0625,1330.21875,0.15625,3.283830e+00,4.238859e-02,3.241441e+00
1330.21875,1330.375,0.15625,3.086059e+00,4.238859e-02,3.043671e+00
1330.375,1330.53125,0.15625,2.915821e+00,4.238859e-02,2.873433e+00
1330.53125,1330.6875,0.15625,2.773386e+00,4.238859e-02,2.730997e+00
1330.6875,1330.84375,0.15625,2.660327e+00,4.238859e-02,2.617938e+00
1330.84375,1331,0.15625,2.578221e+00,4.238859e-02,2.535832e+00
1331,1331.15625,0.15625,2.525480e+00,4.238859e-02,2.483092e+00
1331.15625,1331.3125,0.15625,2.494493e+00,4.238859e-02,2.452104e+00
1331.3125,1331.46875,0.15625,2.471130e+00,4.238859e-02,2.428741e+00
1331.46875,1331.625,0.15625,2.437542e+00,4.238859e-02,2.395154e+00
1331.625,1331.78125,0.15625,2.377541e+00,4.238859e-02,2.335152e+00
1331.78125,1331.9375,0.15625,2.282591e+00,4.238859e-02,2.240203e+00
1331.9375,1332.09375,0.15625,2.156038e+00,4.238859e-02,2.113650e+00
1332.09375,1332.25,0.15625,2.013789e+00,4.238859e-02,1.971401e+00
1332.25,1332.40625,0.15625,1.880985e+00,4.238859e-02,1.838596e+00
1332.40625,1332.5625,0.15625,1.785636e+00,4.238859e-02,1.743248e+00
1332.5625,1332.71875,0.15625,1.751230e+00,4.238859e-02,1.708841e+00
1332.71875,1332.875,0.15625,1.751230e+00,4.238859e-02,1.708841e+00
1332.875,1333.03125,0.15625,1.790593e+00,4.238859e-02,1.748204e+00
1333.03125,1333.1875,0.15625,1.902835e+00,4.238859e-02,1.860447e+00
1333.1875,1333.34375,0.15625,2.074140e+00,4.238859e-02,2.031751e+00
1333.34375,1333.5,0.15625,2.281953e+00,4.238859e-02,2.239565e+00
1333.5,1333.65625,0.15625,2.501086e+00,4.238859e-02,2.458698e+00
1333.65625,1333.8125,0.15625,2.709735e+00,4.238859e-02,2.667347e+00
1333.8125,1333.96875,0.15625,2.893605e+00,4.238859e-02,2.851216e+00
1333.96875,1334.125,0.15625,3.047143e+00,4.238859e-02,3.004755e+00
1334.125,1334.28125,0.15625,3.172003e+00,4.238859e-02,3.129615e+00
1334.28125,1334.4375,0.15625,3.273824e+00,4.238859e-02,3.231435e+00
1334.4375,1334.59375,0.15625,3.358827e+00,4.238859e-02,3.316438e+00
1334.59375,1334.75,0.15625,3.431472e+00,4.238859e-02,3.389084e+00
1334.75,1334.90625,0.15625,3.493676e+00,4.238859e-02,3.451288e+00
1334.90625,1335.0625,0.15625,3.545334e+00,4.238859e-02,3.502946e+00
1335.0625,1335.21875,0.15625,3.585459e+00,4.238859e-02,3.543070e+00
1335.21875,1335.375,0.15625,3.613263e+00,4.238859e-02,3.570874e+00
1335.375,1335.53125,0.15625,3.628840e+00,4.238859e-02,3.586452e+00
1335.53125,1335.6875,0.15625,3.629138e+00,4.238859e-02,3.586749e+00
1335.6875,1335.84375,0.15625,3.618901e+00,4.238859e-02,3.576512e+00
1335.84375,1336,0.15625,3.605579e+00,4.238859e-02,3.563190e+00
1336,1336.15625,0.15625,3.591448e+00,4.238859e-02,3.549060e+00
1336.15625,1336.3125,0.15625,3.577597e+00,4.238859e-02,3.535208e+00
1336.3125,1336.46875,0.15625,3.563670e+00,4.238859e-02,3.521281e+00
1336.46875,1336.625,0.15625,3.548016e+00,4.238859e-02,3.505627e+00
1336.625,1336.78125,0.15625,3.528126e+00,4.238859e-02,3.485738e+00
1336.78125,1336.9375,0.15625,3.501139e+00,4.238859e-02,3.458750e+00
1336.9375,1337.09375,0.15625,3.464296e+00,4.238859e-02,3.421907e+00
1337.09375,1337.25,0.15625,3.415398e+00,4.238859e-02,3.373009e+00
1337.25,1337.40625,0.15625,3.353417e+00,4.238859e-02,3.311028e+00
1337.40625,1337.5625,0.15625,3.279251e+00,4.238859e-02,3.236863e+00
1337.5625,1337.71875,0.15625,3.196284e+00,4.238859e-02,3.153895e+00
1337.71875,1337.875,0.15625,3.110188e+00,4.238859e-02,3.067800e+00
1337.875,1338.03125,0.15625,3.027592e+00,4.238859e-02,2.985204e+00
1338.03125,1338.1875,0.15625,2.953803e+00,4.238859e-02,2.911414e+00
1338.1875,1338.34375,0.15625,2.890503e+00,4.238859e-02,2.848114e+00
1338.34375,1338.5,0.15625,2.834702e+00,4.238859e-02,2.792314e+00
1338.5,1338.65625,0.15625,2.779889e+00,4.238859e-02,2.737501e+00
1338.65625,1338.8125,0.15625,2.719359e+00,4.238859e-02,2.676970e+00
1338.8125,1338.96875,0.15625,2.650541e+00,4.238859e-02,2.608152e+00
1338.96875,1339.125,0.15625,2.578422e+00,4.238859e-02,2.536033e+00
1339.125,1339.28125,0.15625,2.516298e+00,4.238859e-02,2.473910e+00
1339.28125,1339.4375,0.15625,2.483101e+00,4.238859e-02,2.440712e+00
1339.4375,1339.59375,0.15625,2.483101e+00,4.238859e-02,2.440712e+00
1339.59375,1339.75,0.15625,2.497930e+00,4.238859e-02,2.455542e+00
1339.75,1339.90625,0.15625,2.573630e+00,4.238859e-02,2.531241e+00
1339.90625,1340.0625,0.15625,2.711612e+00,4.238859e-02,2.669224e+00
1340.0625,1340.21875,0.15625,2.899719e+00,4.238859e-02,2.857330e+00
1340.21875,1340.375,0.15625,3.113751e+00,4.238859e-02,3.071363e+00
1340.375,1340.53125,0.15625,3.322149e+00,4.238859e-02,3.279760e+00
1340.53125,1340.6875,0.15625,3.492412e+00,4.238859e-02,3.450023e+00
1340.6875,1340.84375,0.15625,3.597622e+00,4.238859e-02,3.555233e+00
1340.84375,1341,0.15625,3.562066e+00,4.238859e-02,3.519678e+00
1341,1341.15625,0.15625,3.430464e+00,4.238859e-02,3.388075e+00
1341.15625,1341.3125,0.15625,3.249891e+00,4.238859e-02,3.207503e+00
1341.3125,1341.46875,0.15625,3.050029e+00,4.238859e-02,3.007641e+00
1341.46875,1341.625,0.15625,2.860784e+00,4.238859e-02,2.818396e+00
1341.625,1341.78125,0.15625,2.705713e+00,4.238859e-02,2.663324e+00
1341.78125,1341.9375,0.15625,2.596949e+00,4.238859e-02,2.554560e+00
1341.9375,1342.09375,0.15625,2.533199e+00,4.238859e-02,2.490810e+00
1342.09375,1342.25,0.15625,2.501614e+00,4.238859e-02,2.459225e+00
1342.25,1342.40625,0.15625,2.483137e+00,4.238859e-02,2.440748e+00
1342.40625,1342.5625,0.15625,2.459652e+00,4.238859e-02,2.417264e+00
1342.5625,1342.71875,0.15625,2.420518e+00,4.238859e-02,2.378130e+00
1342.71875,1342.875,0.15625,2.366157e+00,4.238859e-02,2.323769e+00
1342.875,1343.03125,0.15625,2.307467e+00,4.238859e-02,2.265079e+00
1343.03125,1343.1875,0.15625,2.261370e+00,4.238859e-02,2.218981e+00
1343.1875,1343.34375,0.15625,2.244341e+00,4.238859e-02,2.201952e+00
1343.34375,1343.5,0.15625,2.244341e+00,4.238859e-02,2.201952e+00
1343.5,1343.65625,0.15625,2.266536e+00,4.238859e-02,2.224147e+00
1343.65625,1343.8125,0.15625,2.328855e+00,4.238859e-02,2.286467e+00
1343.8125,1343.96875,0.15625,2.424052e+00,4.238859e-02,2.381663e+00
1343.96875,1344.125,0.15625,2.541263e+00,4.238859e-02,2.498874e+00
1344.125,1344.28125,0.15625,2.671835e+00,4.238859e-02,2.629446e+00
1344.28125,1344.4375,0.15625,2.813681e+00,4.238859e-02,2.771292e+00
1344.4375,1344.59375,0.15625,2.971941e+00,4.238859e-02,2.929552e+00
1344.59375,1344.75,0.15625,3.155258e+00,4.238859e-02,3.112870e+00
1344.75,1344.90625,0.15625,3.368936e+00,4.238859e-02,3.326548e+00
1344.90625,1345.0625,0.15625,3.607794e+00,4.238859e-02,3.565405e+00
1345.0625,1345.21875,0.15625,3.851985e+00,4.238859e-02,3.809596e+00
1345.21875,1345.375,0.15625,4.068135e+00,4.238859e-02,4.025746e+00
1345.375,1345.53125,0.15625,4.216211e+00,4.238859e-02,4.173822e+00
1345.53125,1345.6875,0.15625,4.179856e+00,4.238859e-02,4.137468e+00
1345.6875,1345.84375,0.15625,3.977731e+00,4.238859e-02,3.935343e+00
1345.84375,1346,0.15625,3.682182e+00,4.238859e-02,3.639793e+00
1346,1346.15625,0.15625,3.342210e+00,4.238859e-02,3.299822e+00
1346.15625,1346.3125,0.15625,3.017514e+00,4.238859e-02,2.975125e+00
1346.3125,1346.46875,0.15625,2.765868e+00,4.238859e-02,2.723479e+00
1346.46875,1346.625,0.15625,2.631200e+00,4.238859e-02,2.588812e+00
1346.625,1346.78125,0.15625,2.631200e+00,4.238859e-02,2.588812e+00
1346.78125,1346.9375,0.15625,2.635105e+00,4.238859e-02,2.592716e+00
1346.9375,1347.09375,0.15625,2.773428e+00,4.238859e-02,2.731040e+00
1347.09375,1347.25,0.15625,3.018287e+00,4.238859e-02,2.975898e+00
1347.25,1347.40625,0.15625,3.324701e+00,4.238859e-02,3.282312e+00
1347.40625,1347.5625,0.15625,3.640214e+00,4.238859e-02,3.597825e+00
1347.5625,1347.71875,0.15625,3.915324e+00,4.238859e-02,3.872936e+00
1347.71875,1347.875,0.15625,4.112439e+00,4.238859e-02,4.070051e+00
1347.875,1348.03125,0.15625,4.210409e+00,4.238859e-02,4.168020e+00
1348.03125,1348.1875,0.15625,4.122500e+00,4.238859e-02,4.080111e+00
1348.1875,1348.34375,0.15625,3.968786e+00,4.238859e-02,3.926398e+00
1348.34375,1348.5,0.15625,3.770899e+00,4.238859e-02,3.728510e+00
1348.5,1348.65625,0.15625,3.545028e+00,4.238859e-02,3.502640e+00
1348.65625,1348.8125,0.15625,3.299400e+00,4.238859e-02,3.257011e+00
1348.8125,1348.96875,0.15625,3.035644e+00,4.238859e-02,2.993255e+00
1348.96875,1349.125,0.15625,2.753078e+00,4.238859e-02,2.710690e+00
1349.125,1349.28125,0.15625,2.453910e+00,4.238859e-02,2.411522e+00
1349.28125,1349.4375,0.15625,2.147214e+00,4.238859e-02,2.104825e+00
1349.4375,1349.59375,0.15625,1.850208e+00,4.238859e-02,1.807820e+00
1349.59375,1349.75,0.15625,1.586489e+00,4.238859e-02,1.544101e+00
1349.75,1349.90625,0.15625,1.381916e+00,4.238859e-02,1.339528e+00
1349.90625,1350.0625,0.15625,1.259504e+00,4.238859e-02,1.217115e+00
1350.0625,1350.21875,0.15625,1.234707e+00,4.238859e-02,1.192318e+00
1350.21875,1350.375,0.15625,1.234707e+00,4.238859e-02,1.192318e+00
1350.375,1350.53125,0.15625,1.312174e+00,4.238859e-02,1.269786e+00
1350.53125,1350.6875,0.15625,1.484551e+00,4.238859e-02,1.442162e+00
1350.6875,1350.84375,0.15625,1.733429e+00,4.238859e-02,1.691040e+00
1350.84375,1351,0.15625,2.032192e+00,4.238859e-02,1.989804e+00
1351,1351.15625,0.15625,2.350130e+00,4.238859e-02,2.307742e+00
1351.15625,1351.3125,0.15625,2.656996e+00,4.238859e-02,2.614608e+00
1351.3125,1351.46875,0.15625,2.927096e+00,4.238859e-02,2.884707e+00
1351.46875,1351.625,0.15625,3.142213e+00,4.238859e-02,3.099824e+00
1351.625,1351.78125,0.15625,3.293097e+00,4.238859e-02,3.250708e+00
1351.78125,1351.9375,0.15625,3.379713e+00,4.238859e-02,3.337324e+00
1351.9375,1352.09375,0.15625,3.402228e+00,4.238859e-02,3.359839e+00
1352.09375,1352.25,0.15625,3.376426e+00,4.238859e-02,3.334038e+00
1352.25,1352.40625,0.15625,3.358440e+00,4.238859e-02,3.316052e+00
1352.40625,1352.5625,0.15625,3.358440e+00,4.238859e-02,3.316052e+00
1352.5625,1352.71875,0.15625,3.372230e+00,4.238859e-02,3.329842e+00
1352.71875,1352.875,0.15625,3.435075e+00,4.238859e-02,3.392686e+00
1352.875,1353.03125,0.15625,3.552035e+00,4.238859e-02,3.509647e+00
1353.03125,1353.1875,0.15625,3.712230e+00,4.238859e-02,3.669841e+00
1353.1875,1353.34375,0.15625,3.888737e+00,4.238859e-02,3.846348e+00
1353.34375,1353.5,0.15625,4.043064e+00,4.238859e-02,4.000676e+00
1353.5,1353.65625,0.15625,4.126028e+00,4.238859e-02,4.083639e+00
1353.65625,1353.8125,0.15625,4.002608e+00,4.238859e-02,3.960219e+00
1353.8125,1353.96875,0.15625,3.767852e+00,4.238859e-02,3.725463e+00
1353.96875,1354.125,0.15625,3.448631e+00,4.238859e-02,3.406242e+00
1354.125,1354.28125,0.15625,3.088870e+00,4.238859e-02,3.046482e+00
1354.28125,1354.4375,0.15625,2.740300e+00,4.238859e-02,2.697912e+00
1354.4375,1354.59375,0.15625,2.451780e+00,4.238859e-02,2.409392e+00
1354.59375,1354.75,0.15625,2.259881e+00,4.238859e-02,2.217492e+00
1354.75,1354.90625,0.15625,2.182829e+00,4.238859e-02,2.140441e+00
1354.90625,1355.0625,0.15625,2.182829e+00,4.238859e-02,2.140441e+00
1355.0625,1355.21875,0.15625,2.218872e+00,4.238859e-02,2.176483e+00
1355.21875,1355.375,0.15625,2.348921e+00,4.238859e-02,2.306532e+00
1355.375,1355.53125,0.15625,2.542326e+00,4.238859e-02,2.499937e+00
1355.53125,1355.6875,0.15625,2.764028e+00,4.238859e-02,2.721639e+00
1355.6875,1355.84375,0.15625,2.981263e+00,4.238859e-02,2.938875e+00
1355.84375,1356,0.15625,3.168463e+00,4.238859e-02,3.126074e+00
1356,1356.15625,0.15625,3.309775e+00,4.238859e-02,3.267387e+00
1356.15625,1356.3125,0.15625,3.399444e+00,4.238859e-02,3.357055e+00
1356.3125,1356.46875,0.15625,3.440766e+00,4.238859e-02,3.398378e+00
1356.46875,1356.625,0.15625,3.426070e+00,4.238859e-02,3.383681e+00
1356.625,1356.78125,0.15625,3.404474e+00,4.238859e-02,3.362085e+00
1356.78125,1356.9375,0.15625,3.397706e+00,4.238859e-02,3.355318e+00
1356.9375,1357.09375,0.15625,3.397706e+00,4.238859e-02,3.355318e+00
1357.09375,1357.25,0.15625,3.419738e+00,4.238859e-02,3.377350e+00
1357.25,1357.40625,0.15625,3.476682e+00,4.238859e-02,3.434293e+00
1357.40625,1357.5625,0.15625,3.564188e+00,4.238859e-02,3.521800e+00
1357.5625,1357.71875,0.15625,3.666969e+00,4.238859e-02,3.624580e+00
1357.71875,1357.875,0.15625,3.760964e+00,4.238859e-02,3.718575e+00
1357.875,1358.03125,0.15625,3.811274e+00,4.238859e-02,3.768885e+00
1358.03125,1358.1875,0.15625,3.722239e+00,4.238859e-02,3.679850e+00
1358.1875,1358.34375,0.15625,3.544299e+00,4.238859e-02,3.501910e+00
1358.34375,1358.5,0.15625,3.285576e+00,4.238859e-02,3.243188e+00
1358.5,1358.65625,0.15625,2.968360e+00,4.238859e-02,2.925972e+00
1358.65625,1358.8125,0.15625,2.625974e+00,4.238859e-02,2.583585e+00
1358.8125,1358.96875,0.15625,2.297536e+00,4.238859e-02,2.255147e+00
1358.96875,1359.125,0.15625,2.021561e+00,4.238859e-02,1.979173e+00
1359.125,1359.28125,0.15625,1.829576e+00,4.238859e-02,1.787188e+00
1359.28125,1359.4375,0.15625,1.740955e+00,4.238859e-02,1.698567e+00
1359.4375,1359.59375,0.15625,1.740955e+00,4.238859e-02,1.698567e+00
1359.59375,1359.75,0.15625,1.760004e+00,4.238859e-02,1.717616e+00
1359.75,1359.90625,0.15625,1.875887e+00,4.238859e-02,1.833498e+00
1359.90625,1360.0625,0.15625,2.065369e+00,4.238859e-02,2.022981e+00
1360.0625,1360.21875,0.15625,2.297684e+00,4.238859e-02,2.255295e+00
1360.21875,1360.375,0.15625,2.540276e+00,4.238859e-02,2.497887e+00
1360.375,1360.53125,0.15625,2.763956e+00,4.238859e-02,2.721567e+00
1360.53125,1360.6875,0.15625,2.946291e+00,4.238859e-02,2.903903e+00
1360.6875,1360.84375,0.15625,3.072753e+00,4.238859e-02,3.030364e+00
1360.84375,1361,0.15625,3.134725e+00,4.238859e-02,3.092336e+00
1361,1361.15625,0.15625,3.072204e+00,4.238859e-02,3.029816e+00
1361.15625,1361.3125,0.15625,2.956856e+00,4.238859e-02,2.914467e+00
1361.3125,1361.46875,0.15625,2.802808e+00,4.238859e-02,2.760419e+00
1361.46875,1361.625,0.15625,2.630453e+00,4.238859e-02,2.588065e+00
1361.625,1361.78125,0.15625,2.465455e+00,4.238859e-02,2.423066e+00
1361.78125,1361.9375,0.15625,2.335636e+00,4.238859e-02,2.293247e+00
1361.9375,1362.09375,0.15625,2.266172e+00,4.238859e-02,2.223783e+00
1362.09375,1362.25,0.15625,2.266172e+00,4.238859e-02,2.223783e+00
1362.25,1362.40625,0.15625,2.274425e+00,4.238859e-02,2.232036e+00
1362.40625,1362.5625,0.15625,2.366179e+00,4.238859e-02,2.323790e+00
1362.5625,1362.71875,0.15625,2.534611e+00,4.238859e-02,2.492223e+00
1362.71875,1362.875,0.15625,2.762373e+00,4.238859e-02,2.719985e+00
1362.875,1363.03125,0.15625,3.026001e+00,4.238859e-02,2.983612e+00
1363.03125,1363.1875,0.15625,3.301096e+00,4.238859e-02,3.258708e+00
1363.1875,1363.34375,0.15625,3.566612e+00,4.238859e-02,3.524223e+00
1363.34375,1363.5,0.15625,3.807133e+00,4.238859e-02,3.764744e+00
1363.5,1363.65625,0.15625,4.012992e+00,4.238859e-02,3.970603e+00
1363.65625,1363.8125,0.15625,4.178881e+00,4.238859e-02,4.136493e+00
1363.8125,1363.96875,0.15625,4.302055e+00,4.238859e-02,4.259667e+00
1363.96875,1364.125,0.15625,4.381047e+00,4.238859e-02,4.338658e+00
1364.125,1364.28125,0.15625,4.405317e+00,4.238859e-02,4.362928e+00
1364.28125,1364.4375,0.15625,4.353234e+00,4.238859e-02,4.310845e+00
1364.4375,1364.59375,0.15625,4.262430e+00,4.238859e-02,4.220042e+00
1364.59375,1364.75,0.15625,4.136897e+00,4.238859e-02,4.094509e+00
1364.75,1364.90625,0.15625,3.980244e+00,4.238859e-02,3.937856e+00
1364.90625,1365.0625,0.15625,3.795217e+00,4.238859e-02,3.752829e+00
1365.0625,1365.21875,0.15625,3.584309e+00,4.238859e-02,3.541920e+00
1365.21875,1365.375,0.15625,3.351522e+00,4.238859e-02,3.309134e+00
1365.375,1365.53125,0.15625,3.104643e+00,4.238859e-02,3.062254e+00
1365.53125,1365.6875,0.15625,2.856828e+00,4.238859e-02,2.814440e+00
1365.6875,1365.84375,0.15625,2.626338e+00,4.238859e-02,2.583950e+00
1365.84375,1366,0.15625,2.433850e+00,4.238859e-02,2.391461e+00
1366,1366.15625,0.15625,2.297854e+00,4.238859e-02,2.255465e+00
1366.15625,1366.3125,0.15625,2.229602e+00,4.238859e-02,2.187213e+00
1366.3125,1366.46875,0.15625,2.229511e+00,4.238859e-02,2.187123e+00
1366.46875,1366.625,0.15625,2.229511e+00,4.238859e-02,2.187123e+00
1366.625,1366.78125,0.15625,2.286561e+00,4.238859e-02,2.244172e+00
1366.78125,1366.9375,0.15625,2.381123e+00,4.238859e-02,2.338734e+00
1366.9375,1367.09375,0.15625,2.490322e+00,4.238859e-02,2.447934e+00
1367.09375,1367.25,0.15625,2.593976e+00,4.238859e-02,2.551588e+00
1367.25,1367.40625,0.15625,2.678947e+00,4.238859e-02,2.636558e+00
1367.40625,1367.5625,0.15625,2.740448e+00,4.238859e-02,2.698059e+00
1367.5625,1367.71875,0.15625,2.780205e+00,4.238859e-02,2.737816e+00
1367.71875,1367.875,0.15625,2.802723e+00,4.238859e-02,2.760335e+00
1367.875,1368.03125,0.15625,2.808175e+00,4.238859e-02,2.765786e+00
1368.03125,1368.1875,0.15625,2.791492e+00,4.238859e-02,2.749104e+00
1368.1875,1368.34375,0.15625,2.761598e+00,4.238859e-02,2.719209e+00
1368.34375,1368.5,0.15625,2.721666e+00,4.238859e-02,2.679278e+00
1368.5,1368.65625,0.15625,2.678944e+00,4.238859e-02,2.636556e+00
1368.65625,1368.8125,0.15625,2.643184e+00,4.238859e-02,2.600795e+00
1368.8125,1368.96875,0.15625,2.623294e+00,4.238859e-02,2.580905e+00
1368.96875,1369.125,0.15625,2.623294e+00,4.238859e-02,2.580905e+00
1369.125,1369.28125,0.15625,2.623898e+00,4.238859e-02,2.581509e+00
1369.28125,1369.4375,0.15625,2.643672e+00,4.238859e-02,2.601284e+00
1369.4375,1369.59375,0.15625,2.676493e+00,4.238859e-02,2.634105e+00
1369.59375,1369.75,0.15625,2.715001e+00,4.238859e-02,2.672613e+00
1369.75,1369.90625,0.15625,2.754921e+00,4.238859e-02,2.712532e+00
1369.90625,1370.0625,0.15625,2.798000e+00,4.238859e-02,2.755611e+00
1370.0625,1370.21875,0.15625,2.852006e+00,4.238859e-02,2.809618e+00
1370.21875,1370.375,0.15625,2.927547e+00,4.238859e-02,2.885159e+00
1370.375,1370.53125,0.15625,3.032903e+00,4.238859e-02,2.990514e+00
1370.53125,1370.6875,0.15625,3.168964e+00,4.238859e-02,3.126575e+00
1370.6875,1370.84375,0.15625,3.326293e+00,4.238859e-02,3.283905e+00
1370.84375,1371,0.15625,3.485499e+00,4.238859e-02,3.443110e+00
1371,1371.15625,0.15625,3.620873e+00,4.238859e-02,3.578484e+00
1371.15625,1371.3125,0.15625,3.706204e+00,4.238859e-02,3.663815e+00
1371.3125,1371.46875,0.15625,3.656369e+00,4.238859e-02,3.613980e+00
1371.46875,1371.625,0.15625,3.516683e+00,4.238859e-02,3.474295e+00
1371.625,1371.78125,0.15625,3.320776e+00,4.238859e-02,3.278387e+00
1371.78125,1371.9375,0.15625,3.098204e+00,4.238859e-02,3.055816e+00
1371.9375,1372.09375,0.15625,2.883802e+00,4.238859e-02,2.841414e+00
1372.09375,1372.25,0.15625,2.710789e+00,4.238859e-02,2.668401e+00
1372.25,1372.40625,0.15625,2.604143e+00,4.238859e-02,2.561755e+00
1372.40625,1372.5625,0.15625,2.575872e+00,4.238859e-02,2.533483e+00
1372.5625,1372.71875,0.15625,2.575872e+00,4.238859e-02,2.533483e+00
1372.71875,1372.875,0.15625,2.623406e+00,4.238859e-02,2.581017e+00
1372.875,1373.03125,0.15625,2.731423e+00,4.238859e-02,2.689034e+00
1373.03125,1373.1875,0.15625,2.876398e+00,4.238859e-02,2.834009e+00
1373.1875,1373.34375,0.15625,3.032355e+00,4.238859e-02,2.989966e+00
1373.34375,1373.5,0.15625,3.176142e+00,4.238859e-02,3.133753e+00
1373.5,1373.65625,0.15625,3.290988e+00,4.238859e-02,3.248600e+00
1373.65625,1373.8125,0.15625,3.367982e+00,4.238859e-02,3.325593e+00
1373.8125,1373.96875,0.15625,3.405850e+00,4.238859e-02,3.363461e+00
1373.96875,1374.125,0.15625,3.389940e+00,4.238859e-02,3.347551e+00
1374.125,1374.28125,0.15625,3.359564e+00,4.238859e-02,3.317176e+00
1374.28125,1374.4375,0.15625,3.332970e+00,4.238859e-02,3.290582e+00
1374.4375,1374.59375,0.15625,3.322962e+00,4.238859e-02,3.280573e+00
1374.59375,1374.75,0.15625,3.322962e+00,4.238859e-02,3.280573e+00
1374.75,1374.90625,0.15625,3.338254e+00,4.238859e-02,3.295865e+00
1374.90625,1375.0625,0.15625,3.381508e+00,4.238859e-02,3.339119e+00
1375.0625,1375.21875,0.15625,3.448705e+00,4.238859e-02,3.406316e+00
1375.21875,1375.375,0.15625,3.530193e+00,4.238859e-02,3.487804e+00
1375.375,1375.53125,0.15625,3.613112e+00,4.238859e-02,3.570723e+00
1375.53125,1375.6875,0.15625,3.684426e+00,4.238859e-02,3.642037e+00
1375.6875,1375.84375,0.15625,3.733617e+00,4.238859e-02,3.691229e+00
1375.84375,1376,0.15625,3.744643e+00,4.238859e-02,3.702255e+00
1376,1376.15625,0.15625,3.706022e+00,4.238859e-02,3.663633e+00
1376.15625,1376.3125,0.15625,3.641382e+00,4.238859e-02,3.598994e+00
1376.3125,1376.46875,0.15625,3.552834e+00,4.238859e-02,3.510445e+00
1376.46875,1376.625,0.15625,3.439878e+00,4.238859e-02,3.397489e+00
1376.625,1376.78125,0.15625,3.298790e+00,4.238859e-02,3.256402e+00
1376.78125,1376.9375,0.15625,3.123641e+00,4.238859e-02,3.081252e+00
1376.9375,1377.09375,0.15625,2.908842e+00,4.238859e-02,2.866453e+00
1377.09375,1377.25,0.15625,2.652508e+00,4.238859e-02,2.610119e+00
1377.25,1377.40625,0.15625,2.359443e+00,4.238859e-02,2.317054e+00
1377.40625,1377.5625,0.15625,2.042668e+00,4.238859e-02,2.000280e+00
1377.5625,1377.71875,0.15625,1.722898e+00,4.238859e-02,1.680509e+00
1377.71875,1377.875,0.15625,1.426148e+00,4.238859e-02,1.383760e+00
1377.875,1378.03125,0.15625,1.180293e+00,4.238859e-02,1.137904e+00
1378.03125,1378.1875,0.15625,1.011508e+00,4.238859e-02,9.691194e-01
1378.1875,1378.34375,0.15625,9.413072e-01,4.238859e-02,8.989186e-01
1378.34375,1378.5,0.15625,9.413072e-01,4.238859e-02,8.989186e-01
1378.5,1378.65625,0.15625,9.843261e-01,4.238859e-02,9.419375e-01
1378.65625,1378.8125,0.15625,1.146650e+00,4.238859e-02,1.104261e+00
1378.8125,1378.96875,0.15625,1.424434e+00,4.238859e-02,1.382046e+00
1378.96875,1379.125,0.15625,1.802895e+00,4.238859e-02,1.760507e+00
1379.125,1379.28125,0.15625,2.256164e+00,4.238859e-02,2.213775e+00
1379.28125,1379.4375,0.15625,2.748728e+00,4.238859e-02,2.706340e+00
1379.4375,1379.59375,0.15625,3.238961e+00,4.238859e-02,3.196572e+00
1379.59375,1379.75,0.15625,3.684561e+00,4.238859e-02,3.642172e+00
1379.75,1379.90625,0.15625,4.048920e+00,4.238859e-02,4.006531e+00
1379.90625,1380.0625,0.15625,4.306805e+00,4.238859e-02,4.264416e+00
1380.0625,1380.21875,0.15625,4.447736e+00,4.238859e-02,4.405348e+00
1380.21875,1380.375,0.15625,4.408121e+00,4.238859e-02,4.365732e+00
1380.375,1380.53125,0.15625,4.267033e+00,4.238859e-02,4.224644e+00
1380.53125,1380.6875,0.15625,4.078065e+00,4.238859e-02,4.035676e+00
1380.6875,1380.84375,0.15625,3.864925e+00,4.238859e-02,3.822536e+00
1380.84375,1381,0.15625,3.648295e+00,4.238859e-02,3.605907e+00
1381,1381.15625,0.15625,3.445882e+00,4.238859e-02,3.403493e+00
1381.15625,1381.3125,0.15625,3.272875e+00,4.238859e-02,3.230487e+00
1381.3125,1381.46875,0.15625,3.141730e+00,4.238859e-02,3.099341e+00
1381.46875,1381.625,0.15625,3.060905e+00,4.238859e-02,3.018516e+00
1381.625,1381.78125,0.15625,3.033104e+00,4.238859e-02,2.990715e+00
1381.78125,1381.9375,0.15625,3.033104e+00,4.238859e-02,2.990715e+00
1381.9375,1382.09375,0.15625,3.054076e+00,4.238859e-02,3.011688e+00
1382.09375,1382.25,0.15625,3.112905e+00,4.238859e-02,3.070516e+00
1382.25,1382.40625,0.15625,3.193988e+00,4.238859e-02,3.151599e+00
1382.40625,1382.5625,0.15625,3.280146e+00,4.238859e-02,3.237758e+00
1382.5625,1382.71875,0.15625,3.355819e+00,4.238859e-02,3.313430e+00
1382.71875,1382.875,0.15625,3.409445e+00,4.238859e-02,3.367056e+00
1382.875,1383.03125,0.15625,3.430320e+00,4.238859e-02,3.387932e+00
1383.03125,1383.1875,0.15625,3.399999e+00,4.238859e-02,3.357610e+00
1383.1875,1383.34375,0.15625,3.350672e+00,4.238859e-02,3.308283e+00
1383.34375,1383.5,0.15625,3.291182e+00,4.238859e-02,3.248794e+00
1383.5,1383.65625,0.15625,3.230240e+00,4.238859e-02,3.187852e+00
1383.65625,1383.8125,0.15625,3.174416e+00,4.238859e-02,3.132027e+00
1383.8125,1383.96875,0.15625,3.126739e+00,4.238859e-02,3.084350e+00
1383.96875,1384.125,0.15625,3.086534e+00,4.238859e-02,3.044146e+00
1384.125,1384.28125,0.15625,3.050652e+00,4.238859e-02,3.008263e+00
1384.28125,1384.4375,0.15625,3.015537e+00,4.238859e-02,2.973149e+00
1384.4375,1384.59375,0.15625,2.979038e+00,4.238859e-02,2.936650e+00
1384.59375,1384.75,0.15625,2.940911e+00,4.238859e-02,2.898523e+00
1384.75,1384.90625,0.15625,2.901687e+00,4.238859e-02,2.859298e+00
1384.90625,1385.0625,0.15625,2.860602e+00,4.238859e-02,2.818213e+00
1385.0625,1385.21875,0.15625,2.813996e+00,4.238859e-02,2.771607e+00
1385.21875,1385.375,0.15625,2.755559e+00,4.238859e-02,2.713170e+00
1385.375,1385.53125,0.15625,2.678919e+00,4.238859e-02,2.636531e+00
1385.53125,1385.6875,0.15625,2.581816e+00,4.238859e-02,2.539427e+00
1385.6875,1385.84375,0.15625,2.470069e+00,4.238859e-02,2.427681e+00
1385.84375,1386,0.15625,2.359368e+00,4.238859e-02,2.316980e+00
1386,1386.15625,0.15625,2.273576e+00,4.238859e-02,2.231188e+00
1386.15625,1386.3125,0.15625,2.239586e+00,4.238859e-02,2.197198e+00
1386.3125,1386.46875,0.15625,2.239586e+00,4.238859e-02,2.197198e+00
1386.46875,1386.625,0.15625,2.280077e+00,4.238859e-02,2.237688e+00
1386.625,1386.78125,0.15625,2.406359e+00,4.238859e-02,2.363971e+00
1386.78125,1386.9375,0.15625,2.613517e+00,4.238859e-02,2.571129e+00
1386.9375,1387.09375,0.15625,2.879350e+00,4.238859e-02,2.836961e+00
1387.09375,1387.25,0.15625,3.167514e+00,4.238859e-02,3.125125e+00
1387.25,1387.40625,0.15625,3.434138e+00,4.238859e-02,3.391749e+00
1387.40625,1387.5625,0.15625,3.636337e+00,4.238859e-02,3.593948e+00
1387.5625,1387.71875,0.15625,3.730047e+00,4.238859e-02,3.687659e+00
1387.71875,1387.875,0.15625,3.606678e+00,4.238859e-02,3.564290e+00
1387.875,1388.03125,0.15625,3.392107e+00,4.238859e-02,3.349719e+00
1388.03125,1388.1875,0.15625,3.122685e+00,4.238859e-02,3.080296e+00
1388.1875,1388.34375,0.15625,2.842390e+00,4.238859e-02,2.800001e+00
1388.34375,1388.5,0.15625,2.594168e+00,4.238859e-02,2.551780e+00
1388.5,1388.65625,0.15625,2.411733e+00,4.238859e-02,2.369345e+00
1388.65625,1388.8125,0.15625,2.313704e+00,4.238859e-02,2.271316e+00
1388.8125,1388.96875,0.15625,2.301453e+00,4.238859e-02,2.259064e+00
1388.96875,1389.125,0.15625,2.301453e+00,4.238859e-02,2.259064e+00
1389.125,1389.28125,0.15625,2.361079e+00,4.238859e-02,2.318691e+00
1389.28125,1389.4375,0.15625,2.468791e+00,4.238859e-02,2.426402e+00
1389.4375,1389.59375,0.15625,2.597949e+00,4.238859e-02,2.555561e+00
1389.59375,1389.75,0.15625,2.725604e+00,4.238859e-02,2.683215e+00
1389.75,1389.90625,0.15625,2.836654e+00,4.238859e-02,2.794266e+00
1389.90625,1390.0625,0.15625,2.924786e+00,4.238859e-02,2.882398e+00
1390.0625,1390.21875,0.15625,2.990625e+00,4.238859e-02,2.948237e+00
1390.21875,1390.375,0.15625,3.038563e+00,4.238859e-02,2.996175e+00
1390.375,1390.53125,0.15625,3.073956e+00,4.238859e-02,3.031568e+00
1390.53125,1390.6875,0.15625,3.101831e+00,4.238859e-02,3.059442e+00
1390.6875,1390.84375,0.15625,3.127155e+00,4.238859e-02,3.084767e+00
1390.84375,1391,0.15625,3.155786e+00,4.238859e-02,3.113398e+00
1391,1391.15625,0.15625,3.194883e+00,4.238859e-02,3.152495e+00
1391.15625,1391.3125,0.15625,3.252026e+00,4.238859e-02,3.209637e+00
1391.3125,1391.46875,0.15625,3.333163e+00,4.238859e-02,3.290775e+00
1391.46875,1391.625,0.15625,3.440303e+00,4.238859e-02,3.397915e+00
1391.625,1391.78125,0.15625,3.570065e+00,4.238859e-02,3.527676e+00
1391.78125,1391.9375,0.15625,3.713799e+00,4.238859e-02,3.671410e+00
1391.9375,1392.09375,0.15625,3.859199e+00,4.238859e-02,3.816810e+00
1392.09375,1392.25,0.15625,3.992669e+00,4.238859e-02,3.950281e+00
1392.25,1392.40625,0.15625,4.101498e+00,4.238859e-02,4.059110e+00
1392.40625,1392.5625,0.15625,4.175177e+00,4.238859e-02,4.132789e+00
1392.5625,1392.71875,0.15625,4.187699e+00,4.238859e-02,4.145310e+00
1392.71875,1392.875,0.15625,4.117770e+00,4.238859e-02,4.075381e+00
1392.875,1393.03125,0.15625,3.995626e+00,4.238859e-02,3.953237e+00
1393.03125,1393.1875,0.15625,3.824977e+00,4.238859e-02,3.782589e+00
1393.1875,1393.34375,0.15625,3.614927e+00,4.238859e-02,3.572538e+00
1393.34375,1393.5,0.15625,3.380578e+00,4.238859e-02,3.338190e+00
1393.5,1393.65625,0.15625,3.142035e+00,4.238859e-02,3.099647e+00
1393.65625,1393.8125,0.15625,2.921380e+00,4.238859e-02,2.878992e+00
1393.8125,1393.96875,0.15625,2.738046e+00,4.238859e-02,2.695657e+00
1393.96875,1394.125,0.15625,2.603862e+00,4.238859e-02,2.561474e+00
1394.125,1394.28125,0.15625,2.519565e+00,4.238859e-02,2.477176e+00
1394.28125,1394.4375,0.15625,2.474323e+00,4.238859e-02,2.431934e+00
1394.4375,1394.59375,0.15625,2.448932e+00,4.238859e-02,2.406543e+00
1394.59375,1394.75,0.15625,2.421947e+00,4.238859e-02,2.379558e+00
1394.75,1394.90625,0.15625,2.376815e+00,4.238859e-02,2.334427e+00
1394.90625,1395.0625,0.15625,2.307534e+00,4.238859e-02,2.265146e+00
1395.0625,1395.21875,0.15625,2.220769e+00,4.238859e-02,2.178380e+00
1395.21875,1395.375,0.15625,2.133600e+00,4.238859e-02,2.091211e+00
1395.375,1395.53125,0.15625,2.067654e+00,4.238859e-02,2.025265e+00
1395.53125,1395.6875,0.15625,2.041689e+00,4.238859e-02,1.999301e+00
1395.6875,1395.84375,0.15625,2.041689e+00,4.238859e-02,1.999301e+00
1395.84375,1396,0.15625,2.065271e+00,4.238859e-02,2.022882e+00
1396,1396.15625,0.15625,2.135731e+00,4.238859e-02,2.093343e+00
1396.15625,1396.3125,0.15625,2.239413e+00,4.238859e-02,2.197025e+00
1396.3125,1396.46875,0.15625,2.356594e+00,4.238859e-02,2.314206e+00
1396.46875,1396.625,0.15625,2.468177e+00,4.238859e-02,2.425789e+00
1396.625,1396.78125,0.15625,2.561636e+00,4.238859e-02,2.519248e+00
1396.78125,1396.9375,0.15625,2.634101e+00,4.238859e-02,2.591713e+00
1396.9375,1397.09375,0.15625,2.691672e+00,4.238859e-02,2.649284e+00
1397.09375,1397.25,0.15625,2.745576e+00,4.238859e-02,2.703187e+00
1397.25,1397.40625,0.15625,2.806981e+00,4.238859e-02,2.764592e+00
1397.40625,1397.5625,0.15625,2.882642e+00,4.238859e-02,2.840253e+00
1397.5625,1397.71875,0.15625,2.972945e+00,4.238859e-02,2.930556e+00
1397.71875,1397.875,0.15625,3.072738e+00,4.238859e-02,3.030350e+00
1397.875,1398.03125,0.15625,3.174092e+00,4.238859e-02,3.131704e+00
1398.03125,1398.1875,0.15625,3.269552e+00,4.238859e-02,3.227163e+00
1398.1875,1398.34375,0.15625,3.354550e+00,4.238859e-02,3.312161e+00
1398.34375,1398.5,0.15625,3.428396e+00,4.238859e-02,3.386007e+00
1398.5,1398.65625,0.15625,3.493978e+00,4.238859e-02,3.451590e+00
1398.65625,1398.8125,0.15625,3.556726e+00,4.238859e-02,3.514337e+00
1398.8125,1398.96875,0.15625,3.623247e+00,4.238859e-02,3.580858e+00
1398.96875,1399.125,0.15625,3.699737e+00,4.238859e-02,3.657348e+00
1399.125,1399.28125,0.15625,3.790035e+00,4.238859e-02,3.747646e+00
1399.28125,1399.4375,0.15625,3.893380e+00,4.238859e-02,3.850991e+00
1399.4375,1399.59375,0.15625,4.002369e+00,4.238859e-02,3.959980e+00
1399.59375,1399.75,0.15625,4.102009e+00,4.238859e-02,4.059620e+00
1399.75,1399.90625,0.15625,4.170749e+00,4.238859e-02,4.128360e+00
1399.90625,1400.0625,0.15625,4.118581e+00,4.238859e-02,4.076193e+00
1400.0625,1400.21875,0.15625,3.960093e+00,4.238859e-02,3.917704e+00
1400.21875,1400.375,0.15625,3.706199e+00,4.238859e-02,3.663811e+00
1400.375,1400.53125,0.15625,3.369887e+00,4.238859e-02,3.327499e+00
1400.53125,1400.6875,0.15625,2.978755e+00,4.238859e-02,2.936367e+00
1400.6875,1400.84375,0.15625,2.571597e+00,4.238859e-02,2.529209e+00
1400.84375,1401,0.15625,2.192977e+00,4.238859e-02,2.150588e+00
1401,1401.15625,0.15625,1.886954e+00,4.238859e-02,1.844565e+00
1401.15625,1401.3125,0.15625,1.691052e+00,4.238859e-02,1.648663e+00
1401.3125,1401.46875,0.15625,1.631224e+00,4.238859e-02,1.588835e+00
1401.46875,1401.625,0.15625,1.631224e+00,4.238859e-02,1.588835e+00
1401.625,1401.78125,0.15625,1.718231e+00,4.238859e-02,1.675842e+00
1401.78125,1401.9375,0.15625,1.945692e+00,4.238859e-02,1.903303e+00
1401.9375,1402.09375,0.15625,2.290078e+00,4.238859e-02,2.247689e+00
1402.09375,1402.25,0.15625,2.712989e+00,4.238859e-02,2.670600e+00
1402.25,1402.40625,0.15625,3.165902e+00,4.238859e-02,3.123514e+00
1402.40625,1402.5625,0.15625,3.597104e+00,4.238859e-02,3.554716e+00
1402.5625,1402.71875,0.15625,3.959763e+00,4.238859e-02,3.917374e+00
1402.71875,1402.875,0.15625,4.219396e+00,4.238859e-02,4.177007e+00
1402.875,1403.03125,0.15625,4.358776e+00,4.238859e-02,4.316388e+00
1403.03125,1403.1875,0.15625,4.295323e+00,4.238859e-02,4.252935e+00
1403.1875,1403.34375,0.15625,4.132434e+00,4.238859e-02,4.090046e+00
1403.34375,1403.5,0.15625,3.915739e+00,4.238859e-02,3.873350e+00
1403.5,1403.65625,0.15625,3.666837e+00,4.238859e-02,3.624448e+00
1403.65625,1403.8125,0.15625,3.401378e+00,4.238859e-02,3.358990e+00
1403.8125,1403.96875,0.15625,3.130512e+00,4.238859e-02,3.088123e+00
1403.96875,1404.125,0.15625,2.864331e+00,4.238859e-02,2.821942e+00
1404.125,1404.28125,0.15625,2.615077e+00,4.238859e-02,2.572688e+00
1404.28125,1404.4375,0.15625,2.398126e+00,4.238859e-02,2.355737e+00
1404.4375,1404.59375,0.15625,2.229943e+00,4.238859e-02,2.187554e+00
1404.59375,1404.75,0.15625,2.123705e+00,4.238859e-02,2.081316e+00
1404.75,1404.90625,0.15625,2.084491e+00,4.238859e-02,2.042102e+00
1404.90625,1405.0625,0.15625,2.084491e+00,4.238859e-02,2.042102e+00
1405.0625,1405.21875,0.15625,2.106269e+00,4.238859e-02,2.063881e+00
1405.21875,1405.375,0.15625,2.172285e+00,4.238859e-02,2.129897e+00
1405.375,1405.53125,0.15625,2.259120e+00,4.238859e-02,2.216732e+00
1405.53125,1405.6875,0.15625,2.343205e+00,4.238859e-02,2.300816e+00
1405.6875,1405.84375,0.15625,2.407528e+00,4.238859e-02,2.365139e+00
1405.84375,1406,0.15625,2.446130e+00,4.238859e-02,2.403741e+00
1406,1406.15625,0.15625,2.464772e+00,4.238859e-02,2.422383e+00
1406.15625,1406.3125,0.15625,2.477615e+00,4.238859e-02,2.435226e+00
1406.3125,1406.46875,0.15625,2.501285e+00,4.238859e-02,2.458897e+00
1406.46875,1406.625,0.15625,2.548620e+00,4.238859e-02,2.506231e+00
1406.625,1406.78125,0.15625,2.624396e+00,4.238859e-02,2.582008e+00
1406.78125,1406.9375,0.15625,2.724369e+00,4.238859e-02,2.681980e+00
1406.9375,1407.09375,0.15625,2.837505e+00,4.238859e-02,2.795117e+00
1407.09375,1407.25,0.15625,2.950074e+00,4.238859e-02,2.907686e+00
1407.25,1407.40625,0.15625,3.049732e+00,4.238859e-02,3.007344e+00
1407.40625,1407.5625,0.15625,3.128181e+00,4.238859e-02,3.085792e+00
1407.5625,1407.71875,0.15625,3.181948e+00,4.238859e-02,3.139559e+00
1407.71875,1407.875,0.15625,3.211841e+00,4.238859e-02,3.169452e+00
1407.875,1408.03125,0.15625,3.219546e+00,4.238859e-02,3.177157e+00
1408.03125,1408.1875,0.15625,3.213890e+00,4.238859e-02,3.171501e+00
1408.1875,1408.34375,0.15625,3.213890e+00,4.238859e-02,3.171501e+00
1408.34375,1408.5,0.15625,3.216569e+00,4.238859e-02,3.174180e+00
1408.5,1408.65625,0.15625,3.239414e+00,4.238859e-02,3.197025e+00
1408.65625,1408.8125,0.15625,3.291795e+00,4.238859e-02,3.249406e+00
1408.8125,1408.96875,0.15625,3.377323e+00,4.238859e-02,3.334935e+00
1408.96875,1409.125,0.15625,3.491337e+00,4.238859e-02,3.448948e+00
1409.125,1409.28125,0.15625,3.620409e+00,4.238859e-02,3.578020e+00
1409.28125,1409.4375,0.15625,3.744519e+00,4.238859e-02,3.702130e+00
1409.4375,1409.59375,0.15625,3.841538e+00,4.238859e-02,3.799149e+00
1409.59375,1409.75,0.15625,3.888585e+00,4.238859e-02,3.846197e+00
1409.75,1409.90625,0.15625,3.830720e+00,4.238859e-02,3.788331e+00
1409.90625,1410.0625,0.15625,3.733463e+00,4.238859e-02,3.691075e+00
1410.0625,1410.21875,0.15625,3.620298e+00,4.238859e-02,3.577910e+00
1410.21875,1410.375,0.15625,3.518519e+00,4.238859e-02,3.476130e+00
1410.375,1410.53125,0.15625,3.452496e+00,4.238859e-02,3.410107e+00
1410.53125,1410.6875,0.15625,3.437379e+00,4.238859e-02,3.394990e+00
1410.6875,1410.84375,0.15625,3.437379e+00,4.238859e-02,3.394990e+00
1410.84375,1411,0.15625,3.474890e+00,4.238859e-02,3.432502e+00
1411,1411.15625,0.15625,3.552326e+00,4.238859e-02,3.509937e+00
1411.15625,1411.3125,0.15625,3.645007e+00,4.238859e-02,3.602618e+00
1411.3125,1411.46875,0.15625,3.721507e+00,4.238859e-02,3.679119e+00
1411.46875,1411.625,0.15625,3.706626e+00,4.238859e-02,3.664238e+00
1411.625,1411.78125,0.15625,3.577240e+00,4.238859e-02,3.534851e+00
1411.78125,1411.9375,0.15625,3.363812e+00,4.238859e-02,3.321423e+00
1411.9375,1412.09375,0.15625,3.082888e+00,4.238859e-02,3.040499e+00
1412.09375,1412.25,0.15625,2.763410e+00,4.238859e-02,2.721022e+00
1412.25,1412.40625,0.15625,2.441876e+00,4.238859e-02,2.399487e+00
1412.40625,1412.5625,0.15625,2.155917e+00,4.238859e-02,2.113529e+00
1412.5625,1412.71875,0.15625,1.937408e+00,4.238859e-02,1.895019e+00
1412.71875,1412.875,0.15625,1.806390e+00,4.238859e-02,1.764001e+00
1412.875,1413.03125,0.15625,1.767165e+00,4.238859e-02,1.724776e+00
1413.03125,1413.1875,0.15625,1.767165e+00,4.238859e-02,1.724776e+00
1413.1875,1413.34375,0.15625,1.807586e+00,4.238859e-02,1.765198e+00
1413.34375,1413.5,0.15625,1.902020e+00,4.238859e-02,1.859632e+00
1413.5,1413.65625,0.15625,2.017610e+00,4.238859e-02,1.975221e+00
1413.65625,1413.8125,0.15625,2.122586e+00,4.238859e-02,2.080198e+00
1413.8125,1413.96875,0.15625,2.194679e+00,4.238859e-02,2.152291e+00
1413.96875,1414.125,0.15625,2.227395e+00,4.238859e-02,2.185006e+00
1414.125,1414.28125,0.15625,2.232292e+00,4.238859e-02,2.189903e+00
1414.28125,1414.4375,0.15625,2.236298e+00,4.238859e-02,2.193910e+00
1414.4375,1414.59375,0.15625,2.274428e+00,4.238859e-02,2.232040e+00
1414.59375,1414.75,0.15625,2.379595e+00,4.238859e-02,2.337207e+00
1414.75,1414.90625,0.15625,2.572171e+00,4.238859e-02,2.529782e+00
1414.90625,1415.0625,0.15625,2.852227e+00,4.238859e-02,2.809838e+00
1415.0625,1415.21875,0.15625,3.196880e+00,4.238859e-02,3.154492e+00
1415.21875,1415.375,0.15625,3.563881e+00,4.238859e-02,3.521493e+00
1415.375,1415.53125,0.15625,3.900820e+00,4.238859e-02,3.858431e+00
1415.53125,1415.6875,0.15625,4.157577e+00,4.238859e-02,4.115188e+00
1415.6875,1415.84375,0.15625,4.298471e+00,4.238859e-02,4.256083e+00
1415.84375,1416,0.15625,4.204673e+00,4.238859e-02,4.162284e+00
1416,1416.15625,0.15625,4.011560e+00,4.238859e-02,3.969172e+00
1416.15625,1416.3125,0.15625,3.770503e+00,4.238859e-02,3.728114e+00
1416.3125,1416.46875,0.15625,3.518601e+00,4.238859e-02,3.476213e+00
1416.46875,1416.625,0.15625,3.281899e+00,4.238859e-02,3.239511e+00
1416.625,1416.78125,0.15625,3.071961e+00,4.238859e-02,3.029572e+00
1416.78125,1416.9375,0.15625,2.888318e+00,4.238859e-02,2.845930e+00
1416.9375,1417.09375,0.15625,2.725058e+00,4.238859e-02,2.682670e+00
1417.09375,1417.25,0.15625,2.578419e+00,4.238859e-02,2.536030e+00
1417.25,1417.40625,0.15625,2.452174e+00,4.238859e-02,2.409786e+00
1417.40625,1417.5625,0.15625,2.358756e+00,4.238859e-02,2.316368e+00
1417.5625,1417.71875,0.15625,2.315924e+00,4.238859e-02,2.273536e+00
1417.71875,1417.875,0.15625,2.315924e+00,4.238859e-02,2.273536e+00
1417.875,1418.03125,0.15625,2.340519e+00,4.238859e-02,2.298130e+00
1418.03125,1418.1875,0.15625,2.441822e+00,4.238859e-02,2.399433e+00
1418.1875,1418.34375,0.15625,2.616971e+00,4.238859e-02,2.574582e+00
1418.34375,1418.5,0.15625,2.849946e+00,4.238859e-02,2.807557e+00
1418.5,1418.65625,0.15625,3.114299e+00,4.238859e-02,3.071911e+00
1418.65625,1418.8125,0.15625,3.378582e+00,4.238859e-02,3.336193e+00
1418.8125,1418.96875,0.15625,3.612704e+00,4.238859e-02,3.570316e+00
1418.96875,1419.125,0.15625,3.793444e+00,4.238859e-02,3.751055e+00
1419.125,1419.28125,0.15625,3.907769e+00,4.238859e-02,3.865380e+00
1419.28125,1419.4375,0.15625,3.936951e+00,4.238859e-02,3.894562e+00
1419.4375,1419.59375,0.15625,3.870211e+00,4.238859e-02,3.827823e+00
1419.59375,1419.75,0.15625,3.766353e+00,4.238859e-02,3.723965e+00
1419.75,1419.90625,0.15625,3.636867e+00,4.238859e-02,3.594478e+00
1419.90625,1420.0625,0.15625,3.490482e+00,4.238859e-02,3.448094e+00
1420.0625,1420.21875,0.15625,3.334228e+00,4.238859e-02,3.291840e+00
1420.21875,1420.375,0.15625,3.175966e+00,4.238859e-02,3.133578e+00
1420.375,1420.53125,0.15625,3.027006e+00,4.238859e-02,2.984618e+00
1420.53125,1420.6875,0.15625,2.903206e+00,4.238859e-02,2.860817e+00
1420.6875,1420.84375,0.15625,2.823442e+00,4.238859e-02,2.781054e+00
1420.84375,1421,0.15625,2.805436e+00,4.238859e-02,2.763047e+00
1421,1421.15625,0.15625,2.805436e+00,4.238859e-02,2.763047e+00
1421.15625,1421.3125,0.15625,2.860078e+00,4.238859e-02,2.817690e+00
1421.3125,1421.46875,0.15625,2.986229e+00,4.238859e-02,2.943841e+00
1421.46875,1421.625,0.15625,3.167955e+00,4.238859e-02,3.125567e+00
1421.625,1421.78125,0.15625,3.375455e+00,4.238859e-02,3.333067e+00
1421.78125,1421.9375,0.15625,3.569732e+00,4.238859e-02,3.527344e+00
1421.9375,1422.09375,0.15625,3.709905e+00,4.238859e-02,3.667516e+00
1422.09375,1422.25,0.15625,3.702677e+00,4.238859e-02,3.660288e+00
1422.25,1422.40625,0.15625,3.530153e+00,4.238859e-02,3.487765e+00
1422.40625,1422.5625,0.15625,3.258523e+00,4.238859e-02,3.216135e+00
1422.5625,1422.71875,0.15625,2.918476e+00,4.238859e-02,2.876087e+00
1422.71875,1422.875,0.15625,2.551269e+00,4.238859e-02,2.508880e+00
1422.875,1423.03125,0.15625,2.201676e+00,4.238859e-02,2.159288e+00
1423.03125,1423.1875,0.15625,1.910552e+00,4.238859e-02,1.868164e+00
1423.1875,1423.34375,0.15625,1.708271e+00,4.238859e-02,1.665882e+00
1423.34375,1423.5,0.15625,1.610126e+00,4.238859e-02,1.567738e+00
1423.5,1423.65625,0.15625,1.610126e+00,4.238859e-02,1.567738e+00
1423.65625,1423.8125,0.15625,1.614466e+00,4.238859e-02,1.572077e+00
1423.8125,1423.96875,0.15625,1.703943e+00,4.238859e-02,1.661554e+00
1423.96875,1424.125,0.15625,1.849805e+00,4.238859e-02,1.807417e+00
1424.125,1424.28125,0.15625,2.018512e+00,4.238859e-02,1.976124e+00
1424.28125,1424.4375,0.15625,2.179374e+00,4.238859e-02,2.136986e+00
1424.4375,1424.59375,0.15625,2.311438e+00,4.238859e-02,2.269050e+00
1424.59375,1424.75,0.15625,2.407803e+00,4.238859e-02,2.365415e+00
1424.75,1424.90625,0.15625,2.476108e+00,4.238859e-02,2.433720e+00
1424.90625,1425.0625,0.15625,2.534995e+00,4.238859e-02,2.492606e+00
1425.0625,1425.21875,0.15625,2.607637e+00,4.238859e-02,2.565249e+00
1425.21875,1425.375,0.15625,2.714375e+00,4.238859e-02,2.671987e+00
1425.375,1425.53125,0.15625,2.866750e+00,4.238859e-02,2.824362e+00
1425.53125,1425.6875,0.15625,3.064616e+00,4.238859e-02,3.022228e+00
1425.6875,1425.84375,0.15625,3.296817e+00,4.238859e-02,3.254428e+00
1425.84375,1426,0.15625,3.544645e+00,4.238859e-02,3.502257e+00
1426,1426.15625,0.15625,3.786498e+00,4.238859e-02,3.744109e+00
1426.15625,1426.3125,0.15625,4.002069e+00,4.238859e-02,3.959680e+00
1426.3125,1426.46875,0.15625,4.175017e+00,4.238859e-02,4.132629e+00
1426.46875,1426.625,0.15625,4.293930e+00,4.238859e-02,4.251542e+00
1426.625,1426.78125,0.15625,4.347413e+00,4.238859e-02,4.305025e+00
1426.78125,1426.9375,0.15625,4.281702e+00,4.238859e-02,4.239313e+00
1426.9375,1427.09375,0.15625,4.161827e+00,4.238859e-02,4.119438e+00
1427.09375,1427.25,0.15625,3.999846e+00,4.238859e-02,3.957458e+00
1427.25,1427.40625,0.15625,3.812795e+00,4.238859e-02,3.770407e+00
1427.40625,1427.5625,0.15625,3.621027e+00,4.238859e-02,3.578638e+00
1427.5625,1427.71875,0.15625,3.445132e+00,4.238859e-02,3.402743e+00
1427.71875,1427.875,0.15625,3.302116e+00,4.238859e-02,3.259728e+00
1427.875,1428.03125,0.15625,3.202035e+00,4.238859e-02,3.159647e+00
1428.03125,1428.1875,0.15625,3.146283e+00,4.238859e-02,3.103895e+00
1428.1875,1428.34375,0.15625,3.128144e+00,4.238859e-02,3.085755e+00
1428.34375,1428.5,0.15625,3.128144e+00,4.238859e-02,3.085755e+00
1428.5,1428.65625,0.15625,3.135286e+00,4.238859e-02,3.092897e+00
1428.65625,1428.8125,0.15625,3.153118e+00,4.238859e-02,3.110729e+00
1428.8125,1428.96875,0.15625,3.167453e+00,4.238859e-02,3.125064e+00
1428.96875,1429.125,0.15625,3.143562e+00,4.238859e-02,3.101173e+00
1429.125,1429.28125,0.15625,3.090106e+00,4.238859e-02,3.047717e+00
1429.28125,1429.4375,0.15625,3.004557e+00,4.238859e-02,2.962168e+00
1429.4375,1429.59375,0.15625,2.889136e+00,4.238859e-02,2.846747e+00
1429.59375,1429.75,0.15625,2.752437e+00,4.238859e-02,2.710049e+00
1429.75,1429.90625,0.15625,2.610164e+00,4.238859e-02,2.567775e+00
1429.90625,1430.0625,0.15625,2.483816e+00,4.238859e-02,2.441427e+00
1430.0625,1430.21875,0.15625,2.396979e+00,4.238859e-02,2.354591e+00
1430.21875,1430.375,0.15625,2.369935e+00,4.238859e-02,2.327546e+00
1430.375,1430.53125,0.15625,2.369935e+00,4.238859e-02,2.327546e+00
1430.53125,1430.6875,0.15625,2.414203e+00,4.238859e-02,2.371814e+00
1430.6875,1430.84375,0.15625,2.528834e+00,4.238859e-02,2.486446e+00
1430.84375,1431,0.15625,2.699675e+00,4.238859e-02,2.657287e+00
1431,1431.15625,0.15625,2.901777e+00,4.238859e-02,2.859389e+00
1431.15625,1431.3125,0.15625,3.104081e+00,4.238859e-02,3.061693e+00
1431.3125,1431.46875,0.15625,3.274958e+00,4.238859e-02,3.232570e+00
1431.46875,1431.625,0.15625,3.387253e+00,4.238859e-02,3.344865e+00
1431.625,1431.78125,0.15625,3.370963e+00,4.238859e-02,3.328575e+00
1431.78125,1431.9375,0.15625,3.237211e+00,4.238859e-02,3.194822e+00
1431.9375,1432.09375,0.15625,3.035563e+00,4.238859e-02,2.993175e+00
1432.09375,1432.25,0.15625,2.791168e+00,4.238859e-02,2.748780e+00
1432.25,1432.40625,0.15625,2.536933e+00,4.238859e-02,2.494544e+00
1432.40625,1432.5625,0.15625,2.309337e+00,4.238859e-02,2.266948e+00
1432.5625,1432.71875,0.15625,2.142980e+00,4.238859e-02,2.100591e+00
1432.71875,1432.875,0.15625,2.064749e+00,4.238859e-02,2.022361e+00
1432.875,1433.03125,0.15625,2.064749e+00,4.238859e-02,2.022361e+00
1433.03125,1433.1875,0.15625,2.088889e+00,4.238859e-02,2.046500e+00
1433.1875,1433.34375,0.15625,2.214231e+00,4.238859e-02,2.171843e+00
1433.34375,1433.5,0.15625,2.424373e+00,4.238859e-02,2.381985e+00
1433.5,1433.65625,0.15625,2.690817e+00,4.238859e-02,2.648428e+00
1433.65625,1433.8125,0.15625,2.978322e+00,4.238859e-02,2.935933e+00
1433.8125,1433.96875,0.15625,3.251206e+00,4.238859e-02,3.208817e+00
1433.96875,1434.125,0.15625,3.479212e+00,4.238859e-02,3.436824e+00
1434.125,1434.28125,0.15625,3.641813e+00,4.238859e-02,3.599424e+00
1434.28125,1434.4375,0.15625,3.730279e+00,4.238859e-02,3.687891e+00
1434.4375,1434.59375,0.15625,3.704778e+00,4.238859e-02,3.662390e+00
1434.59375,1434.75,0.15625,3.619289e+00,4.238859e-02,3.576900e+00
1434.75,1434.90625,0.15625,3.508028e+00,4.238859e-02,3.465639e+00
1434.90625,1435.0625,0.15625,3.384505e+00,4.238859e-02,3.342116e+00
1435.0625,1435.21875,0.15625,3.256297e+00,4.238859e-02,3.213908e+00
1435.21875,1435.375,0.15625,3.125247e+00,4.238859e-02,3.082859e+00
1435.375,1435.53125,0.15625,2.990157e+00,4.238859e-02,2.947769e+00
1435.53125,1435.6875,0.15625,2.850973e+00,4.238859e-02,2.808585e+00
1435.6875,1435.84375,0.15625,2.712749e+00,4.238859e-02,2.670361e+00
1435.84375,1436,0.15625,2.587587e+00,4.238859e-02,2.545199e+00
1436,1436.15625,0.15625,2.493464e+00,4.238859e-02,2.451076e+00
1436.15625,1436.3125,0.15625,2.450092e+00,4.238859e-02,2.407703e+00
1436.3125,1436.46875,0.15625,2.450092e+00,4.238859e-02,2.407703e+00
1436.46875,1436.625,0.15625,2.473202e+00,4.238859e-02,2.430813e+00
1436.625,1436.78125,0.15625,2.569317e+00,4.238859e-02,2.526929e+00
1436.78125,1436.9375,0.15625,2.732915e+00,4.238859e-02,2.690526e+00
1436.9375,1437.09375,0.15625,2.946974e+00,4.238859e-02,2.904585e+00
1437.09375,1437.25,0.15625,3.186664e+00,4.238859e-02,3.144275e+00
1437.25,1437.40625,0.15625,3.424927e+00,4.238859e-02,3.382538e+00
1437.40625,1437.5625,0.15625,3.638224e+00,4.238859e-02,3.595836e+00
1437.5625,1437.71875,0.15625,3.810913e+00,4.238859e-02,3.768524e+00
1437.71875,1437.875,0.15625,3.937321e+00,4.238859e-02,3.894932e+00
1437.875,1438.03125,0.15625,4.021292e+00,4.238859e-02,3.978904e+00
1438.03125,1438.1875,0.15625,4.073576e+00,4.238859e-02,4.031188e+00
1438.1875,1438.34375,0.15625,4.107797e+00,4.238859e-02,4.065409e+00
1438.34375,1438.5,0.15625,4.135947e+00,4.238859e-02,4.093558e+00
1438.5,1438.65625,0.15625,4.164383e+00,4.238859e-02,4.121995e+00
1438.65625,1438.8125,0.15625,4.191271e+00,4.238859e-02,4.148882e+00
1438.8125,1438.96875,0.15625,4.191653e+00,4.238859e-02,4.149264e+00
1438.96875,1439.125,0.15625,4.127649e+00,4.238859e-02,4.085261e+00
1439.125,1439.28125,0.15625,3.995910e+00,4.238859e-02,3.953522e+00
1439.28125,1439.4375,0.15625,3.785155e+00,4.238859e-02,3.742766e+00
1439.4375,1439.59375,0.15625,3.494680e+00,4.238859e-02,3.452291e+00
1439.59375,1439.75,0.15625,3.135922e+00,4.238859e-02,3.093533e+00
1439.75,1439.90625,0.15625,2.731607e+00,4.238859e-02,2.689218e+00
1439.90625,1440.0625,0.15625,2.312754e+00,4.238859e-02,2.270365e+00
1440.0625,1440.21875,0.15625,1.914293e+00,4.238859e-02,1.871905e+00
1440.21875,1440.375,0.15625,1.570257e+00,4.238859e-02,1.527868e+00
1440.375,1440.53125,0.15625,1.309449e+00,4.238859e-02,1.267060e+00
1440.53125,1440.6875,0.15625,1.152181e+00,4.238859e-02,1.109792e+00
1440.6875,1440.84375,0.15625,1.108309e+00,4.238859e-02,1.065921e+00
1440.84375,1441,0.15625,1.108309e+00,4.238859e-02,1.065921e+00
1441,1441.15625,0.15625,1.176548e+00,4.238859e-02,1.134159e+00
1441.15625,1441.3125,0.15625,1.344951e+00,4.238859e-02,1.302562e+00
1441.3125,1441.46875,0.15625,1.592515e+00,4.238859e-02,1.550127e+00
1441.46875,1441.625,0.15625,1.891856e+00,4.238859e-02,1.849468e+00
1441.625,1441.78125,0.15625,2.212766e+00,4.238859e-02,2.170377e+00
1441.78125,1441.9375,0.15625,2.526164e+00,4.238859e-02,2.483775e+00
1441.9375,1442.09375,0.15625,2.807710e+00,4.238859e-02,2.765322e+00
1442.09375,1442.25,0.15625,3.040305e+00,4.238859e-02,2.997916e+00
1442.25,1442.40625,0.15625,3.215038e+00,4.238859e-02,3.172649e+00
1442.40625,1442.5625,0.15625,3.330674e+00,4.238859e-02,3.288285e+00
1442.5625,1442.71875,0.15625,3.392198e+00,4.238859e-02,3.349809e+00
1442.71875,1442.875,0.15625,3.393585e+00,4.238859e-02,3.351196e+00
1442.875,1443.03125,0.15625,3.359427e+00,4.238859e-02,3.317038e+00
1443.03125,1443.1875,0.15625,3.320112e+00,4.238859e-02,3.277723e+00
1443.1875,1443.34375,0.15625,3.287369e+00,4.238859e-02,3.244981e+00
1443.34375,1443.5,0.15625,3.269650e+00,4.238859e-02,3.227261e+00
1443.5,1443.65625,0.15625,3.269650e+00,4.238859e-02,3.227261e+00
1443.65625,1443.8125,0.15625,3.271320e+00,4.238859e-02,3.228932e+00
1443.8125,1443.96875,0.15625,3.292948e+00,4.238859e-02,3.250559e+00
1443.96875,1444.125,0.15625,3.332612e+00,4.238859e-02,3.290224e+00
1444.125,1444.28125,0.15625,3.387595e+00,4.238859e-02,3.345206e+00
1444.28125,1444.4375,0.15625,3.455532e+00,4.238859e-02,3.413143e+00
1444.4375,1444.59375,0.15625,3.534367e+00,4.238859e-02,3.491978e+00
1444.59375,1444.75,0.15625,3.621113e+00,4.238859e-02,3.578724e+00
1444.75,1444.90625,0.15625,3.710118e+00,4.238859e-02,3.667729e+00
1444.90625,1445.0625,0.15625,3.791896e+00,4.238859e-02,3.749507e+00
1445.0625,1445.21875,0.15625,3.853398e+00,4.238859e-02,3.811010e+00
1445.21875,1445.375,0.15625,3.858924e+00,4.238859e-02,3.816536e+00
1445.375,1445.53125,0.15625,3.782845e+00,4.238859e-02,3.740456e+00
1445.53125,1445.6875,0.15625,3.653080e+00,4.238859e-02,3.610691e+00
1445.6875,1445.84375,0.15625,3.480794e+00,4.238859e-02,3.438406e+00
1445.84375,1446,0.15625,3.285898e+00,4.238859e-02,3.243510e+00
1446,1446.15625,0.15625,3.093516e+00,4.238859e-02,3.051127e+00
1446.15625,1446.3125,0.15625,2.928761e+00,4.238859e-02,2.886372e+00
1446.3125,1446.46875,0.15625,2.811189e+00,4.238859e-02,2.768800e+00
1446.46875,1446.625,0.15625,2.750583e+00,4.238859e-02,2.708195e+00
1446.625,1446.78125,0.15625,2.745419e+00,4.238859e-02,2.703030e+00
1446.78125,1446.9375,0.15625,2.745419e+00,4.238859e-02,2.703030e+00
1446.9375,1447.09375,0.15625,2.784476e+00,4.238859e-02,2.742088e+00
1447.09375,1447.25,0.15625,2.850924e+00,4.238859e-02,2.808536e+00
1447.25,1447.40625,0.15625,2.927285e+00,4.238859e-02,2.884896e+00
1447.40625,1447.5625,0.15625,2.999491e+00,4.238859e-02,2.957103e+00
1447.5625,1447.71875,0.15625,3.058829e+00,4.238859e-02,3.016440e+00
1447.71875,1447.875,0.15625,3.101636e+00,4.238859e-02,3.059247e+00
1447.875,1448.03125,0.15625,3.127632e+00,4.238859e-02,3.085244e+00
1448.03125,1448.1875,0.15625,3.135119e+00,4.238859e-02,3.092731e+00
1448.1875,1448.34375,0.15625,3.121036e+00,4.238859e-02,3.078647e+00
1448.34375,1448.5,0.15625,3.099095e+00,4.238859e-02,3.056707e+00
1448.5,1448.65625,0.15625,3.072970e+00,4.238859e-02,3.030581e+00
1448.65625,1448.8125,0.15625,3.045848e+00,4.238859e-02,3.003459e+00
1448.8125,1448.96875,0.15625,3.019246e+00,4.238859e-02,2.976857e+00
1448.96875,1449.125,0.15625,2.992471e+00,4.238859e-02,2.950082e+00
1449.125,1449.28125,0.15625,2.963390e+00,4.238859e-02,2.921002e+00
1449.28125,1449.4375,0.15625,2.930376e+00,4.238859e-02,2.887987e+00
1449.4375,1449.59375,0.15625,2.894472e+00,4.238859e-02,2.852084e+00
1449.59375,1449.75,0.15625,2.860488e+00,4.238859e-02,2.818100e+00
1449.75,1449.90625,0.15625,2.836169e+00,4.238859e-02,2.793781e+00
1449.90625,1450.0625,0.15625,2.829598e+00,4.238859e-02,2.787209e+00
1450.0625,1450.21875,0.15625,2.829598e+00,4.238859e-02,2.787209e+00
1450.21875,1450.375,0.15625,2.845946e+00,4.238859e-02,2.803558e+00
1450.375,1450.53125,0.15625,2.885092e+00,4.238859e-02,2.842703e+00
1450.53125,1450.6875,0.15625,2.941132e+00,4.238859e-02,2.898744e+00
1450.6875,1450.84375,0.15625,3.003864e+00,4.238859e-02,2.961476e+00
1450.84375,1451,0.15625,3.061304e+00,4.238859e-02,3.018915e+00
1451,1451.15625,0.15625,3.101971e+00,4.238859e-02,3.059583e+00
1451.15625,1451.3125,0.15625,3.095667e+00,4.238859e-02,3.053279e+00
1451.3125,1451.46875,0.15625,3.034442e+00,4.238859e-02,2.992053e+00
1451.46875,1451.625,0.15625,2.928413e+00,4.238859e-02,2.886025e+00
1451.625,1451.78125,0.15625,2.777709e+00,4.238859e-02,2.735320e+00
1451.78125,1451.9375,0.15625,2.589158e+00,4.238859e-02,2.546769e+00
1451.9375,1452.09375,0.15625,2.378422e+00,4.238859e-02,2.336034e+00
1452.09375,1452.25,0.15625,2.170293e+00,4.238859e-02,2.127905e+00
1452.25,1452.40625,0.15625,1.996296e+00,4.238859e-02,1.953907e+00
1452.40625,1452.5625,0.15625,1.889680e+00,4.238859e-02,1.847291e+00
1452.5625,1452.71875,0.15625,1.878832e+00,4.238859e-02,1.836443e+00
1452.71875,1452.875,0.15625,1.878832e+00,4.238859e-02,1.836443e+00
1452.875,1453.03125,0.15625,1.980711e+00,4.238859e-02,1.938322e+00
1453.03125,1453.1875,0.15625,2.196012e+00,4.238859e-02,2.153623e+00
1453.1875,1453.34375,0.15625,2.507380e+00,4.238859e-02,2.464992e+00
1453.34375,1453.5,0.15625,2.881346e+00,4.238859e-02,2.838957e+00
1453.5,1453.65625,0.15625,3.273800e+00,4.238859e-02,3.231412e+00
1453.65625,1453.8125,0.15625,3.638035e+00,4.238859e-02,3.595646e+00
1453.8125,1453.96875,0.15625,3.933609e+00,4.238859e-02,3.891220e+00
1453.96875,1454.125,0.15625,4.133996e+00,4.238859e-02,4.091608e+00
1454.125,1454.28125,0.15625,4.231069e+00,4.238859e-02,4.188680e+00
1454.28125,1454.4375,0.15625,4.171280e+00,4.238859e-02,4.128891e+00
1454.4375,1454.59375,0.15625,4.070954e+00,4.238859e-02,4.028565e+00
1454.59375,1454.75,0.15625,3.964796e+00,4.238859e-02,3.922407e+00
1454.75,1454.90625,0.15625,3.875142e+00,4.238859e-02,3.832753e+00
1454.90625,1455.0625,0.15625,3.812234e+00,4.238859e-02,3.769846e+00
1455.0625,1455.21875,0.15625,3.773964e+00,4.238859e-02,3.731575e+00
1455.21875,1455.375,0.15625,3.748724e+00,4.238859e-02,3.706335e+00
1455.375,1455.53125,0.15625,3.720127e+00,4.238859e-02,3.677739e+00
1455.53125,1455.6875,0.15625,3.672191e+00,4.238859e-02,3.629802e+00
1455.6875,1455.84375,0.15625,3.593851e+00,4.238859e-02,3.551462e+00
1455.84375,1456,0.15625,3.482105e+00,4.238859e-02,3.439716e+00
1456,1456.15625,0.15625,3.343353e+00,4.238859e-02,3.300964e+00
1456.15625,1456.3125,0.15625,3.192698e+00,4.238859e-02,3.150309e+00
1456.3125,1456.46875,0.15625,3.051179e+00,4.238859e-02,3.008791e+00
1456.46875,1456.625,0.15625,2.941294e+00,4.238859e-02,2.898905e+00
1456.625,1456.78125,0.15625,2.881703e+00,4.238859e-02,2.839314e+00
1456.78125,1456.9375,0.15625,2.881703e+00,4.238859e-02,2.839314e+00
1456.9375,1457.09375,0.15625,2.882457e+00,4.238859e-02,2.840068e+00
1457.09375,1457.25,0.15625,2.942079e+00,4.238859e-02,2.899691e+00
1457.25,1457.40625,0.15625,3.047352e+00,4.238859e-02,3.004964e+00
1457.40625,1457.5625,0.15625,3.175757e+00,4.238859e-02,3.133369e+00
1457.5625,1457.71875,0.15625,3.299709e+00,4.238859e-02,3.257321e+00
1457.71875,1457.875,0.15625,3.391322e+00,4.238859e-02,3.348933e+00
1457.875,1458.03125,0.15625,3.388397e+00,4.238859e-02,3.346008e+00
1458.03125,1458.1875,0.15625,3.268415e+00,4.238859e-02,3.226027e+00
1458.1875,1458.34375,0.15625,3.067979e+00,4.238859e-02,3.025590e+00
1458.34375,1458.5,0.15625,2.798264e+00,4.238859e-02,2.755875e+00
1458.5,1458.65625,0.15625,2.479625e+00,4.238859e-02,2.437237e+00
1458.65625,1458.8125,0.15625,2.139951e+00,4.238859e-02,2.097563e+00
1458.8125,1458.96875,0.15625,1.811969e+00,4.238859e-02,1.769581e+00
1458.96875,1459.125,0.15625,1.529735e+00,4.238859e-02,1.487346e+00
1459.125,1459.28125,0.15625,1.324788e+00,4.238859e-02,1.282399e+00
1459.28125,1459.4375,0.15625,1.222510e+00,4.238859e-02,1.180122e+00
1459.4375,1459.59375,0.15625,1.222510e+00,4.238859e-02,1.180122e+00
1459.59375,1459.75,0.15625,1.239109e+00,4.238859e-02,1.196720e+00
1459.75,1459.90625,0.15625,1.379438e+00,4.238859e-02,1.337049e+00
1459.90625,1460.0625,0.15625,1.635815e+00,4.238859e-02,1.593426e+00
1460.0625,1460.21875,0.15625,1.988020e+00,4.238859e-02,1.945632e+00
1460.21875,1460.375,0.15625,2.404787e+00,4.238859e-02,2.362398e+00
1460.375,1460.53125,0.15625,2.847033e+00,4.238859e-02,2.804644e+00
1460.53125,1460.6875,0.15625,3.272792e+00,4.238859e-02,3.230404e+00
1460.6875,1460.84375,0.15625,3.643254e+00,4.238859e-02,3.600865e+00
1460.84375,1461,0.15625,3.928766e+00,4.238859e-02,3.886377e+00
1461,1461.15625,0.15625,4.113375e+00,4.238859e-02,4.070986e+00
1461.15625,1461.3125,0.15625,4.192094e+00,4.238859e-02,4.149705e+00
1461.3125,1461.46875,0.15625,4.122913e+00,4.238859e-02,4.080525e+00
1461.46875,1461.625,0.15625,4.015810e+00,4.238859e-02,3.973421e+00
1461.625,1461.78125,0.15625,3.895184e+00,4.238859e-02,3.852796e+00
1461.78125,1461.9375,0.15625,3.778927e+00,4.238859e-02,3.736538e+00
1461.9375,1462.09375,0.15625,3.676705e+00,4.238859e-02,3.634316e+00
1462.09375,1462.25,0.15625,3.590552e+00,4.238859e-02,3.548164e+00
1462.25,1462.40625,0.15625,3.516874e+00,4.238859e-02,3.474485e+00
1462.40625,1462.5625,0.15625,3.448821e+00,4.238859e-02,3.406432e+00
1462.5625,1462.71875,0.15625,3.378401e+00,4.238859e-02,3.336013e+00
1462.71875,1462.875,0.15625,3.298236e+00,4.238859e-02,3.255848e+00
1462.875,1463.03125,0.15625,3.203232e+00,4.238859e-02,3.160843e+00
1463.03125,1463.1875,0.15625,3.092272e+00,4.238859e-02,3.049883e+00
1463.1875,1463.34375,0.15625,2.969570e+00,4.238859e-02,2.927181e+00
1463.34375,1463.5,0.15625,2.844927e+00,4.238859e-02,2.802539e+00
1463.5,1463.65625,0.15625,2.732216e+00,4.238859e-02,2.689828e+00
1463.65625,1463.8125,0.15625,2.646095e+00,4.238859e-02,2.603706e+00
1463.8125,1463.96875,0.15625,2.597892e+00,4.238859e-02,2.555504e+00
1463.96875,1464.125,0.15625,2.592269e+00,4.238859e-02,2.549880e+00
1464.125,1464.28125,0.15625,2.592269e+00,4.238859e-02,2.549880e+00
1464.28125,1464.4375,0.15625,2.626167e+00,4.238859e-02,2.583779e+00
1464.4375,1464.59375,0.15625,2.690680e+00,4.238859e-02,2.648291e+00
1464.59375,1464.75,0.15625,2.775129e+00,4.238859e-02,2.732741e+00
1464.75,1464.90625,0.15625,2.871568e+00,4.238859e-02,2.829179e+00
1464.90625,1465.0625,0.15625,2.977618e+00,4.238859e-02,2.935229e+00
1465.0625,1465.21875,0.15625,3.096270e+00,4.238859e-02,3.053881e+00
1465.21875,1465.375,0.15625,3.232635e+00,4.238859e-02,3.190246e+00
1465.375,1465.53125,0.15625,3.389065e+00,4.238859e-02,3.346677e+00
1465.53125,1465.6875,0.15625,3.560828e+00,4.238859e-02,3.518439e+00
1465.6875,1465.84375,0.15625,3.734333e+00,4.238859e-02,3.691945e+00
1465.84375,1466,0.15625,3.888899e+00,4.238859e-02,3.846511e+00
1466,1466.15625,0.15625,4.001589e+00,4.238859e-02,3.959200e+00
1466.15625,1466.3125,0.15625,4.035126e+00,4.238859e-02,3.992738e+00
1466.3125,1466.46875,0.15625,3.949364e+00,4.238859e-02,3.906976e+00
1466.46875,1466.625,0.15625,3.810316e+00,4.238859e-02,3.767927e+00
1466.625,1466.78125,0.15625,3.639045e+00,4.238859e-02,3.596656e+00
1466.78125,1466.9375,0.15625,3.457256e+00,4.238859e-02,3.414867e+00
1466.9375,1467.09375,0.15625,3.281267e+00,4.238859e-02,3.238879e+00
1467.09375,1467.25,0.15625,3.118383e+00,4.238859e-02,3.075995e+00
1467.25,1467.40625,0.15625,2.966926e+00,4.238859e-02,2.924538e+00
1467.40625,1467.5625,0.15625,2.819816e+00,4.238859e-02,2.777427e+00
1467.5625,1467.71875,0.15625,2.670187e+00,4.238859e-02,2.627799e+00
1467.71875,1467.875,0.15625,2.516696e+00,4.238859e-02,2.474307e+00
1467.875,1468.03125,0.15625,2.366254e+00,4.238859e-02,2.323865e+00
1468.03125,1468.1875,0.15625,2.232961e+00,4.238859e-02,2.190572e+00
1468.1875,1468.34375,0.15625,2.133530e+00,4.238859e-02,2.091142e+00
1468.34375,1468.5,0.15625,2.080954e+00,4.238859e-02,2.038566e+00
1468.5,1468.65625,0.15625,2.078925e+00,4.238859e-02,2.036536e+00
1468.65625,1468.8125,0.15625,2.078925e+00,4.238859e-02,2.036536e+00
1468.8125,1468.96875,0.15625,2.119314e+00,4.238859e-02,2.076926e+00
1468.96875,1469.125,0.15625,2.183921e+00,4.238859e-02,2.141532e+00
1469.125,1469.28125,0.15625,2.250130e+00,4.238859e-02,2.207741e+00
1469.28125,1469.4375,0.15625,2.298665e+00,4.238859e-02,2.256277e+00
1469.4375,1469.59375,0.15625,2.320786e+00,4.238859e-02,2.278398e+00
1469.59375,1469.75,0.15625,2.322354e+00,4.238859e-02,2.279965e+00
1469.75,1469.90625,0.15625,2.323173e+00,4.238859e-02,2.280784e+00
1469.90625,1470.0625,0.15625,2.351529e+00,4.238859e-02,2.309140e+00
1470.0625,1470.21875,0.15625,2.435385e+00,4.238859e-02,2.392997e+00
1470.21875,1470.375,0.15625,2.592819e+00,4.238859e-02,2.550430e+00
1470.375,1470.53125,0.15625,2.824559e+00,4.238859e-02,2.782170e+00
1470.53125,1470.6875,0.15625,3.110960e+00,4.238859e-02,3.068572e+00
1470.6875,1470.84375,0.15625,3.414511e+00,4.238859e-02,3.372123e+00
1470.84375,1471,0.15625,3.687442e+00,4.238859e-02,3.645053e+00
1471,1471.15625,0.15625,3.882572e+00,4.238859e-02,3.840183e+00
1471.15625,1471.3125,0.15625,3.919091e+00,4.238859e-02,3.876703e+00
1471.3125,1471.46875,0.15625,3.756250e+00,4.238859e-02,3.713862e+00
1471.46875,1471.625,0.15625,3.509532e+00,4.238859e-02,3.467143e+00
1471.625,1471.78125,0.15625,3.228560e+00,4.238859e-02,3.186172e+00
1471.78125,1471.9375,0.15625,2.968881e+00,4.238859e-02,2.926492e+00
1471.9375,1472.09375,0.15625,2.780955e+00,4.238859e-02,2.738567e+00
1472.09375,1472.25,0.15625,2.701060e+00,4.238859e-02,2.658671e+00
1472.25,1472.40625,0.15625,2.701060e+00,4.238859e-02,2.658671e+00
1472.40625,1472.5625,0.15625,2.745939e+00,4.238859e-02,2.703550e+00
1472.5625,1472.71875,0.15625,2.911903e+00,4.238859e-02,2.869514e+00
1472.71875,1472.875,0.15625,3.177780e+00,4.238859e-02,3.135391e+00
1472.875,1473.03125,0.15625,3.510246e+00,4.238859e-02,3.467858e+00
1473.03125,1473.1875,0.15625,3.869769e+00,4.238859e-02,3.827380e+00
1473.1875,1473.34375,0.15625,4.215734e+00,4.238859e-02,4.173345e+00
1473.34375,1473.5,0.15625,4.510141e+00,4.238859e-02,4.467752e+00
1473.5,1473.65625,0.15625,4.720092e+00,4.238859e-02,4.677704e+00
1473.65625,1473.8125,0.15625,4.792685e+00,4.238859e-02,4.750296e+00
1473.8125,1473.96875,0.15625,4.633980e+00,4.238859e-02,4.591592e+00
1473.96875,1474.125,0.15625,4.352732e+00,4.238859e-02,4.310343e+00
1474.125,1474.28125,0.15625,3.972652e+00,4.238859e-02,3.930264e+00
1474.28125,1474.4375,0.15625,3.530535e+00,4.238859e-02,3.488147e+00
1474.4375,1474.59375,0.15625,3.071927e+00,4.238859e-02,3.029538e+00
1474.59375,1474.75,0.15625,2.644526e+00,4.238859e-02,2.602137e+00
1474.75,1474.90625,0.15625,2.290556e+00,4.238859e-02,2.248167e+00
1474.90625,1475.0625,0.15625,2.039789e+00,4.238859e-02,1.997400e+00
1475.0625,1475.21875,0.15625,1.904830e+00,4.238859e-02,1.862442e+00
1475.21875,1475.375,0.15625,1.879809e+00,4.238859e-02,1.837420e+00
1475.375,1475.53125,0.15625,1.879809e+00,4.238859e-02,1.837420e+00
1475.53125,1475.6875,0.15625,1.942852e+00,4.238859e-02,1.900463e+00
1475.6875,1475.84375,0.15625,2.061874e+00,4.238859e-02,2.019485e+00
1475.84375,1476,0.15625,2.202345e+00,4.238859e-02,2.159956e+00
1476,1476.15625,0.15625,2.335139e+00,4.238859e-02,2.292750e+00
1476.15625,1476.3125,0.15625,2.442413e+00,4.238859e-02,2.400025e+00
1476.3125,1476.46875,0.15625,2.519936e+00,4.238859e-02,2.477547e+00
1476.46875,1476.625,0.15625,2.575343e+00,4.238859e-02,2.532954e+00
1476.625,1476.78125,0.15625,2.623115e+00,4.238859e-02,2.580726e+00
1476.78125,1476.9375,0.15625,2.678143e+00,4.238859e-02,2.635755e+00
1476.9375,1477.09375,0.15625,2.750149e+00,4.238859e-02,2.707760e+00
1477.09375,1477.25,0.15625,2.840709e+00,4.238859e-02,2.798321e+00
1477.25,1477.40625,0.15625,2.943481e+00,4.238859e-02,2.901092e+00
1477.40625,1477.5625,0.15625,3.046896e+00,4.238859e-02,3.004507e+00
1477.5625,1477.71875,0.15625,3.137863e+00,4.238859e-02,3.095475e+00
1477.71875,1477.875,0.15625,3.204969e+00,4.238859e-02,3.162580e+00
1477.875,1478.03125,0.15625,3.240403e+00,4.238859e-02,3.198015e+00
1478.03125,1478.1875,0.15625,3.206861e+00,4.238859e-02,3.164472e+00
1478.1875,1478.34375,0.15625,3.144441e+00,4.238859e-02,3.102052e+00
1478.34375,1478.5,0.15625,3.063457e+00,4.238859e-02,3.021069e+00
1478.5,1478.65625,0.15625,2.977725e+00,4.238859e-02,2.935336e+00
1478.65625,1478.8125,0.15625,2.902998e+00,4.238859e-02,2.860610e+00
1478.8125,1478.96875,0.15625,2.853946e+00,4.238859e-02,2.811557e+00
1478.96875,1479.125,0.15625,2.840685e+00,4.238859e-02,2.798296e+00
1479.125,1479.28125,0.15625,2.840685e+00,4.238859e-02,2.798296e+00
1479.28125,1479.4375,0.15625,2.866140e+00,4.238859e-02,2.823752e+00
1479.4375,1479.59375,0.15625,2.925320e+00,4.238859e-02,2.882932e+00
1479.59375,1479.75,0.15625,3.006837e+00,4.238859e-02,2.964448e+00
1479.75,1479.90625,0.15625,3.096053e+00,4.238859e-02,3.053664e+00
1479.90625,1480.0625,0.15625,3.178611e+00,4.238859e-02,3.136222e+00
1480.0625,1480.21875,0.15625,3.243156e+00,4.238859e-02,3.200768e+00
1480.21875,1480.375,0.15625,3.282685e+00,4.238859e-02,3.240297e+00
1480.375,1480.53125,0.15625,3.280737e+00,4.238859e-02,3.238348e+00
1480.53125,1480.6875,0.15625,3.245902e+00,4.238859e-02,3.203513e+00
1480.6875,1480.84375,0.15625,3.198199e+00,4.238859e-02,3.155811e+00
1480.84375,1481,0.15625,3.147573e+00,4.238859e-02,3.105185e+00
1481,1481.15625,0.15625,3.104237e+00,4.238859e-02,3.061849e+00
1481.15625,1481.3125,0.15625,3.076494e+00,4.238859e-02,3.034106e+00
1481.3125,1481.46875,0.15625,3.068752e+00,4.238859e-02,3.026364e+00
1481.46875,1481.625,0.15625,3.068752e+00,4.238859e-02,3.026364e+00
1481.625,1481.78125,0.15625,3.080593e+00,4.238859e-02,3.038204e+00
1481.78125,1481.9375,0.15625,3.107393e+00,4.238859e-02,3.065005e+00
1481.9375,1482.09375,0.15625,3.142260e+00,4.238859e-02,3.099871e+00
1482.09375,1482.25,0.15625,3.178403e+00,4.238859e-02,3.136015e+00
1482.25,1482.40625,0.15625,3.210960e+00,4.238859e-02,3.168571e+00
1482.40625,1482.5625,0.15625,3.237703e+00,4.238859e-02,3.195314e+00
1482.5625,1482.71875,0.15625,3.258800e+00,4.238859e-02,3.216412e+00
1482.71875,1482.875,0.15625,3.276248e+00,4.238859e-02,3.233859e+00
1482.875,1483.03125,0.15625,3.293548e+00,4.238859e-02,3.251159e+00
1483.03125,1483.1875,0.15625,3.315710e+00,4.238859e-02,3.273322e+00
1483.1875,1483.34375,0.15625,3.349068e+00,4.238859e-02,3.306680e+00
1483.34375,1483.5,0.15625,3.400251e+00,4.238859e-02,3.357862e+00
1483.5,1483.65625,0.15625,3.474039e+00,4.238859e-02,3.431650e+00
1483.65625,1483.8125,0.15625,3.570578e+00,4.238859e-02,3.528190e+00
1483.8125,1483.96875,0.15625,3.683069e+00,4.238859e-02,3.640680e+00
1483.96875,1484.125,0.15625,3.797165e+00,4.238859e-02,3.754777e+00
1484.125,1484.28125,0.15625,3.892839e+00,4.238859e-02,3.850451e+00
1484.28125,1484.4375,0.15625,3.946572e+00,4.238859e-02,3.904183e+00
1484.4375,1484.59375,0.15625,3.878145e+00,4.238859e-02,3.835756e+00
1484.59375,1484.75,0.15625,3.746371e+00,4.238859e-02,3.703982e+00
1484.75,1484.90625,0.15625,3.566221e+00,4.238859e-02,3.523832e+00
1484.90625,1485.0625,0.15625,3.361125e+00,4.238859e-02,3.318736e+00
1485.0625,1485.21875,0.15625,3.157023e+00,4.238859e-02,3.114634e+00
1485.21875,1485.375,0.15625,2.975480e+00,4.238859e-02,2.933091e+00
1485.375,1485.53125,0.15625,2.827946e+00,4.238859e-02,2.785557e+00
1485.53125,1485.6875,0.15625,2.713049e+00,4.238859e-02,2.670660e+00
1485.6875,1485.84375,0.15625,2.617933e+00,4.238859e-02,2.575545e+00
1485.84375,1486,0.15625,2.523366e+00,4.238859e-02,2.480977e+00
1486,1486.15625,0.15625,2.411013e+00,4.238859e-02,2.368625e+00
1486.15625,1486.3125,0.15625,2.270520e+00,4.238859e-02,2.228131e+00
1486.3125,1486.46875,0.15625,2.104064e+00,4.238859e-02,2.061676e+00
1486.46875,1486.625,0.15625,1.926928e+00,4.238859e-02,1.884540e+00
1486.625,1486.78125,0.15625,1.763961e+00,4.238859e-02,1.721573e+00
1486.78125,1486.9375,0.15625,1.643113e+00,4.238859e-02,1.600724e+00
1486.9375,1487.09375,0.15625,1.588050e+00,4.238859e-02,1.545662e+00
1487.09375,1487.25,0.15625,1.588050e+00,4.238859e-02,1.545662e+00
1487.25,1487.40625,0.15625,1.612027e+00,4.238859e-02,1.569639e+00
1487.40625,1487.5625,0.15625,1.714703e+00,4.238859e-02,1.672314e+00
1487.5625,1487.71875,0.15625,1.882700e+00,4.238859e-02,1.840312e+00
1487.71875,1487.875,0.15625,2.093617e+00,4.238859e-02,2.051229e+00
1487.875,1488.03125,0.15625,2.322231e+00,4.238859e-02,2.279842e+00
1488.03125,1488.1875,0.15625,2.547009e+00,4.238859e-02,2.504620e+00
1488.1875,1488.34375,0.15625,2.754953e+00,4.238859e-02,2.712565e+00
1488.34375,1488.5,0.15625,2.943375e+00,4.238859e-02,2.900987e+00
1488.5,1488.65625,0.15625,3.118233e+00,4.238859e-02,3.075844e+00
1488.65625,1488.8125,0.15625,3.289859e+00,4.238859e-02,3.247471e+00
1488.8125,1488.96875,0.15625,3.467756e+00,4.238859e-02,3.425367e+00
1488.96875,1489.125,0.15625,3.656293e+00,4.238859e-02,3.613904e+00
1489.125,1489.28125,0.15625,3.852595e+00,4.238859e-02,3.810207e+00
1489.28125,1489.4375,0.15625,4.046908e+00,4.238859e-02,4.004519e+00
1489.4375,1489.59375,0.15625,4.224783e+00,4.238859e-02,4.182394e+00
1489.59375,1489.75,0.15625,4.369986e+00,4.238859e-02,4.327597e+00
1489.75,1489.90625,0.15625,4.467122e+00,4.238859e-02,4.424733e+00
1489.90625,1490.0625,0.15625,4.470485e+00,4.238859e-02,4.428096e+00
1490.0625,1490.21875,0.15625,4.364402e+00,4.238859e-02,4.322013e+00
1490.21875,1490.375,0.15625,4.187872e+00,4.238859e-02,4.145483e+00
1490.375,1490.53125,0.15625,3.950884e+00,4.238859e-02,3.908495e+00
1490.53125,1490.6875,0.15625,3.671339e+00,4.238859e-02,3.628951e+00
1490.6875,1490.84375,0.15625,3.374174e+00,4.238859e-02,3.331785e+00
1490.84375,1491,0.15625,3.088535e+00,4.238859e-02,3.046146e+00
1491,1491.15625,0.15625,2.843164e+00,4.238859e-02,2.800775e+00
1491.15625,1491.3125,0.15625,2.660974e+00,4.238859e-02,2.618585e+00
1491.3125,1491.46875,0.15625,2.554413e+00,4.238859e-02,2.512025e+00
1491.46875,1491.625,0.15625,2.523237e+00,4.238859e-02,2.480849e+00
1491.625,1491.78125,0.15625,2.523237e+00,4.238859e-02,2.480849e+00
1491.78125,1491.9375,0.15625,2.555633e+00,4.238859e-02,2.513245e+00
1491.9375,1492.09375,0.15625,2.632465e+00,4.238859e-02,2.590077e+00
1492.09375,1492.25,0.15625,2.733222e+00,4.238859e-02,2.690834e+00
1492.25,1492.40625,0.15625,2.841571e+00,4.238859e-02,2.799182e+00
1492.40625,1492.5625,0.15625,2.948581e+00,4.238859e-02,2.906192e+00
1492.5625,1492.71875,0.15625,3.052675e+00,4.238859e-02,3.010287e+00
1492.71875,1492.875,0.15625,3.156667e+00,4.238859e-02,3.114278e+00
1492.875,1493.03125,0.15625,3.263362e+00,4.238859e-02,3.220974e+00
1493.03125,1493.1875,0.15625,3.371596e+00,4.238859e-02,3.329207e+00
1493.1875,1493.34375,0.15625,3.474161e+00,4.238859e-02,3.431773e+00
1493.34375,1493.5,0.15625,3.558216e+00,4.238859e-02,3.515827e+00
1493.5,1493.65625,0.15625,3.607641e+00,4.238859e-02,3.565252e+00
1493.65625,1493.8125,0.15625,3.546978e+00,4.238859e-02,3.504590e+00
1493.8125,1493.96875,0.15625,3.422967e+00,4.238859e-02,3.380578e+00
1493.96875,1494.125,0.15625,3.242591e+00,4.238859e-02,3.200203e+00
1494.125,1494.28125,0.15625,3.022846e+00,4.238859e-02,2.980457e+00
1494.28125,1494.4375,0.15625,2.788763e+00,4.238859e-02,2.746374e+00
1494.4375,1494.59375,0.15625,2.569325e+00,4.238859e-02,2.526937e+00
1494.59375,1494.75,0.15625,2.391872e+00,4.238859e-02,2.349483e+00
1494.75,1494.90625,0.15625,2.276275e+00,4.238859e-02,2.233886e+00
1494.90625,1495.0625,0.15625,2.230571e+00,4.238859e-02,2.188182e+00
1495.0625,1495.21875,0.15625,2.230571e+00,4.238859e-02,2.188182e+00
1495.21875,1495.375,0.15625,2.249575e+00,4.238859e-02,2.207187e+00
1495.375,1495.53125,0.15625,2.317202e+00,4.238859e-02,2.274814e+00
1495.53125,1495.6875,0.15625,2.411972e+00,4.238859e-02,2.369583e+00
1495.6875,1495.84375,0.15625,2.513977e+00,4.238859e-02,2.471588e+00
1495.84375,1496,0.15625,2.610931e+00,4.238859e-02,2.568542e+00
1496,1496.15625,0.15625,2.701156e+00,4.238859e-02,2.658767e+00
1496.15625,1496.3125,0.15625,2.792437e+00,4.238859e-02,2.750048e+00
1496.3125,1496.46875,0.15625,2.897198e+00,4.238859e-02,2.854810e+00
1496.46875,1496.625,0.15625,3.025797e+00,4.238859e-02,2.983408e+00
1496.625,1496.78125,0.15625,3.180372e+00,4.238859e-02,3.137984e+00
1496.78125,1496.9375,0.15625,3.351399e+00,4.238859e-02,3.309010e+00
1496.9375,1497.09375,0.15625,3.518050e+00,4.238859e-02,3.475662e+00
1497.09375,1497.25,0.15625,3.652172e+00,4.238859e-02,3.609783e+00
1497.25,1497.40625,0.15625,3.711992e+00,4.238859e-02,3.669603e+00
1497.40625,1497.5625,0.15625,3.602673e+00,4.238859e-02,3.560285e+00
1497.5625,1497.71875,0.15625,3.399974e+00,4.238859e-02,3.357585e+00
1497.71875,1497.875,0.15625,3.122810e+00,4.238859e-02,3.080421e+00
1497.875,1498.03125,0.15625,2.803341e+00,4.238859e-02,2.760952e+00
1498.03125,1498.1875,0.15625,2.482259e+00,4.238859e-02,2.439871e+00
1498.1875,1498.34375,0.15625,2.202551e+00,4.238859e-02,2.160162e+00
1498.34375,1498.5,0.15625,2.002813e+00,4.238859e-02,1.960425e+00
1498.5,1498.65625,0.15625,1.911289e+00,4.238859e-02,1.868900e+00
1498.65625,1498.8125,0.15625,1.911289e+00,4.238859e-02,1.868900e+00
1498.8125,1498.96875,0.15625,1.941663e+00,4.238859e-02,1.899274e+00
1498.96875,1499.125,0.15625,2.091376e+00,4.238859e-02,2.048987e+00
1499.125,1499.28125,0.15625,2.342700e+00,4.238859e-02,2.300312e+00
1499.28125,1499.4375,0.15625,2.666298e+00,4.238859e-02,2.623909e+00
1499.4375,1499.59375,0.15625,3.026441e+00,4.238859e-02,2.984052e+00
1499.59375,1499.75,0.15625,3.386741e+00,4.238859e-02,3.344352e+00
1499.75,1499.90625,0.15625,3.715190e+00,4.238859e-02,3.672802e+00
1499.90625,1500.0625,0.15625,3.987564e+00,4.238859e-02,3.945176e+00
1500.0625,1500.21875,0.15625,4.188785e+00,4.238859e-02,4.146396e+00
1500.21875,1500.375,0.15625,4.312448e+00,4.238859e-02,4.270059e+00
1500.375,1500.53125,0.15625,4.335046e+00,4.238859e-02,4.292657e+00
1500.53125,1500.6875,0.15625,4.249806e+00,4.238859e-02,4.207417e+00
1500.6875,1500.84375,0.15625,4.116883e+00,4.238859e-02,4.074495e+00
1500.84375,1501,0.15625,3.953147e+00,4.238859e-02,3.910759e+00
1501,1501.15625,0.15625,3.778732e+00,4.238859e-02,3.736343e+00
1501.15625,1501.3125,0.15625,3.615779e+00,4.238859e-02,3.573390e+00
1501.3125,1501.46875,0.15625,3.485754e+00,4.238859e-02,3.443365e+00
1501.46875,1501.625,0.15625,3.405613e+00,4.238859e-02,3.363224e+00
1501.625,1501.78125,0.15625,3.383808e+00,4.238859e-02,3.341419e+00
1501.78125,1501.9375,0.15625,3.383808e+00,4.238859e-02,3.341419e+00
1501.9375,1502.09375,0.15625,3.417436e+00,4.238859e-02,3.375047e+00
1502.09375,1502.25,0.15625,3.491625e+00,4.238859e-02,3.449237e+00
1502.25,1502.40625,0.15625,3.581587e+00,4.238859e-02,3.539199e+00
1502.40625,1502.5625,0.15625,3.656929e+00,4.238859e-02,3.614541e+00
1502.5625,1502.71875,0.15625,3.647471e+00,4.238859e-02,3.605083e+00
1502.71875,1502.875,0.15625,3.522740e+00,4.238859e-02,3.480351e+00
1502.875,1503.03125,0.15625,3.310718e+00,4.238859e-02,3.268329e+00
1503.03125,1503.1875,0.15625,3.022469e+00,4.238859e-02,2.980081e+00
1503.1875,1503.34375,0.15625,2.681075e+00,4.238859e-02,2.638686e+00
1503.34375,1503.5,0.15625,2.318538e+00,4.238859e-02,2.276149e+00
1503.5,1503.65625,0.15625,1.971427e+00,4.238859e-02,1.929038e+00
1503.65625,1503.8125,0.15625,1.675888e+00,4.238859e-02,1.633500e+00
1503.8125,1503.96875,0.15625,1.462772e+00,4.238859e-02,1.420383e+00
1503.96875,1504.125,0.15625,1.353561e+00,4.238859e-02,1.311172e+00
1504.125,1504.28125,0.15625,1.353561e+00,4.238859e-02,1.311172e+00
1504.28125,1504.4375,0.15625,1.357665e+00,4.238859e-02,1.315276e+00
1504.4375,1504.59375,0.15625,1.471410e+00,4.238859e-02,1.429021e+00
1504.59375,1504.75,0.15625,1.678860e+00,4.238859e-02,1.636471e+00
1504.75,1504.90625,0.15625,1.954341e+00,4.238859e-02,1.911953e+00
1504.90625,1505.0625,0.15625,2.266294e+00,4.238859e-02,2.223905e+00
1505.0625,1505.21875,0.15625,2.581778e+00,4.238859e-02,2.539389e+00
1505.21875,1505.375,0.15625,2.870840e+00,4.238859e-02,2.828451e+00
1505.375,1505.53125,0.15625,3.109953e+00,4.238859e-02,3.067564e+00
1505.53125,1505.6875,0.15625,3.284095e+00,4.238859e-02,3.241706e+00
1505.6875,1505.84375,0.15625,3.387448e+00,4.238859e-02,3.345060e+00
1505.84375,1506,0.15625,3.401808e+00,4.238859e-02,3.359420e+00
1506,1506.15625,0.15625,3.340982e+00,4.238859e-02,3.298593e+00
1506.15625,1506.3125,0.15625,3.262100e+00,4.238859e-02,3.219711e+00
1506.3125,1506.46875,0.15625,3.188028e+00,4.238859e-02,3.145640e+00
1506.46875,1506.625,0.15625,3.139345e+00,4.238859e-02,3.096956e+00
1506.625,1506.78125,0.15625,3.130606e+00,4.238859e-02,3.088218e+00
1506.78125,1506.9375,0.15625,3.130606e+00,4.238859e-02,3.088218e+00
1506.9375,1507.09375,0.15625,3.167522e+00,4.238859e-02,3.125133e+00
1507.09375,1507.25,0.15625,3.245996e+00,4.238859e-02,3.203607e+00
1507.25,1507.40625,0.15625,3.353468e+00,4.238859e-02,3.311079e+00
1507.40625,1507.5625,0.15625,3.472205e+00,4.238859e-02,3.429817e+00
1507.5625,1507.71875,0.15625,3.583544e+00,4.238859e-02,3.541156e+00
1507.71875,1507.875,0.15625,3.671857e+00,4.238859e-02,3.629468e+00
1507.875,1508.03125,0.15625,3.727280e+00,4.238859e-02,3.684892e+00
1508.03125,1508.1875,0.15625,3.733364e+00,4.238859e-02,3.690975e+00
1508.1875,1508.34375,0.15625,3.694569e+00,4.238859e-02,3.652181e+00
1508.34375,1508.5,0.15625,3.639652e+00,4.238859e-02,3.597263e+00
1508.5,1508.65625,0.15625,3.577322e+00,4.238859e-02,3.534934e+00
1508.65625,1508.8125,0.15625,3.513957e+00,4.238859e-02,3.471568e+00
1508.8125,1508.96875,0.15625,3.452916e+00,4.238859e-02,3.410528e+00
1508.96875,1509.125,0.15625,3.394949e+00,4.238859e-02,3.352560e+00
1509.125,1509.28125,0.15625,3.339213e+00,4.238859e-02,3.296825e+00
1509.28125,1509.4375,0.15625,3.284220e+00,4.238859e-02,3.241831e+00
1509.4375,1509.59375,0.15625,3.228131e+00,4.238859e-02,3.185742e+00
1509.59375,1509.75,0.15625,3.168416e+00,4.238859e-02,3.126028e+00
1509.75,1509.90625,0.15625,3.101451e+00,4.238859e-02,3.059063e+00
1509.90625,1510.0625,0.15625,3.022939e+00,4.238859e-02,2.980551e+00
1510.0625,1510.21875,0.15625,2.929681e+00,4.238859e-02,2.887292e+00
1510.21875,1510.375,0.15625,2.822392e+00,4.238859e-02,2.780004e+00
1510.375,1510.53125,0.15625,2.708413e+00,4.238859e-02,2.666024e+00
1510.53125,1510.6875,0.15625,2.602763e+00,4.238859e-02,2.560374e+00
1510.6875,1510.84375,0.15625,2.526447e+00,4.238859e-02,2.484059e+00
1510.84375,1511,0.15625,2.501951e+00,4.238859e-02,2.459563e+00
1511,1511.15625,0.15625,2.501951e+00,4.238859e-02,2.459563e+00
1511.15625,1511.3125,0.15625,2.547115e+00,4.238859e-02,2.504726e+00
1511.3125,1511.46875,0.15625,2.669366e+00,4.238859e-02,2.626978e+00
1511.46875,1511.625,0.15625,2.862320e+00,4.238859e-02,2.819931e+00
1511.625,1511.78125,0.15625,3.105951e+00,4.238859e-02,3.063562e+00
1511.78125,1511.9375,0.15625,3.370375e+00,4.238859e-02,3.327987e+00
1511.9375,1512.09375,0.15625,3.622085e+00,4.238859e-02,3.579697e+00
1512.09375,1512.25,0.15625,3.830797e+00,4.238859e-02,3.788409e+00
1512.25,1512.40625,0.15625,3.974998e+00,4.238859e-02,3.932609e+00
1512.40625,1512.5625,0.15625,4.041500e+00,4.238859e-02,3.999112e+00
1512.5625,1512.71875,0.15625,3.974516e+00,4.238859e-02,3.932127e+00
1512.71875,1512.875,0.15625,3.856532e+00,4.238859e-02,3.814143e+00
1512.875,1513.03125,0.15625,3.698939e+00,4.238859e-02,3.656550e+00
1513.03125,1513.1875,0.15625,3.508875e+00,4.238859e-02,3.466487e+00
1513.1875,1513.34375,0.15625,3.288918e+00,4.238859e-02,3.246529e+00
1513.34375,1513.5,0.15625,3.039381e+00,4.238859e-02,2.996992e+00
1513.5,1513.65625,0.15625,2.762225e+00,4.238859e-02,2.719836e+00
1513.65625,1513.8125,0.15625,2.464978e+00,4.238859e-02,2.422589e+00
1513.8125,1513.96875,0.15625,2.163054e+00,4.238859e-02,2.120666e+00
1513.96875,1514.125,0.15625,1.879509e+00,4.238859e-02,1.837120e+00
1514.125,1514.28125,0.15625,1.642157e+00,4.238859e-02,1.599768e+00
1514.28125,1514.4375,0.15625,1.478861e+00,4.238859e-02,1.436472e+00
1514.4375,1514.59375,0.15625,1.412242e+00,4.238859e-02,1.369853e+00
1514.59375,1514.75,0.15625,1.412242e+00,4.238859e-02,1.369853e+00
1514.75,1514.90625,0.15625,1.455100e+00,4.238859e-02,1.412711e+00
1514.90625,1515.0625,0.15625,1.607490e+00,4.238859e-02,1.565101e+00
1515.0625,1515.21875,0.15625,1.855951e+00,4.238859e-02,1.813562e+00
1515.21875,1515.375,0.15625,2.174964e+00,4.238859e-02,2.132576e+00
1515.375,1515.53125,0.15625,2.530339e+00,4.238859e-02,2.487951e+00
1515.53125,1515.6875,0.15625,2.883977e+00,4.238859e-02,2.841589e+00
1515.6875,1515.84375,0.15625,3.199277e+00,4.238859e-02,3.156889e+00
1515.84375,1516,0.15625,3.446373e+00,4.238859e-02,3.403985e+00
1516,1516.15625,0.15625,3.606428e+00,4.238859e-02,3.564039e+00
1516.15625,1516.3125,0.15625,3.659402e+00,4.238859e-02,3.617013e+00
1516.3125,1516.46875,0.15625,3.583622e+00,4.238859e-02,3.541234e+00
1516.46875,1516.625,0.15625,3.477801e+00,4.238859e-02,3.435412e+00
1516.625,1516.78125,0.15625,3.375743e+00,4.238859e-02,3.333355e+00
1516.78125,1516.9375,0.15625,3.307586e+00,4.238859e-02,3.265198e+00
1516.9375,1517.09375,0.15625,3.293583e+00,4.238859e-02,3.251195e+00
1517.09375,1517.25,0.15625,3.293583e+00,4.238859e-02,3.251195e+00
1517.25,1517.40625,0.15625,3.339841e+00,4.238859e-02,3.297452e+00
1517.40625,1517.5625,0.15625,3.437177e+00,4.238859e-02,3.394788e+00
1517.5625,1517.71875,0.15625,3.563529e+00,4.238859e-02,3.521141e+00
1517.71875,1517.875,0.15625,3.689421e+00,4.238859e-02,3.647032e+00
1517.875,1518.03125,0.15625,3.785172e+00,4.238859e-02,3.742784e+00
1518.03125,1518.1875,0.15625,3.808470e+00,4.238859e-02,3.766082e+00
1518.1875,1518.34375,0.15625,3.731571e+00,4.238859e-02,3.689182e+00
1518.34375,1518.5,0.15625,3.617501e+00,4.238859e-02,3.575113e+00
1518.5,1518.65625,0.15625,3.496474e+00,4.238859e-02,3.454086e+00
1518.65625,1518.8125,0.15625,3.401782e+00,4.238859e-02,3.359393e+00
1518.8125,1518.96875,0.15625,3.361481e+00,4.238859e-02,3.319092e+00
1518.96875,1519.125,0.15625,3.361481e+00,4.238859e-02,3.319092e+00
1519.125,1519.28125,0.15625,3.390805e+00,4.238859e-02,3.348417e+00
1519.28125,1519.4375,0.15625,3.487319e+00,4.238859e-02,3.444930e+00
1519.4375,1519.59375,0.15625,3.630256e+00,4.238859e-02,3.587867e+00
1519.59375,1519.75,0.15625,3.784519e+00,4.238859e-02,3.742131e+00
1519.75,1519.90625,0.15625,3.908518e+00,4.238859e-02,3.866129e+00
1519.90625,1520.0625,0.15625,3.924978e+00,4.238859e-02,3.882590e+00
1520.0625,1520.21875,0.15625,3.784661e+00,4.238859e-02,3.742272e+00
1520.21875,1520.375,0.15625,3.556624e+00,4.238859e-02,3.514236e+00
1520.375,1520.53125,0.15625,3.271947e+00,4.238859e-02,3.229558e+00
1520.53125,1520.6875,0.15625,2.971827e+00,4.238859e-02,2.929439e+00
1520.6875,1520.84375,0.15625,2.697987e+00,4.238859e-02,2.655598e+00
1520.84375,1521,0.15625,2.483214e+00,4.238859e-02,2.440825e+00
1521,1521.15625,0.15625,2.344452e+00,4.238859e-02,2.302064e+00
1521.15625,1521.3125,0.15625,2.280183e+00,4.238859e-02,2.237794e+00
1521.3125,1521.46875,0.15625,2.272723e+00,4.238859e-02,2.230335e+00
1521.46875,1521.625,0.15625,2.272723e+00,4.238859e-02,2.230335e+00
1521.625,1521.78125,0.15625,2.294730e+00,4.238859e-02,2.252341e+00
1521.78125,1521.9375,0.15625,2.317965e+00,4.238859e-02,2.275576e+00
1521.9375,1522.09375,0.15625,2.298352e+00,4.238859e-02,2.255963e+00
1522.09375,1522.25,0.15625,2.254363e+00,4.238859e-02,2.211974e+00
1522.25,1522.40625,0.15625,2.206824e+00,4.238859e-02,2.164435e+00
1522.40625,1522.5625,0.15625,2.176636e+00,4.238859e-02,2.134247e+00
1522.5625,1522.71875,0.15625,2.176636e+00,4.238859e-02,2.134247e+00
1522.71875,1522.875,0.15625,2.181065e+00,4.238859e-02,2.138677e+00
1522.875,1523.03125,0.15625,2.228259e+00,4.238859e-02,2.185870e+00
1523.03125,1523.1875,0.15625,2.315590e+00,4.238859e-02,2.273201e+00
1523.1875,1523.34375,0.15625,2.432222e+00,4.238859e-02,2.389834e+00
1523.34375,1523.5,0.15625,2.564610e+00,4.238859e-02,2.522222e+00
1523.5,1523.65625,0.15625,2.702529e+00,4.238859e-02,2.660140e+00
1523.65625,1523.8125,0.15625,2.843036e+00,4.238859e-02,2.800647e+00
1523.8125,1523.96875,0.15625,2.990644e+00,4.238859e-02,2.948255e+00
1523.96875,1524.125,0.15625,3.153573e+00,4.238859e-02,3.111184e+00
1524.125,1524.28125,0.15625,3.337611e+00,4.238859e-02,3.295222e+00
1524.28125,1524.4375,0.15625,3.540193e+00,4.238859e-02,3.497805e+00
1524.4375,1524.59375,0.15625,3.747292e+00,4.238859e-02,3.704904e+00
1524.59375,1524.75,0.15625,3.934694e+00,4.238859e-02,3.892305e+00
1524.75,1524.90625,0.15625,4.073540e+00,4.238859e-02,4.031152e+00
1524.90625,1525.0625,0.15625,4.114914e+00,4.238859e-02,4.072525e+00
1525.0625,1525.21875,0.15625,4.004858e+00,4.238859e-02,3.962469e+00
1525.21875,1525.375,0.15625,3.825950e+00,4.238859e-02,3.783562e+00
1525.375,1525.53125,0.15625,3.607254e+00,4.238859e-02,3.564866e+00
1525.53125,1525.6875,0.15625,3.381175e+00,4.238859e-02,3.338786e+00
1525.6875,1525.84375,0.15625,3.174921e+00,4.238859e-02,3.132532e+00
1525.84375,1526,0.15625,3.004263e+00,4.238859e-02,2.961875e+00
1526,1526.15625,0.15625,2.871587e+00,4.238859e-02,2.829198e+00
1526.15625,1526.3125,0.15625,2.768659e+00,4.238859e-02,2.726270e+00
1526.3125,1526.46875,0.15625,2.682816e+00,4.238859e-02,2.640427e+00
1526.46875,1526.625,0.15625,2.604042e+00,4.238859e-02,2.561654e+00
1526.625,1526.78125,0.15625,2.530216e+00,4.238859e-02,2.487827e+00
1526.78125,1526.9375,0.15625,2.468644e+00,4.238859e-02,2.426255e+00
1526.9375,1527.09375,0.15625,2.433603e+00,4.238859e-02,2.391214e+00
1527.09375,1527.25,0.15625,2.433603e+00,4.238859e-02,2.391214e+00
1527.25,1527.40625,0.15625,2.441189e+00,4.238859e-02,2.398800e+00
1527.40625,1527.5625,0.15625,2.503774e+00,4.238859e-02,2.461385e+00
1527.5625,1527.71875,0.15625,2.626252e+00,4.238859e-02,2.583863e+00
1527.71875,1527.875,0.15625,2.805228e+00,4.238859e-02,2.762839e+00
1527.875,1528.03125,0.15625,3.030817e+00,4.238859e-02,2.988429e+00
1528.03125,1528.1875,0.15625,3.289555e+00,4.238859e-02,3.247167e+00
1528.1875,1528.34375,0.15625,3.566591e+00,4.238859e-02,3.524202e+00
1528.34375,1528.5,0.15625,3.846060e+00,4.238859e-02,3.803672e+00
1528.5,1528.65625,0.15625,4.109844e+00,4.238859e-02,4.067455e+00
1528.65625,1528.8125,0.15625,4.336141e+00,4.238859e-02,4.293753e+00
1528.8125,1528.96875,0.15625,4.499731e+00,4.238859e-02,4.457342e+00
1528.96875,1529.125,0.15625,4.542462e+00,4.238859e-02,4.500074e+00
1529.125,1529.28125,0.15625,4.394127e+00,4.238859e-02,4.351738e+00
1529.28125,1529.4375,0.15625,4.139869e+00,4.238859e-02,4.097480e+00
1529.4375,1529.59375,0.15625,3.807694e+00,4.238859e-02,3.765305e+00
1529.59375,1529.75,0.15625,3.439761e+00,4.238859e-02,3.397372e+00
1529.75,1529.90625,0.15625,3.084029e+00,4.238859e-02,3.041641e+00
1529.90625,1530.0625,0.15625,2.784029e+00,4.238859e-02,2.741641e+00
1530.0625,1530.21875,0.15625,2.569785e+00,4.238859e-02,2.527397e+00
1530.21875,1530.375,0.15625,2.452534e+00,4.238859e-02,2.410145e+00
1530.375,1530.53125,0.15625,2.424572e+00,4.238859e-02,2.382183e+00
1530.53125,1530.6875,0.15625,2.424572e+00,4.238859e-02,2.382183e+00
1530.6875,1530.84375,0.15625,2.463913e+00,4.238859e-02,2.421525e+00
1530.84375,1531,0.15625,2.541903e+00,4.238859e-02,2.499515e+00
1531,1531.15625,0.15625,2.631142e+00,4.238859e-02,2.588753e+00
1531.15625,1531.3125,0.15625,2.711194e+00,4.238859e-02,2.668805e+00
1531.3125,1531.46875,0.15625,2.770607e+00,4.238859e-02,2.728218e+00
1531.46875,1531.625,0.15625,2.805306e+00,4.238859e-02,2.762917e+00
1531.625,1531.78125,0.15625,2.798828e+00,4.238859e-02,2.756439e+00
1531.78125,1531.9375,0.15625,2.755209e+00,4.238859e-02,2.712820e+00
1531.9375,1532.09375,0.15625,2.681582e+00,4.238859e-02,2.639194e+00
1532.09375,1532.25,0.15625,2.578362e+00,4.238859e-02,2.535974e+00
1532.25,1532.40625,0.15625,2.452211e+00,4.238859e-02,2.409823e+00
1532.40625,1532.5625,0.15625,2.317590e+00,4.238859e-02,2.275202e+00
1532.5625,1532.71875,0.15625,2.195197e+00,4.238859e-02,2.152808e+00
1532.71875,1532.875,0.15625,2.107435e+00,4.238859e-02,2.065047e+00
1532.875,1533.03125,0.15625,2.072452e+00,4.238859e-02,2.030064e+00
1533.03125,1533.1875,0.15625,2.072452e+00,4.238859e-02,2.030064e+00
1533.1875,1533.34375,0.15625,2.098973e+00,4.238859e-02,2.056585e+00
1533.34375,1533.5,0.15625,2.183966e+00,4.238859e-02,2.141578e+00
1533.5,1533.65625,0.15625,2.314076e+00,4.238859e-02,2.271687e+00
1533.65625,1533.8125,0.15625,2.470313e+00,4.238859e-02,2.427925e+00
1533.8125,1533.96875,0.15625,2.634239e+00,4.238859e-02,2.591850e+00
1533.96875,1534.125,0.15625,2.793310e+00,4.238859e-02,2.750922e+00
1534.125,1534.28125,0.15625,2.943503e+00,4.238859e-02,2.901114e+00
1534.28125,1534.4375,0.15625,3.088416e+00,4.238859e-02,3.046027e+00
1534.4375,1534.59375,0.15625,3.235539e+00,4.238859e-02,3.193150e+00
1534.59375,1534.75,0.15625,3.391376e+00,4.238859e-02,3.348988e+00
1534.75,1534.90625,0.15625,3.557449e+00,4.238859e-02,3.515061e+00
1534.90625,1535.0625,0.15625,3.728627e+00,4.238859e-02,3.686238e+00
1535.0625,1535.21875,0.15625,3.894149e+00,4.238859e-02,3.851760e+00
1535.21875,1535.375,0.15625,4.040633e+00,4.238859e-02,3.998244e+00
1535.375,1535.53125,0.15625,4.155711e+00,4.238859e-02,4.113322e+00
1535.53125,1535.6875,0.15625,4.230949e+00,4.238859e-02,4.188560e+00
1535.6875,1535.84375,0.15625,4.254480e+00,4.238859e-02,4.212091e+00
1535.84375,1536,0.15625,4.210291e+00,4.238859e-02,4.167902e+00
1536,1536.15625,0.15625,4.138095e+00,4.238859e-02,4.095706e+00
1536.15625,1536.3125,0.15625,4.045608e+00,4.238859e-02,4.003219e+00
1536.3125,1536.46875,0.15625,3.939739e+00,4.238859e-02,3.897350e+00
1536.46875,1536.625,0.15625,3.825890e+00,4.238859e-02,3.783501e+00
1536.625,1536.78125,0.15625,3.707396e+00,4.238859e-02,3.665008e+00
1536.78125,1536.9375,0.15625,3.585003e+00,4.238859e-02,3.542614e+00
1536.9375,1537.09375,0.15625,3.456638e+00,4.238859e-02,3.414249e+00
1537.09375,1537.25,0.15625,3.317985e+00,4.238859e-02,3.275596e+00
1537.25,1537.40625,0.15625,3.164281e+00,4.238859e-02,3.121892e+00
1537.40625,1537.5625,0.15625,2.993241e+00,4.238859e-02,2.950853e+00
1537.5625,1537.71875,0.15625,2.808309e+00,4.238859e-02,2.765921e+00
1537.71875,1537.875,0.15625,2.620899e+00,4.238859e-02,2.578511e+00
1537.875,1538.03125,0.15625,2.450350e+00,4.238859e-02,2.407961e+00
1538.03125,1538.1875,0.15625,2.320973e+00,4.238859e-02,2.278584e+00
1538.1875,1538.34375,0.15625,2.256680e+00,4.238859e-02,2.214291e+00
1538.34375,1538.5,0.15625,2.256680e+00,4.238859e-02,2.214291e+00
1538.5,1538.65625,0.15625,2.274636e+00,4.238859e-02,2.232247e+00
1538.65625,1538.8125,0.15625,2.379862e+00,4.238859e-02,2.337473e+00
1538.8125,1538.96875,0.15625,2.562458e+00,4.238859e-02,2.520069e+00
1538.96875,1539.125,0.15625,2.798262e+00,4.238859e-02,2.755874e+00
1539.125,1539.28125,0.15625,3.052735e+00,4.238859e-02,3.010346e+00
1539.28125,1539.4375,0.15625,3.286981e+00,4.238859e-02,3.244593e+00
1539.4375,1539.59375,0.15625,3.464479e+00,4.238859e-02,3.422091e+00
1539.59375,1539.75,0.15625,3.549828e+00,4.238859e-02,3.507440e+00
1539.75,1539.90625,0.15625,3.442686e+00,4.238859e-02,3.400297e+00
1539.90625,1540.0625,0.15625,3.251353e+00,4.238859e-02,3.208965e+00
1540.0625,1540.21875,0.15625,3.004835e+00,4.238859e-02,2.962446e+00
1540.21875,1540.375,0.15625,2.741322e+00,4.238859e-02,2.698934e+00
1540.375,1540.53125,0.15625,2.502340e+00,4.238859e-02,2.459952e+00
1540.53125,1540.6875,0.15625,2.325998e+00,4.238859e-02,2.283609e+00
1540.6875,1540.84375,0.15625,2.240492e+00,4.238859e-02,2.198103e+00
1540.84375,1541,0.15625,2.240492e+00,4.238859e-02,2.198103e+00
1541,1541.15625,0.15625,2.259159e+00,4.238859e-02,2.216770e+00
1541.15625,1541.3125,0.15625,2.378164e+00,4.238859e-02,2.335775e+00
1541.3125,1541.46875,0.15625,2.577352e+00,4.238859e-02,2.534963e+00
1541.46875,1541.625,0.15625,2.824037e+00,4.238859e-02,2.781649e+00
1541.625,1541.78125,0.15625,3.078819e+00,4.238859e-02,3.036431e+00
1541.78125,1541.9375,0.15625,3.302173e+00,4.238859e-02,3.259785e+00
1541.9375,1542.09375,0.15625,3.460591e+00,4.238859e-02,3.418202e+00
1542.09375,1542.25,0.15625,3.505767e+00,4.238859e-02,3.463378e+00
1542.25,1542.40625,0.15625,3.389907e+00,4.238859e-02,3.347519e+00
1542.40625,1542.5625,0.15625,3.204182e+00,4.238859e-02,3.161794e+00
1542.5625,1542.71875,0.15625,2.980362e+00,4.238859e-02,2.937973e+00
1542.71875,1542.875,0.15625,2.756966e+00,4.238859e-02,2.714578e+00
1542.875,1543.03125,0.15625,2.573147e+00,4.238859e-02,2.530759e+00
1543.03125,1543.1875,0.15625,2.461960e+00,4.238859e-02,2.419572e+00
1543.1875,1543.34375,0.15625,2.444311e+00,4.238859e-02,2.401922e+00
1543.34375,1543.5,0.15625,2.444311e+00,4.238859e-02,2.401922e+00
1543.5,1543.65625,0.15625,2.524950e+00,4.238859e-02,2.482561e+00
1543.65625,1543.8125,0.15625,2.691553e+00,4.238859e-02,2.649165e+00
1543.8125,1543.96875,0.15625,2.917197e+00,4.238859e-02,2.874808e+00
1543.96875,1544.125,0.15625,3.165686e+00,4.238859e-02,3.123297e+00
1544.125,1544.28125,0.15625,3.398522e+00,4.238859e-02,3.356133e+00
1544.28125,1544.4375,0.15625,3.581988e+00,4.238859e-02,3.539599e+00
1544.4375,1544.59375,0.15625,3.692925e+00,4.238859e-02,3.650537e+00
1544.59375,1544.75,0.15625,3.675168e+00,4.238859e-02,3.632779e+00
1544.75,1544.90625,0.15625,3.569624e+00,4.238859e-02,3.527236e+00
1544.90625,1545.0625,0.15625,3.430962e+00,4.238859e-02,3.388573e+00
1545.0625,1545.21875,0.15625,3.286384e+00,4.238859e-02,3.243995e+00
1545.21875,1545.375,0.15625,3.159135e+00,4.238859e-02,3.116747e+00
1545.375,1545.53125,0.15625,3.064469e+00,4.238859e-02,3.022080e+00
1545.53125,1545.6875,0.15625,3.008451e+00,4.238859e-02,2.966063e+00
1545.6875,1545.84375,0.15625,2.989851e+00,4.238859e-02,2.947462e+00
1545.84375,1546,0.15625,2.989851e+00,4.238859e-02,2.947462e+00
1546,1546.15625,0.15625,3.004154e+00,4.238859e-02,2.961766e+00
1546.15625,1546.3125,0.15625,3.047870e+00,4.238859e-02,3.005482e+00
1546.3125,1546.46875,0.15625,3.121108e+00,4.238859e-02,3.078719e+00
1546.46875,1546.625,0.15625,3.227150e+00,4.238859e-02,3.184762e+00
1546.625,1546.78125,0.15625,3.369151e+00,4.238859e-02,3.326762e+00
1546.78125,1546.9375,0.15625,3.545474e+00,4.238859e-02,3.503085e+00
1546.9375,1547.09375,0.15625,3.745969e+00,4.238859e-02,3.703581e+00
1547.09375,1547.25,0.15625,3.951170e+00,4.238859e-02,3.908782e+00
1547.25,1547.40625,0.15625,4.135215e+00,4.238859e-02,4.092826e+00
1547.40625,1547.5625,0.15625,4.271668e+00,4.238859e-02,4.229279e+00
1547.5625,1547.71875,0.15625,4.331250e+00,4.238859e-02,4.288861e+00
1547.71875,1547.875,0.15625,4.247954e+00,4.238859e-02,4.205566e+00
1547.875,1548.03125,0.15625,4.103018e+00,4.238859e-02,4.060629e+00
1548.03125,1548.1875,0.15625,3.913562e+00,4.238859e-02,3.871174e+00
1548.1875,1548.34375,0.15625,3.695038e+00,4.238859e-02,3.652650e+00
1548.34375,1548.5,0.15625,3.456942e+00,4.238859e-02,3.414553e+00
1548.5,1548.65625,0.15625,3.201810e+00,4.238859e-02,3.159422e+00
1548.65625,1548.8125,0.15625,2.927614e+00,4.238859e-02,2.885226e+00
1548.8125,1548.96875,0.15625,2.632282e+00,4.238859e-02,2.589893e+00
1548.96875,1549.125,0.15625,2.318372e+00,4.238859e-02,2.275983e+00
1549.125,1549.28125,0.15625,1.996045e+00,4.238859e-02,1.953656e+00
1549.28125,1549.4375,0.15625,1.683356e+00,4.238859e-02,1.640967e+00
1549.4375,1549.59375,0.15625,1.404002e+00,4.238859e-02,1.361614e+00
1549.59375,1549.75,0.15625,1.183484e+00,4.238859e-02,1.141095e+00
1549.75,1549.90625,0.15625,1.044922e+00,4.238859e-02,1.002534e+00
1549.90625,1550.0625,0.15625,1.005514e+00,4.238859e-02,9.631255e-01
1550.0625,1550.21875,0.15625,1.005514e+00,4.238859e-02,9.631255e-01
1550.21875,1550.375,0.15625,1.074109e+00,4.238859e-02,1.031721e+00
1550.375,1550.53125,0.15625,1.249994e+00,4.238859e-02,1.207606e+00
1550.53125,1550.6875,0.15625,1.522790e+00,4.238859e-02,1.480401e+00
1550.6875,1550.84375,0.15625,1.873405e+00,4.238859e-02,1.831017e+00
1550.84375,1551,0.15625,2.276035e+00,4.238859e-02,2.233646e+00
1551,1551.15625,0.15625,2.701059e+00,4.238859e-02,2.658671e+00
1551.15625,1551.3125,0.15625,3.118482e+00,4.238859e-02,3.076093e+00
1551.3125,1551.46875,0.15625,3.501246e+00,4.238859e-02,3.458858e+00
1551.46875,1551.625,0.15625,3.827721e+00,4.238859e-02,3.785332e+00
1551.625,1551.78125,0.15625,4.082860e+00,4.238859e-02,4.040471e+00
1551.78125,1551.9375,0.15625,4.258006e+00,4.238859e-02,4.215617e+00
1551.9375,1552.09375,0.15625,4.349807e+00,4.238859e-02,4.307418e+00
1552.09375,1552.25,0.15625,4.289931e+00,4.238859e-02,4.247542e+00
1552.25,1552.40625,0.15625,4.150750e+00,4.238859e-02,4.108361e+00
1552.40625,1552.5625,0.15625,3.954681e+00,4.238859e-02,3.912292e+00
1552.5625,1552.71875,0.15625,3.720929e+00,4.238859e-02,3.678540e+00
1552.71875,1552.875,0.15625,3.474594e+00,4.238859e-02,3.432205e+00
1552.875,1553.03125,0.15625,3.244692e+00,4.238859e-02,3.202303e+00
1553.03125,1553.1875,0.15625,3.060187e+00,4.238859e-02,3.017798e+00
1553.1875,1553.34375,0.15625,2.944764e+00,4.238859e-02,2.902375e+00
1553.34375,1553.5,0.15625,2.911752e+00,4.238859e-02,2.869363e+00
1553.5,1553.65625,0.15625,2.911752e+00,4.238859e-02,2.869363e+00
1553.65625,1553.8125,0.15625,2.960798e+00,4.238859e-02,2.918410e+00
1553.8125,1553.96875,0.15625,3.077435e+00,4.238859e-02,3.035047e+00
1553.96875,1554.125,0.15625,3.235828e+00,4.238859e-02,3.193439e+00
1554.125,1554.28125,0.15625,3.404012e+00,4.238859e-02,3.361624e+00
1554.28125,1554.4375,0.15625,3.550274e+00,4.238859e-02,3.507885e+00
1554.4375,1554.59375,0.15625,3.649135e+00,4.238859e-02,3.606746e+00
1554.59375,1554.75,0.15625,3.657597e+00,4.238859e-02,3.615208e+00
1554.75,1554.90625,0.15625,3.574338e+00,4.238859e-02,3.531949e+00
1554.90625,1555.0625,0.15625,3.454248e+00,4.238859e-02,3.411860e+00
1555.0625,1555.21875,0.15625,3.319750e+00,4.238859e-02,3.277362e+00
1555.21875,1555.375,0.15625,3.192010e+00,4.238859e-02,3.149621e+00
1555.375,1555.53125,0.15625,3.086347e+00,4.238859e-02,3.043959e+00
1555.53125,1555.6875,0.15625,3.009706e+00,4.238859e-02,2.967317e+00
1555.6875,1555.84375,0.15625,2.960931e+00,4.238859e-02,2.918542e+00
1555.84375,1556,0.15625,2.933641e+00,4.238859e-02,2.891253e+00
1556,1556.15625,0.15625,2.920465e+00,4.238859e-02,2.878076e+00
1556.15625,1556.3125,0.15625,2.916836e+00,4.238859e-02,2.874447e+00
1556.3125,1556.46875,0.15625,2.916836e+00,4.238859e-02,2.874447e+00
1556.46875,1556.625,0.15625,2.922789e+00,4.238859e-02,2.880401e+00
1556.625,1556.78125,0.15625,2.942119e+00,4.238859e-02,2.899731e+00
1556.78125,1556.9375,0.15625,2.979494e+00,4.238859e-02,2.937105e+00
1556.9375,1557.09375,0.15625,3.037004e+00,4.238859e-02,2.994616e+00
1557.09375,1557.25,0.15625,3.111726e+00,4.238859e-02,3.069337e+00
1557.25,1557.40625,0.15625,3.195229e+00,4.238859e-02,3.152840e+00
1557.40625,1557.5625,0.15625,3.275008e+00,4.238859e-02,3.232619e+00
1557.5625,1557.71875,0.15625,3.337043e+00,4.238859e-02,3.294654e+00
1557.71875,1557.875,0.15625,3.360152e+00,4.238859e-02,3.317764e+00
1557.875,1558.03125,0.15625,3.307737e+00,4.238859e-02,3.265349e+00
1558.03125,1558.1875,0.15625,3.213394e+00,4.238859e-02,3.171005e+00
1558.1875,1558.34375,0.15625,3.086064e+00,4.238859e-02,3.043675e+00
1558.34375,1558.5,0.15625,2.941103e+00,4.238859e-02,2.898714e+00
1558.5,1558.65625,0.15625,2.798407e+00,4.238859e-02,2.756018e+00
1558.65625,1558.8125,0.15625,2.678941e+00,4.238859e-02,2.636552e+00
1558.8125,1558.96875,0.15625,2.600265e+00,4.238859e-02,2.557876e+00
1558.96875,1559.125,0.15625,2.572347e+00,4.238859e-02,2.529958e+00
1559.125,1559.28125,0.15625,2.572347e+00,4.238859e-02,2.529958e+00
1559.28125,1559.4375,0.15625,2.595171e+00,4.238859e-02,2.552782e+00
1559.4375,1559.59375,0.15625,2.659096e+00,4.238859e-02,2.616708e+00
1559.59375,1559.75,0.15625,2.747864e+00,4.238859e-02,2.705475e+00
1559.75,1559.90625,0.15625,2.843042e+00,4.238859e-02,2.800653e+00
1559.90625,1560.0625,0.15625,2.928171e+00,4.238859e-02,2.885782e+00
1560.0625,1560.21875,0.15625,2.991188e+00,4.238859e-02,2.948800e+00
1560.21875,1560.375,0.15625,3.024715e+00,4.238859e-02,2.982327e+00
1560.375,1560.53125,0.15625,2.990337e+00,4.238859e-02,2.947949e+00
1560.53125,1560.6875,0.15625,2.921741e+00,4.238859e-02,2.879352e+00
1560.6875,1560.84375,0.15625,2.823396e+00,4.238859e-02,2.781007e+00
1560.84375,1561,0.15625,2.704761e+00,4.238859e-02,2.662372e+00
1561,1561.15625,0.15625,2.581261e+00,4.238859e-02,2.538873e+00
1561.15625,1561.3125,0.15625,2.472937e+00,4.238859e-02,2.430548e+00
1561.3125,1561.46875,0.15625,2.400774e+00,4.238859e-02,2.358385e+00
1561.46875,1561.625,0.15625,2.381756e+00,4.238859e-02,2.339368e+00
1561.625,1561.78125,0.15625,2.381756e+00,4.238859e-02,2.339368e+00
1561.78125,1561.9375,0.15625,2.424438e+00,4.238859e-02,2.382049e+00
1561.9375,1562.09375,0.15625,2.526795e+00,4.238859e-02,2.484406e+00
1562.09375,1562.25,0.15625,2.677230e+00,4.238859e-02,2.634842e+00
1562.25,1562.40625,0.15625,2.858302e+00,4.238859e-02,2.815913e+00
1562.40625,1562.5625,0.15625,3.051700e+00,4.238859e-02,3.009311e+00
1562.5625,1562.71875,0.15625,3.242614e+00,4.238859e-02,3.200226e+00
1562.71875,1562.875,0.15625,3.422088e+00,4.238859e-02,3.379699e+00
1562.875,1563.03125,0.15625,3.586938e+00,4.238859e-02,3.544550e+00
1563.03125,1563.1875,0.15625,3.737830e+00,4.238859e-02,3.695441e+00
1563.1875,1563.34375,0.15625,3.876644e+00,4.238859e-02,3.834255e+00
1563.34375,1563.5,0.15625,4.004244e+00,4.238859e-02,3.961855e+00
1563.5,1563.65625,0.15625,4.119230e+00,4.238859e-02,4.076842e+00
1563.65625,1563.8125,0.15625,4.217697e+00,4.238859e-02,4.175309e+00
1563.8125,1563.96875,0.15625,4.293643e+00,4.238859e-02,4.251255e+00
1563.96875,1564.125,0.15625,4.339695e+00,4.238859e-02,4.297307e+00
1564.125,1564.28125,0.15625,4.311475e+00,4.238859e-02,4.269087e+00
1564.28125,1564.4375,0.15625,4.225297e+00,4.238859e-02,4.182908e+00
1564.4375,1564.59375,0.15625,4.088919e+00,4.238859e-02,4.046530e+00
1564.59375,1564.75,0.15625,3.907764e+00,4.238859e-02,3.865375e+00
1564.75,1564.90625,0.15625,3.694071e+00,4.238859e-02,3.651682e+00
1564.90625,1565.0625,0.15625,3.466072e+00,4.238859e-02,3.423683e+00
1565.0625,1565.21875,0.15625,3.245191e+00,4.238859e-02,3.202803e+00
1565.21875,1565.375,0.15625,3.051685e+00,4.238859e-02,3.009296e+00
1565.375,1565.53125,0.15625,2.899929e+00,4.238859e-02,2.857540e+00
1565.53125,1565.6875,0.15625,2.795000e+00,4.238859e-02,2.752611e+00
1565.6875,1565.84375,0.15625,2.731954e+00,4.238859e-02,2.689566e+00
1565.84375,1566,0.15625,2.698305e+00,4.238859e-02,2.655917e+00
1566,1566.15625,0.15625,2.678905e+00,4.238859e-02,2.636517e+00
1566.15625,1566.3125,0.15625,2.661372e+00,4.238859e-02,2.618984e+00
1566.3125,1566.46875,0.15625,2.639891e+00,4.238859e-02,2.597502e+00
1566.46875,1566.625,0.15625,2.615874e+00,4.238859e-02,2.573486e+00
1566.625,1566.78125,0.15625,2.595374e+00,4.238859e-02,2.552986e+00
1566.78125,1566.9375,0.15625,2.584588e+00,4.238859e-02,2.542199e+00
1566.9375,1567.09375,0.15625,2.584588e+00,4.238859e-02,2.542199e+00
1567.09375,1567.25,0.15625,2.585684e+00,4.238859e-02,2.543295e+00
1567.25,1567.40625,0.15625,2.594977e+00,4.238859e-02,2.552588e+00
1567.40625,1567.5625,0.15625,2.604302e+00,4.238859e-02,2.561913e+00
1567.5625,1567.71875,0.15625,2.591672e+00,4.238859e-02,2.549283e+00
1567.71875,1567.875,0.15625,2.566135e+00,4.238859e-02,2.523747e+00
1567.875,1568.03125,0.15625,2.535738e+00,4.238859e-02,2.493350e+00
1568.03125,1568.1875,0.15625,2.510586e+00,4.238859e-02,2.468198e+00
1568.1875,1568.34375,0.15625,2.498621e+00,4.238859e-02,2.456232e+00
1568.34375,1568.5,0.15625,2.498621e+00,4.238859e-02,2.456232e+00
1568.5,1568.65625,0.15625,2.501785e+00,4.238859e-02,2.459397e+00
1568.65625,1568.8125,0.15625,2.515120e+00,4.238859e-02,2.472731e+00
1568.8125,1568.96875,0.15625,2.529442e+00,4.238859e-02,2.487054e+00
1568.96875,1569.125,0.15625,2.535054e+00,4.238859e-02,2.492666e+00
1569.125,1569.28125,0.15625,2.533225e+00,4.238859e-02,2.490836e+00
1569.28125,1569.4375,0.15625,2.533225e+00,4.238859e-02,2.490836e+00
1569.4375,1569.59375,0.15625,2.548979e+00,4.238859e-02,2.506591e+00
1569.59375,1569.75,0.15625,2.605034e+00,4.238859e-02,2.562645e+00
1569.75,1569.90625,0.15625,2.721771e+00,4.238859e-02,2.679382e+00
1569.90625,1570.0625,0.15625,2.909949e+00,4.238859e-02,2.867561e+00
1570.0625,1570.21875,0.15625,3.165831e+00,4.238859e-02,3.123442e+00
1570.21875,1570.375,0.15625,3.470357e+00,4.238859e-02,3.427968e+00
1570.375,1570.53125,0.15625,3.792551e+00,4.238859e-02,3.750162e+00
1570.53125,1570.6875,0.15625,4.095919e+00,4.238859e-02,4.053531e+00
1570.6875,1570.84375,0.15625,4.345720e+00,4.238859e-02,4.303331e+00
1570.84375,1571,0.15625,4.514938e+00,4.238859e-02,4.472550e+00
1571,1571.15625,0.15625,4.558480e+00,4.238859e-02,4.516091e+00
1571.15625,1571.3125,0.15625,4.431975e+00,4.238859e-02,4.389587e+00
1571.3125,1571.46875,0.15625,4.218373e+00,4.238859e-02,4.175985e+00
1571.46875,1571.625,0.15625,3.932159e+00,4.238859e-02,3.889770e+00
1571.625,1571.78125,0.15625,3.591181e+00,4.238859e-02,3.548792e+00
1571.78125,1571.9375,0.15625,3.217149e+00,4.238859e-02,3.174760e+00
1571.9375,1572.09375,0.15625,2.836447e+00,4.238859e-02,2.794059e+00
1572.09375,1572.25,0.15625,2.480086e+00,4.238859e-02,2.437698e+00
1572.25,1572.40625,0.15625,2.181903e+00,4.238859e-02,2.139515e+00
1572.40625,1572.5625,0.15625,1.974806e+00,4.238859e-02,1.932417e+00
1572.5625,1572.71875,0.15625,1.885585e+00,4.238859e-02,1.843196e+00
1572.71875,1572.875,0.15625,1.885585e+00,4.238859e-02,1.843196e+00
1572.875,1573.03125,0.15625,1.929397e+00,4.238859e-02,1.887008e+00
1573.03125,1573.1875,0.15625,2.105255e+00,4.238859e-02,2.062866e+00
1573.1875,1573.34375,0.15625,2.393814e+00,4.238859e-02,2.351425e+00
1573.34375,1573.5,0.15625,2.758405e+00,4.238859e-02,2.716016e+00
1573.5,1573.65625,0.15625,3.149689e+00,4.238859e-02,3.107300e+00
1573.65625,1573.8125,0.15625,3.513533e+00,4.238859e-02,3.471144e+00
1573.8125,1573.96875,0.15625,3.800826e+00,4.238859e-02,3.758437e+00
1573.96875,1574.125,0.15625,3.977200e+00,4.238859e-02,3.934812e+00
1574.125,1574.28125,0.15625,3.972377e+00,4.238859e-02,3.929988e+00
1574.28125,1574.4375,0.15625,3.837626e+00,4.238859e-02,3.795237e+00
1574.4375,1574.59375,0.15625,3.673823e+00,4.238859e-02,3.631434e+00
1574.59375,1574.75,0.15625,3.530926e+00,4.238859e-02,3.488537e+00
1574.75,1574.90625,0.15625,3.448993e+00,4.238859e-02,3.406604e+00
1574.90625,1575.0625,0.15625,3.448640e+00,4.238859e-02,3.406251e+00
1575.0625,1575.21875,0.15625,3.448640e+00,4.238859e-02,3.406251e+00
1575.21875,1575.375,0.15625,3.526394e+00,4.238859e-02,3.484006e+00
1575.375,1575.53125,0.15625,3.656008e+00,4.238859e-02,3.613619e+00
1575.53125,1575.6875,0.15625,3.795221e+00,4.238859e-02,3.752833e+00
1575.6875,1575.84375,0.15625,3.896130e+00,4.238859e-02,3.853742e+00
1575.84375,1576,0.15625,3.829347e+00,4.238859e-02,3.786959e+00
1576,1576.15625,0.15625,3.628724e+00,4.238859e-02,3.586335e+00
1576.15625,1576.3125,0.15625,3.330671e+00,4.238859e-02,3.288283e+00
1576.3125,1576.46875,0.15625,2.969533e+00,4.238859e-02,2.927144e+00
1576.46875,1576.625,0.15625,2.590760e+00,4.238859e-02,2.548371e+00
1576.625,1576.78125,0.15625,2.241963e+00,4.238859e-02,2.199574e+00
1576.78125,1576.9375,0.15625,1.964101e+00,4.238859e-02,1.921712e+00
1576.9375,1577.09375,0.15625,1.784459e+00,4.238859e-02,1.742070e+00
1577.09375,1577.25,0.15625,1.712606e+00,4.238859e-02,1.670217e+00
1577.25,1577.40625,0.15625,1.712606e+00,4.238859e-02,1.670217e+00
1577.40625,1577.5625,0.15625,1.739943e+00,4.238859e-02,1.697555e+00
1577.5625,1577.71875,0.15625,1.842858e+00,4.238859e-02,1.800469e+00
1577.71875,1577.875,0.15625,1.988829e+00,4.238859e-02,1.946441e+00
1577.875,1578.03125,0.15625,2.144238e+00,4.238859e-02,2.101849e+00
1578.03125,1578.1875,0.15625,2.282090e+00,4.238859e-02,2.239701e+00
1578.1875,1578.34375,0.15625,2.387735e+00,4.238859e-02,2.345347e+00
1578.34375,1578.5,0.15625,2.461037e+00,4.238859e-02,2.418648e+00
1578.5,1578.65625,0.15625,2.514391e+00,4.238859e-02,2.472003e+00
1578.65625,1578.8125,0.15625,2.567287e+00,4.238859e-02,2.524898e+00
1578.8125,1578.96875,0.15625,2.639192e+00,4.238859e-02,2.596804e+00
1578.96875,1579.125,0.15625,2.743112e+00,4.238859e-02,2.700723e+00
1579.125,1579.28125,0.15625,2.881760e+00,4.238859e-02,2.839371e+00
1579.28125,1579.4375,0.15625,3.047297e+00,4.238859e-02,3.004909e+00
1579.4375,1579.59375,0.15625,3.224231e+00,4.238859e-02,3.181842e+00
1579.59375,1579.75,0.15625,3.394107e+00,4.238859e-02,3.351719e+00
1579.75,1579.90625,0.15625,3.540291e+00,4.238859e-02,3.497903e+00
1579.90625,1580.0625,0.15625,3.651463e+00,4.238859e-02,3.609074e+00
1580.0625,1580.21875,0.15625,3.723194e+00,4.238859e-02,3.680806e+00
1580.21875,1580.375,0.15625,3.757680e+00,4.238859e-02,3.715292e+00
1580.375,1580.53125,0.15625,3.746364e+00,4.238859e-02,3.703975e+00
1580.53125,1580.6875,0.15625,3.720548e+00,4.238859e-02,3.678160e+00
1580.6875,1580.84375,0.15625,3.693008e+00,4.238859e-02,3.650620e+00
1580.84375,1581,0.15625,3.669055e+00,4.238859e-02,3.626667e+00
1581,1581.15625,0.15625,3.650679e+00,4.238859e-02,3.608290e+00
1581.15625,1581.3125,0.15625,3.637113e+00,4.238859e-02,3.594724e+00
1581.3125,1581.46875,0.15625,3.625936e+00,4.238859e-02,3.583548e+00
1581.46875,1581.625,0.15625,3.614273e+00,4.238859e-02,3.571885e+00
1581.625,1581.78125,0.15625,3.599788e+00,4.238859e-02,3.557400e+00
1581.78125,1581.9375,0.15625,3.581386e+00,4.238859e-02,3.538997e+00
1581.9375,1582.09375,0.15625,3.559675e+00,4.238859e-02,3.517287e+00
1582.09375,1582.25,0.15625,3.537217e+00,4.238859e-02,3.494828e+00
1582.25,1582.40625,0.15625,3.518389e+00,4.238859e-02,3.476001e+00
1582.40625,1582.5625,0.15625,3.508639e+00,4.238859e-02,3.466251e+00
1582.5625,1582.71875,0.15625,3.508639e+00,4.238859e-02,3.466251e+00
1582.71875,1582.875,0.15625,3.512993e+00,4.238859e-02,3.470605e+00
1582.875,1583.03125,0.15625,3.534071e+00,4.238859e-02,3.491682e+00
1583.03125,1583.1875,0.15625,3.570192e+00,4.238859e-02,3.527803e+00
1583.1875,1583.34375,0.15625,3.614272e+00,4.238859e-02,3.571884e+00
1583.34375,1583.5,0.15625,3.654003e+00,4.238859e-02,3.611614e+00
1583.5,1583.65625,0.15625,3.655126e+00,4.238859e-02,3.612737e+00
1583.65625,1583.8125,0.15625,3.583952e+00,4.238859e-02,3.541563e+00
1583.8125,1583.96875,0.15625,3.449384e+00,4.238859e-02,3.406995e+00
1583.96875,1584.125,0.15625,3.248522e+00,4.238859e-02,3.206134e+00
1584.125,1584.28125,0.15625,2.987872e+00,4.238859e-02,2.945483e+00
1584.28125,1584.4375,0.15625,2.683976e+00,4.238859e-02,2.641587e+00
1584.4375,1584.59375,0.15625,2.362475e+00,4.238859e-02,2.320086e+00
1584.59375,1584.75,0.15625,2.055431e+00,4.238859e-02,2.013043e+00
1584.75,1584.90625,0.15625,1.797154e+00,4.238859e-02,1.754765e+00
1584.90625,1585.0625,0.15625,1.619155e+00,4.238859e-02,1.576766e+00
1585.0625,1585.21875,0.15625,1.545159e+00,4.238859e-02,1.502770e+00
1585.21875,1585.375,0.15625,1.545159e+00,4.238859e-02,1.502770e+00
1585.375,1585.53125,0.15625,1.587095e+00,4.238859e-02,1.544706e+00
1585.53125,1585.6875,0.15625,1.742838e+00,4.238859e-02,1.700450e+00
1585.6875,1585.84375,0.15625,1.996121e+00,4.238859e-02,1.953732e+00
1585.84375,1586,0.15625,2.318651e+00,4.238859e-02,2.276262e+00
1586,1586.15625,0.15625,2.674132e+00,4.238859e-02,2.631743e+00
1586.15625,1586.3125,0.15625,3.023540e+00,4.238859e-02,2.981152e+00
1586.3125,1586.46875,0.15625,3.330807e+00,4.238859e-02,3.288418e+00
1586.46875,1586.625,0.15625,3.567958e+00,4.238859e-02,3.525569e+00
1586.625,1586.78125,0.15625,3.718838e+00,4.238859e-02,3.676450e+00
1586.78125,1586.9375,0.15625,3.763664e+00,4.238859e-02,3.721275e+00
1586.9375,1587.09375,0.15625,3.687160e+00,4.238859e-02,3.644772e+00
1587.09375,1587.25,0.15625,3.575628e+00,4.238859e-02,3.533239e+00
1587.25,1587.40625,0.15625,3.452879e+00,4.238859e-02,3.410491e+00
1587.40625,1587.5625,0.15625,3.337495e+00,4.238859e-02,3.295107e+00
1587.5625,1587.71875,0.15625,3.240140e+00,4.238859e-02,3.197752e+00
1587.71875,1587.875,0.15625,3.163488e+00,4.238859e-02,3.121100e+00
1587.875,1588.03125,0.15625,3.104453e+00,4.238859e-02,3.062065e+00
1588.03125,1588.1875,0.15625,3.057544e+00,4.238859e-02,3.015156e+00
1588.1875,1588.34375,0.15625,3.017781e+00,4.238859e-02,2.975392e+00
1588.34375,1588.5,0.15625,2.981998e+00,4.238859e-02,2.939610e+00
1588.5,1588.65625,0.15625,2.948335e+00,4.238859e-02,2.905946e+00
1588.65625,1588.8125,0.15625,2.914802e+00,4.238859e-02,2.872414e+00
1588.8125,1588.96875,0.15625,2.878387e+00,4.238859e-02,2.835999e+00
1588.96875,1589.125,0.15625,2.835835e+00,4.238859e-02,2.793446e+00
1589.125,1589.28125,0.15625,2.786210e+00,4.238859e-02,2.743822e+00
1589.28125,1589.4375,0.15625,2.734107e+00,4.238859e-02,2.691719e+00
1589.4375,1589.59375,0.15625,2.691622e+00,4.238859e-02,2.649233e+00
1589.59375,1589.75,0.15625,2.677442e+00,4.238859e-02,2.635054e+00
1589.75,1589.90625,0.15625,2.677442e+00,4.238859e-02,2.635054e+00
1589.90625,1590.0625,0.15625,2.712512e+00,4.238859e-02,2.670123e+00
1590.0625,1590.21875,0.15625,2.813234e+00,4.238859e-02,2.770846e+00
1590.21875,1590.375,0.15625,2.984458e+00,4.238859e-02,2.942069e+00
1590.375,1590.53125,0.15625,3.214867e+00,4.238859e-02,3.172479e+00
1590.53125,1590.6875,0.15625,3.476799e+00,4.238859e-02,3.434411e+00
1590.6875,1590.84375,0.15625,3.731076e+00,4.238859e-02,3.688687e+00
1590.84375,1591,0.15625,3.935779e+00,4.238859e-02,3.893390e+00
1591,1591.15625,0.15625,4.056512e+00,4.238859e-02,4.014123e+00
1591.15625,1591.3125,0.15625,3.994305e+00,4.238859e-02,3.951917e+00
1591.3125,1591.46875,0.15625,3.836665e+00,4.238859e-02,3.794276e+00
1591.46875,1591.625,0.15625,3.638682e+00,4.238859e-02,3.596293e+00
1591.625,1591.78125,0.15625,3.441400e+00,4.238859e-02,3.399011e+00
1591.78125,1591.9375,0.15625,3.280727e+00,4.238859e-02,3.238339e+00
1591.9375,1592.09375,0.15625,3.180132e+00,4.238859e-02,3.137743e+00
1592.09375,1592.25,0.15625,3.147541e+00,4.238859e-02,3.105152e+00
1592.25,1592.40625,0.15625,3.147541e+00,4.238859e-02,3.105152e+00
1592.40625,1592.5625,0.15625,3.176737e+00,4.238859e-02,3.134349e+00
1592.5625,1592.71875,0.15625,3.252041e+00,4.238859e-02,3.209652e+00
1592.71875,1592.875,0.15625,3.354166e+00,4.238859e-02,3.311778e+00
1592.875,1593.03125,0.15625,3.465169e+00,4.238859e-02,3.422781e+00
1593.03125,1593.1875,0.15625,3.571156e+00,4.238859e-02,3.528767e+00
1593.1875,1593.34375,0.15625,3.662538e+00,4.238859e-02,3.620149e+00
1593.34375,1593.5,0.15625,3.732574e+00,4.238859e-02,3.690186e+00
1593.5,1593.65625,0.15625,3.775342e+00,4.238859e-02,3.732953e+00
1593.65625,1593.8125,0.15625,3.751257e+00,4.238859e-02,3.708868e+00
1593.8125,1593.96875,0.15625,3.668352e+00,4.238859e-02,3.625963e+00
1593.96875,1594.125,0.15625,3.528759e+00,4.238859e-02,3.486370e+00
1594.125,1594.28125,0.15625,3.329781e+00,4.238859e-02,3.287392e+00
1594.28125,1594.4375,0.15625,3.075235e+00,4.238859e-02,3.032846e+00
1594.4375,1594.59375,0.15625,2.777212e+00,4.238859e-02,2.734824e+00
1594.59375,1594.75,0.15625,2.456352e+00,4.238859e-02,2.413964e+00
1594.75,1594.90625,0.15625,2.140167e+00,4.238859e-02,2.097779e+00
1594.90625,1595.0625,0.15625,1.859419e+00,4.238859e-02,1.817030e+00
1595.0625,1595.21875,0.15625,1.643138e+00,4.238859e-02,1.600750e+00
1595.21875,1595.375,0.15625,1.513346e+00,4.238859e-02,1.470957e+00
1595.375,1595.53125,0.15625,1.480720e+00,4.238859e-02,1.438332e+00
1595.53125,1595.6875,0.15625,1.480720e+00,4.238859e-02,1.438332e+00
1595.6875,1595.84375,0.15625,1.542362e+00,4.238859e-02,1.499974e+00
1595.84375,1596,0.15625,1.682373e+00,4.238859e-02,1.639984e+00
1596,1596.15625,0.15625,1.875332e+00,4.238859e-02,1.832943e+00
1596.15625,1596.3125,0.15625,2.092024e+00,4.238859e-02,2.049635e+00
1596.3125,1596.46875,0.15625,2.306051e+00,4.238859e-02,2.263663e+00
1596.46875,1596.625,0.15625,2.499560e+00,4.238859e-02,2.457171e+00
1596.625,1596.78125,0.15625,2.666371e+00,4.238859e-02,2.623982e+00
1596.78125,1596.9375,0.15625,2.811514e+00,4.238859e-02,2.769125e+00
1596.9375,1597.09375,0.15625,2.947280e+00,4.238859e-02,2.904891e+00
1597.09375,1597.25,0.15625,3.087124e+00,4.238859e-02,3.044735e+00
1597.25,1597.40625,0.15625,3.239517e+00,4.238859e-02,3.197129e+00
1597.40625,1597.5625,0.15625,3.403873e+00,4.238859e-02,3.361484e+00
1597.5625,1597.71875,0.15625,3.569889e+00,4.238859e-02,3.527501e+00
1597.71875,1597.875,0.15625,3.720479e+00,4.238859e-02,3.678090e+00
1597.875,1598.03125,0.15625,3.837242e+00,4.238859e-02,3.794854e+00
1598.03125,1598.1875,0.15625,3.906712e+00,4.238859e-02,3.864324e+00
1598.1875,1598.34375,0.15625,3.902165e+00,4.238859e-02,3.859776e+00
1598.34375,1598.5,0.15625,3.856802e+00,4.238859e-02,3.814413e+00
1598.5,1598.65625,0.15625,3.815384e+00,4.238859e-02,3.772995e+00
1598.65625,1598.8125,0.15625,3.802960e+00,4.238859e-02,3.760571e+00
1598.8125,1598.96875,0.15625,3.802960e+00,4.238859e-02,3.760571e+00
1598.96875,1599.125,0.15625,3.835724e+00,4.238859e-02,3.793336e+00
1599.125,1599.28125,0.15625,3.914848e+00,4.238859e-02,3.872459e+00
1599.28125,1599.4375,0.15625,4.024030e+00,4.238859e-02,3.981642e+00
1599.4375,1599.59375,0.15625,4.131937e+00,4.238859e-02,4.089549e+00
1599.59375,1599.75,0.15625,4.188707e+00,4.238859e-02,4.146318e+00
1599.75,1599.90625,0.15625,4.075042e+00,4.238859e-02,4.032654e+00
1599.90625,1600.0625,0.15625,3.852570e+00,4.238859e-02,3.810182e+00
1600.0625,1600.21875,0.15625,3.537738e+00,4.238859e-02,3.495349e+00
1600.21875,1600.375,0.15625,3.166380e+00,4.238859e-02,3.123992e+00
1600.375,1600.53125,0.15625,2.786453e+00,4.238859e-02,2.744064e+00
1600.53125,1600.6875,0.15625,2.448298e+00,4.238859e-02,2.405909e+00
1600.6875,1600.84375,0.15625,2.194918e+00,4.238859e-02,2.152530e+00
1600.84375,1601,0.15625,2.054479e+00,4.238859e-02,2.012091e+00
1601,1601.15625,0.15625,2.036475e+00,4.238859e-02,1.994087e+00
1601.15625,1601.3125,0.15625,2.036475e+00,4.238859e-02,1.994087e+00
1601.3125,1601.46875,0.15625,2.131999e+00,4.238859e-02,2.089610e+00
1601.46875,1601.625,0.15625,2.317595e+00,4.238859e-02,2.275207e+00
1601.625,1601.78125,0.15625,2.561424e+00,4.238859e-02,2.519035e+00
1601.78125,1601.9375,0.15625,2.830057e+00,4.238859e-02,2.787668e+00
1601.9375,1602.09375,0.15625,3.094264e+00,4.238859e-02,3.051876e+00
1602.09375,1602.25,0.15625,3.332565e+00,4.238859e-02,3.290176e+00
1602.25,1602.40625,0.15625,3.532094e+00,4.238859e-02,3.489705e+00
1602.40625,1602.5625,0.15625,3.687122e+00,4.238859e-02,3.644734e+00
1602.5625,1602.71875,0.15625,3.796204e+00,4.238859e-02,3.753816e+00
1602.71875,1602.875,0.15625,3.859122e+00,4.238859e-02,3.816734e+00
1602.875,1603.03125,0.15625,3.839755e+00,4.238859e-02,3.797366e+00
1603.03125,1603.1875,0.15625,3.750311e+00,4.238859e-02,3.707922e+00
1603.1875,1603.34375,0.15625,3.603194e+00,4.238859e-02,3.560805e+00
1603.34375,1603.5,0.15625,3.399071e+00,4.238859e-02,3.356682e+00
1603.5,1603.65625,0.15625,3.145173e+00,4.238859e-02,3.102784e+00
1603.65625,1603.8125,0.15625,2.857125e+00,4.238859e-02,2.814737e+00
1603.8125,1603.96875,0.15625,2.559020e+00,4.238859e-02,2.516632e+00
1603.96875,1604.125,0.15625,2.281266e+00,4.238859e-02,2.238878e+00
1604.125,1604.28125,0.15625,2.056347e+00,4.238859e-02,2.013958e+00
1604.28125,1604.4375,0.15625,1.913280e+00,4.238859e-02,1.870891e+00
1604.4375,1604.59375,0.15625,1.872042e+00,4.238859e-02,1.829654e+00
1604.59375,1604.75,0.15625,1.872042e+00,4.238859e-02,1.829654e+00
1604.75,1604.90625,0.15625,1.939351e+00,4.238859e-02,1.896962e+00
1604.90625,1605.0625,0.15625,2.106864e+00,4.238859e-02,2.064475e+00
1605.0625,1605.21875,0.15625,2.352277e+00,4.238859e-02,2.309889e+00
1605.21875,1605.375,0.15625,2.643026e+00,4.238859e-02,2.600637e+00
1605.375,1605.53125,0.15625,2.941721e+00,4.238859e-02,2.899332e+00
1605.53125,1605.6875,0.15625,3.212144e+00,4.238859e-02,3.169755e+00
1605.6875,1605.84375,0.15625,3.424648e+00,4.238859e-02,3.382260e+00
1605.84375,1606,0.15625,3.560113e+00,4.238859e-02,3.517725e+00
1606,1606.15625,0.15625,3.586292e+00,4.238859e-02,3.543904e+00
1606.15625,1606.3125,0.15625,3.499567e+00,4.238859e-02,3.457178e+00
1606.3125,1606.46875,0.15625,3.375168e+00,4.238859e-02,3.332780e+00
1606.46875,1606.625,0.15625,3.238326e+00,4.238859e-02,3.195937e+00
1606.625,1606.78125,0.15625,3.110976e+00,4.238859e-02,3.068587e+00
1606.78125,1606.9375,0.15625,3.007607e+00,4.238859e-02,2.965218e+00
1606.9375,1607.09375,0.15625,2.933330e+00,4.238859e-02,2.890941e+00
1607.09375,1607.25,0.15625,2.884830e+00,4.238859e-02,2.842442e+00
1607.25,1607.40625,0.15625,2.853861e+00,4.238859e-02,2.811472e+00
1607.40625,1607.5625,0.15625,2.831919e+00,4.238859e-02,2.789530e+00
1607.5625,1607.71875,0.15625,2.814252e+00,4.238859e-02,2.771863e+00
1607.71875,1607.875,0.15625,2.801662e+00,4.238859e-02,2.759273e+00
1607.875,1608.03125,0.15625,2.799636e+00,4.238859e-02,2.757247e+00
1608.03125,1608.1875,0.15625,2.799636e+00,4.238859e-02,2.757247e+00
1608.1875,1608.34375,0.15625,2.815628e+00,4.238859e-02,2.773239e+00
1608.34375,1608.5,0.15625,2.856109e+00,4.238859e-02,2.813720e+00
1608.5,1608.65625,0.15625,2.924938e+00,4.238859e-02,2.882550e+00
1608.65625,1608.8125,0.15625,3.023623e+00,4.238859e-02,2.981234e+00
1608.8125,1608.96875,0.15625,3.152768e+00,4.238859e-02,3.110380e+00
1608.96875,1609.125,0.15625,3.313204e+00,4.238859e-02,3.270815e+00
1609.125,1609.28125,0.15625,3.505359e+00,4.238859e-02,3.462970e+00
1609.28125,1609.4375,0.15625,3.726595e+00,4.238859e-02,3.684207e+00
1609.4375,1609.59375,0.15625,3.967625e+00,4.238859e-02,3.925236e+00
1609.59375,1609.75,0.15625,4.210146e+00,4.238859e-02,4.167758e+00
1609.75,1609.90625,0.15625,4.427681e+00,4.238859e-02,4.385293e+00
1609.90625,1610.0625,0.15625,4.590295e+00,4.238859e-02,4.547907e+00
1610.0625,1610.21875,0.15625,4.658068e+00,4.238859e-02,4.615680e+00
1610.21875,1610.375,0.15625,4.549425e+00,4.238859e-02,4.507037e+00
1610.375,1610.53125,0.15625,4.361954e+00,4.238859e-02,4.319566e+00
1610.53125,1610.6875,0.15625,4.121202e+00,4.238859e-02,4.078813e+00
1610.6875,1610.84375,0.15625,3.854511e+00,4.238859e-02,3.812122e+00
1610.84375,1611,0.15625,3.583870e+00,4.238859e-02,3.541482e+00
1611,1611.15625,0.15625,3.322198e+00,4.238859e-02,3.279810e+00
1611.15625,1611.3125,0.15625,3.074126e+00,4.238859e-02,3.031738e+00
1611.3125,1611.46875,0.15625,2.840268e+00,4.238859e-02,2.797880e+00
1611.46875,1611.625,0.15625,2.622495e+00,4.238859e-02,2.580107e+00
1611.625,1611.78125,0.15625,2.427456e+00,4.238859e-02,2.385067e+00
1611.78125,1611.9375,0.15625,2.266589e+00,4.238859e-02,2.224200e+00
1611.9375,1612.09375,0.15625,2.152580e+00,4.238859e-02,2.110192e+00
1612.09375,1612.25,0.15625,2.093872e+00,4.238859e-02,2.051484e+00
1612.25,1612.40625,0.15625,2.089730e+00,4.238859e-02,2.047341e+00
1612.40625,1612.5625,0.15625,2.089730e+00,4.238859e-02,2.047341e+00
1612.5625,1612.71875,0.15625,2.128176e+00,4.238859e-02,2.085787e+00
1612.71875,1612.875,0.15625,2.187994e+00,4.238859e-02,2.145605e+00
1612.875,1613.03125,0.15625,2.244380e+00,4.238859e-02,2.201992e+00
1613.03125,1613.1875,0.15625,2.273718e+00,4.238859e-02,2.231329e+00
1613.1875,1613.34375,0.15625,2.240113e+00,4.238859e-02,2.197724e+00
1613.34375,1613.5,0.15625,2.192722e+00,4.238859e-02,2.150334e+00
1613.5,1613.65625,0.15625,2.157045e+00,4.238859e-02,2.114657e+00
1613.65625,1613.8125,0.15625,2.157045e+00,4.238859e-02,2.114657e+00
1613.8125,1613.96875,0.15625,2.159495e+00,4.238859e-02,2.117106e+00
1613.96875,1614.125,0.15625,2.219889e+00,4.238859e-02,2.177500e+00
1614.125,1614.28125,0.15625,2.346215e+00,4.238859e-02,2.303826e+00
1614.28125,1614.4375,0.15625,2.533078e+00,4.238859e-02,2.490689e+00
1614.4375,1614.59375,0.15625,2.763914e+00,4.238859e-02,2.721525e+00
1614.59375,1614.75,0.15625,3.015808e+00,4.238859e-02,2.973420e+00
1614.75,1614.90625,0.15625,3.265073e+00,4.238859e-02,3.222685e+00
1614.90625,1615.0625,0.15625,3.491778e+00,4.238859e-02,3.449390e+00
1615.0625,1615.21875,0.15625,3.682123e+00,4.238859e-02,3.639734e+00
1615.21875,1615.375,0.15625,3.828493e+00,4.238859e-02,3.786104e+00
1615.375,1615.53125,0.15625,3.927879e+00,4.238859e-02,3.885490e+00
1615.53125,1615.6875,0.15625,3.979754e+00,4.238859e-02,3.937365e+00
1615.6875,1615.84375,0.15625,3.942844e+00,4.238859e-02,3.900455e+00
1615.84375,1616,0.15625,3.856994e+00,4.238859e-02,3.814605e+00
1616,1616.15625,0.15625,3.732086e+00,4.238859e-02,3.689697e+00
1616.15625,1616.3125,0.15625,3.578088e+00,4.238859e-02,3.535700e+00
1616.3125,1616.46875,0.15625,3.410611e+00,4.238859e-02,3.368222e+00
1616.46875,1616.625,0.15625,3.250016e+00,4.238859e-02,3.207628e+00
1616.625,1616.78125,0.15625,3.118542e+00,4.238859e-02,3.076153e+00
1616.78125,1616.9375,0.15625,3.035901e+00,4.238859e-02,2.993512e+00
1616.9375,1617.09375,0.15625,3.014555e+00,4.238859e-02,2.972166e+00
1617.09375,1617.25,0.15625,3.014555e+00,4.238859e-02,2.972166e+00
1617.25,1617.40625,0.15625,3.056132e+00,4.238859e-02,3.013743e+00
1617.40625,1617.5625,0.15625,3.150227e+00,4.238859e-02,3.107839e+00
1617.5625,1617.71875,0.15625,3.276062e+00,4.238859e-02,3.233673e+00
1617.71875,1617.875,0.15625,3.406560e+00,4.238859e-02,3.364171e+00
1617.875,1618.03125,0.15625,3.513754e+00,4.238859e-02,3.471365e+00
1618.03125,1618.1875,0.15625,3.573451e+00,4.238859e-02,3.531063e+00
1618.1875,1618.34375,0.15625,3.508578e+00,4.238859e-02,3.466189e+00
1618.34375,1618.5,0.15625,3.389007e+00,4.238859e-02,3.346618e+00
1618.5,1618.65625,0.15625,3.234990e+00,4.238859e-02,3.192602e+00
1618.65625,1618.8125,0.15625,3.074127e+00,4.238859e-02,3.031739e+00
1618.8125,1618.96875,0.15625,2.936214e+00,4.238859e-02,2.893825e+00
1618.96875,1619.125,0.15625,2.847288e+00,4.238859e-02,2.804900e+00
1619.125,1619.28125,0.15625,2.824139e+00,4.238859e-02,2.781750e+00
1619.28125,1619.4375,0.15625,2.824139e+00,4.238859e-02,2.781750e+00
1619.4375,1619.59375,0.15625,2.870671e+00,4.238859e-02,2.828283e+00
1619.59375,1619.75,0.15625,2.977139e+00,4.238859e-02,2.934750e+00
1619.75,1619.90625,0.15625,3.122427e+00,4.238859e-02,3.080038e+00
1619.90625,1620.0625,0.15625,3.278727e+00,4.238859e-02,3.236339e+00
1620.0625,1620.21875,0.15625,3.417299e+00,4.238859e-02,3.374910e+00
1620.21875,1620.375,0.15625,3.513951e+00,4.238859e-02,3.471563e+00
1620.375,1620.53125,0.15625,3.530763e+00,4.238859e-02,3.488374e+00
1620.53125,1620.6875,0.15625,3.453679e+00,4.238859e-02,3.411291e+00
1620.6875,1620.84375,0.15625,3.339114e+00,4.238859e-02,3.296726e+00
1620.84375,1621,0.15625,3.210987e+00,4.238859e-02,3.168599e+00
1621,1621.15625,0.15625,3.095393e+00,4.238859e-02,3.053004e+00
1621.15625,1621.3125,0.15625,3.015323e+00,4.238859e-02,2.972935e+00
1621.3125,1621.46875,0.15625,2.985826e+00,4.238859e-02,2.943437e+00
1621.46875,1621.625,0.15625,2.985826e+00,4.238859e-02,2.943437e+00
1621.625,1621.78125,0.15625,3.010800e+00,4.238859e-02,2.968411e+00
1621.78125,1621.9375,0.15625,3.082286e+00,4.238859e-02,3.039898e+00
1621.9375,1622.09375,0.15625,3.182356e+00,4.238859e-02,3.139967e+00
1622.09375,1622.25,0.15625,3.286896e+00,4.238859e-02,3.244507e+00
1622.25,1622.40625,0.15625,3.370117e+00,4.238859e-02,3.327728e+00
1622.40625,1622.5625,0.15625,3.384831e+00,4.238859e-02,3.342443e+00
1622.5625,1622.71875,0.15625,3.288473e+00,4.238859e-02,3.246084e+00
1622.71875,1622.875,0.15625,3.118475e+00,4.238859e-02,3.076087e+00
1622.875,1623.03125,0.15625,2.883347e+00,4.238859e-02,2.840959e+00
1623.03125,1623.1875,0.15625,2.601141e+00,4.238859e-02,2.558752e+00
1623.1875,1623.34375,0.15625,2.298195e+00,4.238859e-02,2.255806e+00
1623.34375,1623.5,0.15625,2.006404e+00,4.238859e-02,1.964015e+00
1623.5,1623.65625,0.15625,1.759085e+00,4.238859e-02,1.716697e+00
1623.65625,1623.8125,0.15625,1.586060e+00,4.238859e-02,1.543671e+00
1623.8125,1623.96875,0.15625,1.508945e+00,4.238859e-02,1.466557e+00
1623.96875,1624.125,0.15625,1.508945e+00,4.238859e-02,1.466557e+00
1624.125,1624.28125,0.15625,1.537787e+00,4.238859e-02,1.495398e+00
1624.28125,1624.4375,0.15625,1.669881e+00,4.238859e-02,1.627492e+00
1624.4375,1624.59375,0.15625,1.891136e+00,4.238859e-02,1.848748e+00
1624.59375,1624.75,0.15625,2.179644e+00,4.238859e-02,2.137255e+00
1624.75,1624.90625,0.15625,2.510441e+00,4.238859e-02,2.468052e+00
1624.90625,1625.0625,0.15625,2.860067e+00,4.238859e-02,2.817679e+00
1625.0625,1625.21875,0.15625,3.209472e+00,4.238859e-02,3.167084e+00
1625.21875,1625.375,0.15625,3.544430e+00,4.238859e-02,3.502042e+00
1625.375,1625.53125,0.15625,3.853594e+00,4.238859e-02,3.811205e+00
1625.53125,1625.6875,0.15625,4.125406e+00,4.238859e-02,4.083017e+00
1625.6875,1625.84375,0.15625,4.345725e+00,4.238859e-02,4.303337e+00
1625.84375,1626,0.15625,4.497845e+00,4.238859e-02,4.455457e+00
1626,1626.15625,0.15625,4.538471e+00,4.238859e-02,4.496082e+00
1626.15625,1626.3125,0.15625,4.417431e+00,4.238859e-02,4.375042e+00
1626.3125,1626.46875,0.15625,4.217740e+00,4.238859e-02,4.175351e+00
1626.46875,1626.625,0.15625,3.968277e+00,4.238859e-02,3.925888e+00
1626.625,1626.78125,0.15625,3.706359e+00,4.238859e-02,3.663970e+00
1626.78125,1626.9375,0.15625,3.469785e+00,4.238859e-02,3.427397e+00
1626.9375,1627.09375,0.15625,3.288632e+00,4.238859e-02,3.246243e+00
1627.09375,1627.25,0.15625,3.179436e+00,4.238859e-02,3.137048e+00
1627.25,1627.40625,0.15625,3.143446e+00,4.238859e-02,3.101058e+00
1627.40625,1627.5625,0.15625,3.143446e+00,4.238859e-02,3.101058e+00
1627.5625,1627.71875,0.15625,3.169029e+00,4.238859e-02,3.126640e+00
1627.71875,1627.875,0.15625,3.236893e+00,4.238859e-02,3.194505e+00
1627.875,1628.03125,0.15625,3.326007e+00,4.238859e-02,3.283618e+00
1628.03125,1628.1875,0.15625,3.418253e+00,4.238859e-02,3.375864e+00
1628.1875,1628.34375,0.15625,3.500765e+00,4.238859e-02,3.458377e+00
1628.34375,1628.5,0.15625,3.565946e+00,4.238859e-02,3.523558e+00
1628.5,1628.65625,0.15625,3.609960e+00,4.238859e-02,3.567571e+00
1628.65625,1628.8125,0.15625,3.626339e+00,4.238859e-02,3.583950e+00
1628.8125,1628.96875,0.15625,3.594077e+00,4.238859e-02,3.551688e+00
1628.96875,1629.125,0.15625,3.530657e+00,4.238859e-02,3.488268e+00
1629.125,1629.28125,0.15625,3.433228e+00,4.238859e-02,3.390840e+00
1629.28125,1629.4375,0.15625,3.301221e+00,4.238859e-02,3.258833e+00
1629.4375,1629.59375,0.15625,3.138447e+00,4.238859e-02,3.096058e+00
1629.59375,1629.75,0.15625,2.954644e+00,4.238859e-02,2.912256e+00
1629.75,1629.90625,0.15625,2.765509e+00,4.238859e-02,2.723120e+00
1629.90625,1630.0625,0.15625,2.590529e+00,4.238859e-02,2.548140e+00
1630.0625,1630.21875,0.15625,2.448756e+00,4.238859e-02,2.406368e+00
1630.21875,1630.375,0.15625,2.353607e+00,4.238859e-02,2.311219e+00
1630.375,1630.53125,0.15625,2.308522e+00,4.238859e-02,2.266133e+00
1630.53125,1630.6875,0.15625,2.305314e+00,4.238859e-02,2.262926e+00
1630.6875,1630.84375,0.15625,2.305314e+00,4.238859e-02,2.262926e+00
1630.84375,1631,0.15625,2.326278e+00,4.238859e-02,2.283889e+00
1631,1631.15625,0.15625,2.349721e+00,4.238859e-02,2.307332e+00
1631.15625,1631.3125,0.15625,2.340489e+00,4.238859e-02,2.298100e+00
1631.3125,1631.46875,0.15625,2.304375e+00,4.238859e-02,2.261987e+00
1631.46875,1631.625,0.15625,2.266563e+00,4.238859e-02,2.224174e+00
1631.625,1631.78125,0.15625,2.252264e+00,4.238859e-02,2.209875e+00
1631.78125,1631.9375,0.15625,2.252264e+00,4.238859e-02,2.209875e+00
1631.9375,1632.09375,0.15625,2.286674e+00,4.238859e-02,2.244286e+00
1632.09375,1632.25,0.15625,2.387238e+00,4.238859e-02,2.344850e+00
1632.25,1632.40625,0.15625,2.558164e+00,4.238859e-02,2.515776e+00
1632.40625,1632.5625,0.15625,2.788708e+00,4.238859e-02,2.746320e+00
1632.5625,1632.71875,0.15625,3.055490e+00,4.238859e-02,3.013102e+00
1632.71875,1632.875,0.15625,3.327890e+00,4.238859e-02,3.285502e+00
1632.875,1633.03125,0.15625,3.574807e+00,4.238859e-02,3.532419e+00
1633.03125,1633.1875,0.15625,3.770912e+00,4.238859e-02,3.728523e+00
1633.1875,1633.34375,0.15625,3.900895e+00,4.238859e-02,3.858507e+00
1633.34375,1633.5,0.15625,3.957455e+00,4.238859e-02,3.915067e+00
1633.5,1633.65625,0.15625,3.903698e+00,4.238859e-02,3.861310e+00
1633.65625,1633.8125,0.15625,3.815614e+00,4.238859e-02,3.773225e+00
1633.8125,1633.96875,0.15625,3.708020e+00,4.238859e-02,3.665631e+00
1633.96875,1634.125,0.15625,3.592272e+00,4.238859e-02,3.549884e+00
1634.125,1634.28125,0.15625,3.475801e+00,4.238859e-02,3.433412e+00
1634.28125,1634.4375,0.15625,3.363171e+00,4.238859e-02,3.320782e+00
1634.4375,1634.59375,0.15625,3.257686e+00,4.238859e-02,3.215298e+00
1634.59375,1634.75,0.15625,3.162437e+00,4.238859e-02,3.120048e+00
1634.75,1634.90625,0.15625,3.080124e+00,4.238859e-02,3.037735e+00
1634.90625,1635.0625,0.15625,3.011882e+00,4.238859e-02,2.969494e+00
1635.0625,1635.21875,0.15625,2.956060e+00,4.238859e-02,2.913672e+00
1635.21875,1635.375,0.15625,2.908127e+00,4.238859e-02,2.865738e+00
1635.375,1635.53125,0.15625,2.862334e+00,4.238859e-02,2.819945e+00
1635.53125,1635.6875,0.15625,2.814722e+00,4.238859e-02,2.772333e+00
1635.6875,1635.84375,0.15625,2.766145e+00,4.238859e-02,2.723756e+00
1635.84375,1636,0.15625,2.723729e+00,4.238859e-02,2.681340e+00
1636,1636.15625,0.15625,2.699777e+00,4.238859e-02,2.657389e+00
1636.15625,1636.3125,0.15625,2.699777e+00,4.238859e-02,2.657389e+00
1636.3125,1636.46875,0.15625,2.708338e+00,4.238859e-02,2.665949e+00
1636.46875,1636.625,0.15625,2.760757e+00,4.238859e-02,2.718368e+00
1636.625,1636.78125,0.15625,2.862048e+00,4.238859e-02,2.819660e+00
1636.78125,1636.9375,0.15625,3.009456e+00,4.238859e-02,2.967068e+00
1636.9375,1637.09375,0.15625,3.193514e+00,4.238859e-02,3.151125e+00
1637.09375,1637.25,0.15625,3.400746e+00,4.238859e-02,3.358357e+00
1637.25,1637.40625,0.15625,3.616547e+00,4.238859e-02,3.574159e+00
1637.40625,1637.5625,0.15625,3.826976e+00,4.238859e-02,3.784587e+00
1637.5625,1637.71875,0.15625,4.019054e+00,4.238859e-02,3.976665e+00
1637.71875,1637.875,0.15625,4.180139e+00,4.238859e-02,4.137750e+00
1637.875,1638.03125,0.15625,4.297519e+00,4.238859e-02,4.255130e+00
1638.03125,1638.1875,0.15625,4.356256e+00,4.238859e-02,4.313867e+00
1638.1875,1638.34375,0.15625,4.285635e+00,4.238859e-02,4.243246e+00
1638.34375,1638.5,0.15625,4.152691e+00,4.238859e-02,4.110303e+00
1638.5,1638.65625,0.15625,3.971386e+00,4.238859e-02,3.928997e+00
1638.65625,1638.8125,0.15625,3.761832e+00,4.238859e-02,3.719444e+00
1638.8125,1638.96875,0.15625,3.545470e+00,4.238859e-02,3.503082e+00
1638.96875,1639.125,0.15625,3.339347e+00,4.238859e-02,3.296958e+00
1639.125,1639.28125,0.15625,3.151558e+00,4.238859e-02,3.109169e+00
1639.28125,1639.4375,0.15625,2.979637e+00,4.238859e-02,2.937249e+00
1639.4375,1639.59375,0.15625,2.812684e+00,4.238859e-02,2.770295e+00
1639.59375,1639.75,0.15625,2.636635e+00,4.238859e-02,2.594246e+00
1639.75,1639.90625,0.15625,2.440921e+00,4.238859e-02,2.398533e+00
1639.90625,1640.0625,0.15625,2.224218e+00,4.238859e-02,2.181829e+00
1640.0625,1640.21875,0.15625,1.997385e+00,4.238859e-02,1.954996e+00
1640.21875,1640.375,0.15625,1.782700e+00,4.238859e-02,1.740311e+00
1640.375,1640.53125,0.15625,1.609719e+00,4.238859e-02,1.567330e+00
1640.53125,1640.6875,0.15625,1.509011e+00,4.238859e-02,1.466622e+00
1640.6875,1640.84375,0.15625,1.505423e+00,4.238859e-02,1.463035e+00
1640.84375,1641,0.15625,1.505423e+00,4.238859e-02,1.463035e+00
1641,1641.15625,0.15625,1.612367e+00,4.238859e-02,1.569978e+00
1641.15625,1641.3125,0.15625,1.828163e+00,4.238859e-02,1.785774e+00
1641.3125,1641.46875,0.15625,2.134993e+00,4.238859e-02,2.092604e+00
1641.46875,1641.625,0.15625,2.500565e+00,4.238859e-02,2.458176e+00
1641.625,1641.78125,0.15625,2.882271e+00,4.238859e-02,2.839882e+00
1641.78125,1641.9375,0.15625,3.233295e+00,4.238859e-02,3.190906e+00
1641.9375,1642.09375,0.15625,3.509834e+00,4.238859e-02,3.467446e+00
1642.09375,1642.25,0.15625,3.678300e+00,4.238859e-02,3.635912e+00
1642.25,1642.40625,0.15625,3.640887e+00,4.238859e-02,3.598498e+00
1642.40625,1642.5625,0.15625,3.459323e+00,4.238859e-02,3.416935e+00
1642.5625,1642.71875,0.15625,3.215326e+00,4.238859e-02,3.172937e+00
1642.71875,1642.875,0.15625,2.957981e+00,4.238859e-02,2.915593e+00
1642.875,1643.03125,0.15625,2.738316e+00,4.238859e-02,2.695928e+00
1643.03125,1643.1875,0.15625,2.600415e+00,4.238859e-02,2.558026e+00
1643.1875,1643.34375,0.15625,2.573742e+00,4.238859e-02,2.531353e+00
1643.34375,1643.5,0.15625,2.573742e+00,4.238859e-02,2.531353e+00
1643.5,1643.65625,0.15625,2.668226e+00,4.238859e-02,2.625837e+00
1643.65625,1643.8125,0.15625,2.873107e+00,4.238859e-02,2.830718e+00
1643.8125,1643.96875,0.15625,3.159786e+00,4.238859e-02,3.117397e+00
1643.96875,1644.125,0.15625,3.487987e+00,4.238859e-02,3.445598e+00
1644.125,1644.28125,0.15625,3.813815e+00,4.238859e-02,3.771427e+00
1644.28125,1644.4375,0.15625,4.097846e+00,4.238859e-02,4.055457e+00
1644.4375,1644.59375,0.15625,4.311436e+00,4.238859e-02,4.269047e+00
1644.59375,1644.75,0.15625,4.440020e+00,4.238859e-02,4.397632e+00
1644.75,1644.90625,0.15625,4.450942e+00,4.238859e-02,4.408553e+00
1644.90625,1645.0625,0.15625,4.360947e+00,4.238859e-02,4.318559e+00
1645.0625,1645.21875,0.15625,4.232285e+00,4.238859e-02,4.189896e+00
1645.21875,1645.375,0.15625,4.082684e+00,4.238859e-02,4.040296e+00
1645.375,1645.53125,0.15625,3.926121e+00,4.238859e-02,3.883732e+00
1645.53125,1645.6875,0.15625,3.771759e+00,4.238859e-02,3.729370e+00
1645.6875,1645.84375,0.15625,3.623663e+00,4.238859e-02,3.581275e+00
1645.84375,1646,0.15625,3.481032e+00,4.238859e-02,3.438644e+00
1646,1646.15625,0.15625,3.339082e+00,4.238859e-02,3.296694e+00
1646.15625,1646.3125,0.15625,3.190907e+00,4.238859e-02,3.148519e+00
1646.3125,1646.46875,0.15625,3.030427e+00,4.238859e-02,2.988039e+00
1646.46875,1646.625,0.15625,2.855916e+00,4.238859e-02,2.813527e+00
1646.625,1646.78125,0.15625,2.672985e+00,4.238859e-02,2.630597e+00
1646.78125,1646.9375,0.15625,2.495691e+00,4.238859e-02,2.453302e+00
1646.9375,1647.09375,0.15625,2.344840e+00,4.238859e-02,2.302451e+00
1647.09375,1647.25,0.15625,2.243583e+00,4.238859e-02,2.201194e+00
1647.25,1647.40625,0.15625,2.211457e+00,4.238859e-02,2.169068e+00
1647.40625,1647.5625,0.15625,2.211457e+00,4.238859e-02,2.169068e+00
1647.5625,1647.71875,0.15625,2.258741e+00,4.238859e-02,2.216352e+00
1647.71875,1647.875,0.15625,2.382960e+00,4.238859e-02,2.340571e+00
1647.875,1648.03125,0.15625,2.568614e+00,4.238859e-02,2.526225e+00
1648.03125,1648.1875,0.15625,2.790108e+00,4.238859e-02,2.747719e+00
1648.1875,1648.34375,0.15625,3.016846e+00,4.238859e-02,2.974457e+00
1648.34375,1648.5,0.15625,3.218954e+00,4.238859e-02,3.176565e+00
1648.5,1648.65625,0.15625,3.372223e+00,4.238859e-02,3.329834e+00
1648.65625,1648.8125,0.15625,3.461425e+00,4.238859e-02,3.419036e+00
1648.8125,1648.96875,0.15625,3.438796e+00,4.238859e-02,3.396407e+00
1648.96875,1649.125,0.15625,3.346598e+00,4.238859e-02,3.304209e+00
1649.125,1649.28125,0.15625,3.225148e+00,4.238859e-02,3.182759e+00
1649.28125,1649.4375,0.15625,3.096333e+00,4.238859e-02,3.053944e+00
1649.4375,1649.59375,0.15625,2.979595e+00,4.238859e-02,2.937206e+00
1649.59375,1649.75,0.15625,2.888009e+00,4.238859e-02,2.845620e+00
1649.75,1649.90625,0.15625,2.826058e+00,4.238859e-02,2.783669e+00
1649.90625,1650.0625,0.15625,2.790013e+00,4.238859e-02,2.747625e+00
1650.0625,1650.21875,0.15625,2.770995e+00,4.238859e-02,2.728606e+00
1650.21875,1650.375,0.15625,2.759659e+00,4.238859e-02,2.717270e+00
1650.375,1650.53125,0.15625,2.750682e+00,4.238859e-02,2.708293e+00
1650.53125,1650.6875,0.15625,2.745176e+00,4.238859e-02,2.702788e+00
1650.6875,1650.84375,0.15625,2.745176e+00,4.238859e-02,2.702788e+00
1650.84375,1651,0.15625,2.750052e+00,4.238859e-02,2.707664e+00
1651,1651.15625,0.15625,2.774657e+00,4.238859e-02,2.732268e+00
1651.15625,1651.3125,0.15625,2.826204e+00,4.238859e-02,2.783815e+00
1651.3125,1651.46875,0.15625,2.905933e+00,4.238859e-02,2.863545e+00
1651.46875,1651.625,0.15625,3.007468e+00,4.238859e-02,2.965080e+00
1651.625,1651.78125,0.15625,3.117760e+00,4.238859e-02,3.075371e+00
1651.78125,1651.9375,0.15625,3.219939e+00,4.238859e-02,3.177550e+00
1651.9375,1652.09375,0.15625,3.296851e+00,4.238859e-02,3.254463e+00
1652.09375,1652.25,0.15625,3.323007e+00,4.238859e-02,3.280619e+00
1652.25,1652.40625,0.15625,3.261004e+00,4.238859e-02,3.218616e+00
1652.40625,1652.5625,0.15625,3.154032e+00,4.238859e-02,3.111643e+00
1652.5625,1652.71875,0.15625,3.016537e+00,4.238859e-02,2.974148e+00
1652.71875,1652.875,0.15625,2.871115e+00,4.238859e-02,2.828726e+00
1652.875,1653.03125,0.15625,2.746211e+00,4.238859e-02,2.703822e+00
1653.03125,1653.1875,0.15625,2.671644e+00,4.238859e-02,2.629255e+00
1653.1875,1653.34375,0.15625,2.671644e+00,4.238859e-02,2.629255e+00
1653.34375,1653.5,0.15625,2.672469e+00,4.238859e-02,2.630080e+00
1653.5,1653.65625,0.15625,2.762580e+00,4.238859e-02,2.720191e+00
1653.65625,1653.8125,0.15625,2.939995e+00,4.238859e-02,2.897607e+00
1653.8125,1653.96875,0.15625,3.185550e+00,4.238859e-02,3.143162e+00
1653.96875,1654.125,0.15625,3.465829e+00,4.238859e-02,3.423440e+00
1654.125,1654.28125,0.15625,3.739864e+00,4.238859e-02,3.697475e+00
1654.28125,1654.4375,0.15625,3.967912e+00,4.238859e-02,3.925523e+00
1654.4375,1654.59375,0.15625,4.119900e+00,4.238859e-02,4.077511e+00
1654.59375,1654.75,0.15625,4.154092e+00,4.238859e-02,4.111704e+00
1654.75,1654.90625,0.15625,4.055118e+00,4.238859e-02,4.012730e+00
1654.90625,1655.0625,0.15625,3.908937e+00,4.238859e-02,3.866549e+00
1655.0625,1655.21875,0.15625,3.741557e+00,4.238859e-02,3.699168e+00
1655.21875,1655.375,0.15625,3.574925e+00,4.238859e-02,3.532536e+00
1655.375,1655.53125,0.15625,3.424612e+00,4.238859e-02,3.382223e+00
1655.53125,1655.6875,0.15625,3.300746e+00,4.238859e-02,3.258357e+00
1655.6875,1655.84375,0.15625,3.210913e+00,4.238859e-02,3.168525e+00
1655.84375,1656,0.15625,3.162894e+00,4.238859e-02,3.120506e+00
1656,1656.15625,0.15625,3.162894e+00,4.238859e-02,3.120506e+00
1656.15625,1656.3125,0.15625,3.165256e+00,4.238859e-02,3.122867e+00
1656.3125,1656.46875,0.15625,3.224973e+00,4.238859e-02,3.182584e+00
1656.46875,1656.625,0.15625,3.342826e+00,4.238859e-02,3.300437e+00
1656.625,1656.78125,0.15625,3.508627e+00,4.238859e-02,3.466239e+00
1656.78125,1656.9375,0.15625,3.698735e+00,4.238859e-02,3.656346e+00
1656.9375,1657.09375,0.15625,3.877591e+00,4.238859e-02,3.835202e+00
1657.09375,1657.25,0.15625,4.003543e+00,4.238859e-02,3.961154e+00
1657.25,1657.40625,0.15625,3.952154e+00,4.238859e-02,3.909765e+00
1657.40625,1657.5625,0.15625,3.738295e+00,4.238859e-02,3.695906e+00
1657.5625,1657.71875,0.15625,3.407636e+00,4.238859e-02,3.365248e+00
1657.71875,1657.875,0.15625,2.990377e+00,4.238859e-02,2.947989e+00
1657.875,1658.03125,0.15625,2.529257e+00,4.238859e-02,2.486868e+00
1658.03125,1658.1875,0.15625,2.071768e+00,4.238859e-02,2.029379e+00
1658.1875,1658.34375,0.15625,1.662674e+00,4.238859e-02,1.620286e+00
1658.34375,1658.5,0.15625,1.338401e+00,4.238859e-02,1.296012e+00
1658.5,1658.65625,0.15625,1.123930e+00,4.238859e-02,1.081541e+00
1658.65625,1658.8125,0.15625,1.031956e+00,4.238859e-02,9.895673e-01
1658.8125,1658.96875,0.15625,1.031956e+00,4.238859e-02,9.895673e-01
1658.96875,1659.125,0.15625,1.063518e+00,4.238859e-02,1.021129e+00
1659.125,1659.28125,0.15625,1.209340e+00,4.238859e-02,1.166951e+00
1659.28125,1659.4375,0.15625,1.451454e+00,4.238859e-02,1.409066e+00
1659.4375,1659.59375,0.15625,1.765110e+00,4.238859e-02,1.722722e+00
1659.59375,1659.75,0.15625,2.121203e+00,4.238859e-02,2.078814e+00
1659.75,1659.90625,0.15625,2.489338e+00,4.238859e-02,2.446949e+00
1659.90625,1660.0625,0.15625,2.841338e+00,4.238859e-02,2.798950e+00
1660.0625,1660.21875,0.15625,3.154625e+00,4.238859e-02,3.112237e+00
1660.21875,1660.375,0.15625,3.414809e+00,4.238859e-02,3.372421e+00
1660.375,1660.53125,0.15625,3.616944e+00,4.238859e-02,3.574555e+00
1660.53125,1660.6875,0.15625,3.765214e+00,4.238859e-02,3.722826e+00
1660.6875,1660.84375,0.15625,3.871142e+00,4.238859e-02,3.828753e+00
1660.84375,1661,0.15625,3.950561e+00,4.238859e-02,3.908173e+00
1661,1661.15625,0.15625,4.019751e+00,4.238859e-02,3.977363e+00
1661.15625,1661.3125,0.15625,4.091238e+00,4.238859e-02,4.048850e+00
1661.3125,1661.46875,0.15625,4.170013e+00,4.238859e-02,4.127624e+00
1661.46875,1661.625,0.15625,4.251124e+00,4.238859e-02,4.208736e+00
1661.625,1661.78125,0.15625,4.319595e+00,4.238859e-02,4.277207e+00
1661.78125,1661.9375,0.15625,4.327842e+00,4.238859e-02,4.285453e+00
1661.9375,1662.09375,0.15625,4.224409e+00,4.238859e-02,4.182020e+00
1662.09375,1662.25,0.15625,4.035226e+00,4.238859e-02,3.992837e+00
1662.25,1662.40625,0.15625,3.768232e+00,4.238859e-02,3.725843e+00
1662.40625,1662.5625,0.15625,3.447459e+00,4.238859e-02,3.405070e+00
1662.5625,1662.71875,0.15625,3.109456e+00,4.238859e-02,3.067068e+00
1662.71875,1662.875,0.15625,2.796447e+00,4.238859e-02,2.754058e+00
1662.875,1663.03125,0.15625,2.547941e+00,4.238859e-02,2.505553e+00
1663.03125,1663.1875,0.15625,2.392958e+00,4.238859e-02,2.350569e+00
1663.1875,1663.34375,0.15625,2.344792e+00,4.238859e-02,2.302404e+00
1663.34375,1663.5,0.15625,2.344792e+00,4.238859e-02,2.302404e+00
1663.5,1663.65625,0.15625,2.399545e+00,4.238859e-02,2.357156e+00
1663.65625,1663.8125,0.15625,2.538526e+00,4.238859e-02,2.496137e+00
1663.8125,1663.96875,0.15625,2.733602e+00,4.238859e-02,2.691213e+00
1663.96875,1664.125,0.15625,2.953788e+00,4.238859e-02,2.911399e+00
1664.125,1664.28125,0.15625,3.171235e+00,4.238859e-02,3.128846e+00
1664.28125,1664.4375,0.15625,3.365183e+00,4.238859e-02,3.322794e+00
1664.4375,1664.59375,0.15625,3.523287e+00,4.238859e-02,3.480898e+00
1664.59375,1664.75,0.15625,3.640621e+00,4.238859e-02,3.598233e+00
1664.75,1664.90625,0.15625,3.717279e+00,4.238859e-02,3.674891e+00
1664.90625,1665.0625,0.15625,3.755660e+00,4.238859e-02,3.713272e+00
1665.0625,1665.21875,0.15625,3.726953e+00,4.238859e-02,3.684565e+00
1665.21875,1665.375,0.15625,3.662440e+00,4.238859e-02,3.620051e+00
1665.375,1665.53125,0.15625,3.566118e+00,4.238859e-02,3.523729e+00
1665.53125,1665.6875,0.15625,3.441511e+00,4.238859e-02,3.399122e+00
1665.6875,1665.84375,0.15625,3.296000e+00,4.238859e-02,3.253612e+00
1665.84375,1666,0.15625,3.141554e+00,4.238859e-02,3.099165e+00
1666,1666.15625,0.15625,2.993813e+00,4.238859e-02,2.951425e+00
1666.15625,1666.3125,0.15625,2.869413e+00,4.238859e-02,2.827024e+00
1666.3125,1666.46875,0.15625,2.782166e+00,4.238859e-02,2.739778e+00
1666.46875,1666.625,0.15625,2.739443e+00,4.238859e-02,2.697055e+00
1666.625,1666.78125,0.15625,2.739443e+00,4.238859e-02,2.697055e+00
1666.78125,1666.9375,0.15625,2.740192e+00,4.238859e-02,2.697803e+00
1666.9375,1667.09375,0.15625,2.775498e+00,4.238859e-02,2.733109e+00
1667.09375,1667.25,0.15625,2.831508e+00,4.238859e-02,2.789120e+00
1667.25,1667.40625,0.15625,2.893497e+00,4.238859e-02,2.851108e+00
1667.40625,1667.5625,0.15625,2.949414e+00,4.238859e-02,2.907025e+00
1667.5625,1667.71875,0.15625,2.991642e+00,4.238859e-02,2.949254e+00
1667.71875,1667.875,0.15625,3.016700e+00,4.238859e-02,2.974311e+00
1667.875,1668.03125,0.15625,3.012812e+00,4.238859e-02,2.970423e+00
1668.03125,1668.1875,0.15625,2.984951e+00,4.238859e-02,2.942562e+00
1668.1875,1668.34375,0.15625,2.942380e+00,4.238859e-02,2.899991e+00
1668.34375,1668.5,0.15625,2.889769e+00,4.238859e-02,2.847381e+00
1668.5,1668.65625,0.15625,2.834304e+00,4.238859e-02,2.791915e+00
1668.65625,1668.8125,0.15625,2.784222e+00,4.238859e-02,2.741834e+00
1668.8125,1668.96875,0.15625,2.746120e+00,4.238859e-02,2.703731e+00
1668.96875,1669.125,0.15625,2.722304e+00,4.238859e-02,2.679915e+00
1669.125,1669.28125,0.15625,2.709743e+00,4.238859e-02,2.667354e+00
1669.28125,1669.4375,0.15625,2.701497e+00,4.238859e-02,2.659108e+00
1669.4375,1669.59375,0.15625,2.690278e+00,4.238859e-02,2.647890e+00
1669.59375,1669.75,0.15625,2.672604e+00,4.238859e-02,2.630216e+00
1669.75,1669.90625,0.15625,2.651569e+00,4.238859e-02,2.609181e+00
1669.90625,1670.0625,0.15625,2.636803e+00,4.238859e-02,2.594415e+00
1670.0625,1670.21875,0.15625,2.636803e+00,4.238859e-02,2.594415e+00
1670.21875,1670.375,0.15625,2.641460e+00,4.238859e-02,2.599071e+00
1670.375,1670.53125,0.15625,2.677459e+00,4.238859e-02,2.635070e+00
1670.53125,1670.6875,0.15625,2.750979e+00,4.238859e-02,2.708591e+00
1670.6875,1670.84375,0.15625,2.860026e+00,4.238859e-02,2.817638e+00
1670.84375,1671,0.15625,2.994913e+00,4.238859e-02,2.952525e+00
1671,1671.15625,0.15625,3.141216e+00,4.238859e-02,3.098828e+00
1671.15625,1671.3125,0.15625,3.283861e+00,4.238859e-02,3.241473e+00
1671.3125,1671.46875,0.15625,3.410794e+00,4.238859e-02,3.368406e+00
1671.46875,1671.625,0.15625,3.515202e+00,4.238859e-02,3.472813e+00
1671.625,1671.78125,0.15625,3.596019e+00,4.238859e-02,3.553630e+00
1671.78125,1671.9375,0.15625,3.657096e+00,4.238859e-02,3.614707e+00
1671.9375,1672.09375,0.15625,3.705614e+00,4.238859e-02,3.663225e+00
1672.09375,1672.25,0.15625,3.750180e+00,4.238859e-02,3.707791e+00
1672.25,1672.40625,0.15625,3.798831e+00,4.238859e-02,3.756442e+00
1672.40625,1672.5625,0.15625,3.857095e+00,4.238859e-02,3.814706e+00
1672.5625,1672.71875,0.15625,3.926399e+00,4.238859e-02,3.884010e+00
1672.71875,1672.875,0.15625,4.003259e+00,4.238859e-02,3.960871e+00
1672.875,1673.03125,0.15625,4.079659e+00,4.238859e-02,4.037270e+00
1673.03125,1673.1875,0.15625,4.144690e+00,4.238859e-02,4.102301e+00
1673.1875,1673.34375,0.15625,4.187076e+00,4.238859e-02,4.144687e+00
1673.34375,1673.5,0.15625,4.171780e+00,4.238859e-02,4.129392e+00
1673.5,1673.65625,0.15625,4.108462e+00,4.238859e-02,4.066073e+00
1673.65625,1673.8125,0.15625,4.010448e+00,4.238859e-02,3.968059e+00
1673.8125,1673.96875,0.15625,3.881574e+00,4.238859e-02,3.839185e+00
1673.96875,1674.125,0.15625,3.724949e+00,4.238859e-02,3.682560e+00
1674.125,1674.28125,0.15625,3.542156e+00,4.238859e-02,3.499768e+00
1674.28125,1674.4375,0.15625,3.334167e+00,4.238859e-02,3.291778e+00
1674.4375,1674.59375,0.15625,3.103728e+00,4.238859e-02,3.061340e+00
1674.59375,1674.75,0.15625,2.858180e+00,4.238859e-02,2.815792e+00
1674.75,1674.90625,0.15625,2.611229e+00,4.238859e-02,2.568840e+00
1674.90625,1675.0625,0.15625,2.382423e+00,4.238859e-02,2.340034e+00
1675.0625,1675.21875,0.15625,2.193931e+00,4.238859e-02,2.151543e+00
1675.21875,1675.375,0.15625,2.065331e+00,4.238859e-02,2.022942e+00
1675.375,1675.53125,0.15625,2.008101e+00,4.238859e-02,1.965712e+00
1675.53125,1675.6875,0.15625,2.008101e+00,4.238859e-02,1.965712e+00
1675.6875,1675.84375,0.15625,2.021832e+00,4.238859e-02,1.979443e+00
1675.84375,1676,0.15625,2.093722e+00,4.238859e-02,2.051334e+00
1676,1676.15625,0.15625,2.201828e+00,4.238859e-02,2.159440e+00
1676.15625,1676.3125,0.15625,2.321162e+00,4.238859e-02,2.278774e+00
1676.3125,1676.46875,0.15625,2.430659e+00,4.238859e-02,2.388270e+00
1676.46875,1676.625,0.15625,2.518636e+00,4.238859e-02,2.476247e+00
1676.625,1676.78125,0.15625,2.584902e+00,4.238859e-02,2.542513e+00
1676.78125,1676.9375,0.15625,2.638898e+00,4.238859e-02,2.596509e+00
1676.9375,1677.09375,0.15625,2.694748e+00,4.238859e-02,2.652360e+00
1677.09375,1677.25,0.15625,2.765177e+00,4.238859e-02,2.722789e+00
1677.25,1677.40625,0.15625,2.856526e+00,4.238859e-02,2.814137e+00
1677.40625,1677.5625,0.15625,2.966456e+00,4.238859e-02,2.924068e+00
1677.5625,1677.71875,0.15625,3.084707e+00,4.238859e-02,3.042319e+00
1677.71875,1677.875,0.15625,3.196130e+00,4.238859e-02,3.153742e+00
1677.875,1678.03125,0.15625,3.284616e+00,4.238859e-02,3.242228e+00
1678.03125,1678.1875,0.15625,3.336686e+00,4.238859e-02,3.294297e+00
1678.1875,1678.34375,0.15625,3.305827e+00,4.238859e-02,3.263439e+00
1678.34375,1678.5,0.15625,3.228630e+00,4.238859e-02,3.186241e+00
1678.5,1678.65625,0.15625,3.127830e+00,4.238859e-02,3.085441e+00
1678.65625,1678.8125,0.15625,3.026141e+00,4.238859e-02,2.983752e+00
1678.8125,1678.96875,0.15625,2.950876e+00,4.238859e-02,2.908488e+00
1678.96875,1679.125,0.15625,2.928947e+00,4.238859e-02,2.886559e+00
1679.125,1679.28125,0.15625,2.928947e+00,4.238859e-02,2.886559e+00
1679.28125,1679.4375,0.15625,2.980367e+00,4.238859e-02,2.937979e+00
1679.4375,1679.59375,0.15625,3.111892e+00,4.238859e-02,3.069503e+00
1679.59375,1679.75,0.15625,3.312958e+00,4.238859e-02,3.270569e+00
1679.75,1679.90625,0.15625,3.555753e+00,4.238859e-02,3.513365e+00
1679.90625,1680.0625,0.15625,3.800106e+00,4.238859e-02,3.757718e+00
1680.0625,1680.21875,0.15625,4.002294e+00,4.238859e-02,3.959905e+00
1680.21875,1680.375,0.15625,4.125424e+00,4.238859e-02,4.083035e+00
1680.375,1680.53125,0.15625,4.070247e+00,4.238859e-02,4.027858e+00
1680.53125,1680.6875,0.15625,3.909795e+00,4.238859e-02,3.867406e+00
1680.6875,1680.84375,0.15625,3.698694e+00,4.238859e-02,3.656306e+00
1680.84375,1681,0.15625,3.472321e+00,4.238859e-02,3.429932e+00
1681,1681.15625,0.15625,3.260265e+00,4.238859e-02,3.217876e+00
1681.15625,1681.3125,0.15625,3.079959e+00,4.238859e-02,3.037571e+00
1681.3125,1681.46875,0.15625,2.935217e+00,4.238859e-02,2.892829e+00
1681.46875,1681.625,0.15625,2.819702e+00,4.238859e-02,2.777313e+00
1681.625,1681.78125,0.15625,2.723526e+00,4.238859e-02,2.681138e+00
1681.78125,1681.9375,0.15625,2.640169e+00,4.238859e-02,2.597780e+00
1681.9375,1682.09375,0.15625,2.570970e+00,4.238859e-02,2.528581e+00
1682.09375,1682.25,0.15625,2.525685e+00,4.238859e-02,2.483297e+00
1682.25,1682.40625,0.15625,2.519254e+00,4.238859e-02,2.476866e+00
1682.40625,1682.5625,0.15625,2.519254e+00,4.238859e-02,2.476866e+00
1682.5625,1682.71875,0.15625,2.566439e+00,4.238859e-02,2.524050e+00
1682.71875,1682.875,0.15625,2.676649e+00,4.238859e-02,2.634260e+00
1682.875,1683.03125,0.15625,2.850846e+00,4.238859e-02,2.808457e+00
1683.03125,1683.1875,0.15625,3.081225e+00,4.238859e-02,3.038837e+00
1683.1875,1683.34375,0.15625,3.353047e+00,4.238859e-02,3.310658e+00
1683.34375,1683.5,0.15625,3.647173e+00,4.238859e-02,3.604784e+00
1683.5,1683.65625,0.15625,3.941948e+00,4.238859e-02,3.899559e+00
1683.65625,1683.8125,0.15625,4.213921e+00,4.238859e-02,4.171533e+00
1683.8125,1683.96875,0.15625,4.437994e+00,4.238859e-02,4.395606e+00
1683.96875,1684.125,0.15625,4.588241e+00,4.238859e-02,4.545852e+00
1684.125,1684.28125,0.15625,4.576887e+00,4.238859e-02,4.534498e+00
1684.28125,1684.4375,0.15625,4.391109e+00,4.238859e-02,4.348720e+00
1684.4375,1684.59375,0.15625,4.092746e+00,4.238859e-02,4.050358e+00
1684.59375,1684.75,0.15625,3.708492e+00,4.238859e-02,3.666103e+00
1684.75,1684.90625,0.15625,3.279316e+00,4.238859e-02,3.236927e+00
1684.90625,1685.0625,0.15625,2.853813e+00,4.238859e-02,2.811425e+00
1685.0625,1685.21875,0.15625,2.479237e+00,4.238859e-02,2.436848e+00
1685.21875,1685.375,0.15625,2.192462e+00,4.238859e-02,2.150073e+00
1685.375,1685.53125,0.15625,2.013118e+00,4.238859e-02,1.970729e+00
1685.53125,1685.6875,0.15625,1.940531e+00,4.238859e-02,1.898143e+00
1685.6875,1685.84375,0.15625,1.940531e+00,4.238859e-02,1.898143e+00
1685.84375,1686,0.15625,1.955174e+00,4.238859e-02,1.912785e+00
1686,1686.15625,0.15625,2.024246e+00,4.238859e-02,1.981858e+00
1686.15625,1686.3125,0.15625,2.110106e+00,4.238859e-02,2.067718e+00
1686.3125,1686.46875,0.15625,2.179528e+00,4.238859e-02,2.137139e+00
1686.46875,1686.625,0.15625,2.201953e+00,4.238859e-02,2.159564e+00
1686.625,1686.78125,0.15625,2.163185e+00,4.238859e-02,2.120796e+00
1686.78125,1686.9375,0.15625,2.119929e+00,4.238859e-02,2.077541e+00
1686.9375,1687.09375,0.15625,2.101589e+00,4.238859e-02,2.059201e+00
1687.09375,1687.25,0.15625,2.101589e+00,4.238859e-02,2.059201e+00
1687.25,1687.40625,0.15625,2.133974e+00,4.238859e-02,2.091585e+00
1687.40625,1687.5625,0.15625,2.232567e+00,4.238859e-02,2.190179e+00
1687.5625,1687.71875,0.15625,2.399155e+00,4.238859e-02,2.356766e+00
1687.71875,1687.875,0.15625,2.622409e+00,4.238859e-02,2.580021e+00
1687.875,1688.03125,0.15625,2.881749e+00,4.238859e-02,2.839360e+00
1688.03125,1688.1875,0.15625,3.152838e+00,4.238859e-02,3.110449e+00
1688.1875,1688.34375,0.15625,3.412808e+00,4.238859e-02,3.370419e+00
1688.34375,1688.5,0.15625,3.643711e+00,4.238859e-02,3.601322e+00
1688.5,1688.65625,0.15625,3.833611e+00,4.238859e-02,3.791223e+00
1688.65625,1688.8125,0.15625,3.975697e+00,4.238859e-02,3.933308e+00
1688.8125,1688.96875,0.15625,4.066442e+00,4.238859e-02,4.024053e+00
1688.96875,1689.125,0.15625,4.088062e+00,4.238859e-02,4.045674e+00
1689.125,1689.28125,0.15625,4.020360e+00,4.238859e-02,3.977971e+00
1689.28125,1689.4375,0.15625,3.907199e+00,4.238859e-02,3.864810e+00
1689.4375,1689.59375,0.15625,3.761233e+00,4.238859e-02,3.718845e+00
1689.59375,1689.75,0.15625,3.602371e+00,4.238859e-02,3.559983e+00
1689.75,1689.90625,0.15625,3.456422e+00,4.238859e-02,3.414033e+00
1689.90625,1690.0625,0.15625,3.351139e+00,4.238859e-02,3.308751e+00
1690.0625,1690.21875,0.15625,3.310186e+00,4.238859e-02,3.267797e+00
1690.21875,1690.375,0.15625,3.310186e+00,4.238859e-02,3.267797e+00
1690.375,1690.53125,0.15625,3.346471e+00,4.238859e-02,3.304082e+00
1690.53125,1690.6875,0.15625,3.456947e+00,4.238859e-02,3.414559e+00
1690.6875,1690.84375,0.15625,3.620846e+00,4.238859e-02,3.578458e+00
1690.84375,1691,0.15625,3.802519e+00,4.238859e-02,3.760131e+00
1691,1691.15625,0.15625,3.958672e+00,4.238859e-02,3.916283e+00
1691.15625,1691.3125,0.15625,4.042929e+00,4.238859e-02,4.000540e+00
1691.3125,1691.46875,0.15625,3.933567e+00,4.238859e-02,3.891179e+00
1691.46875,1691.625,0.15625,3.733533e+00,4.238859e-02,3.691145e+00
1691.625,1691.78125,0.15625,3.475172e+00,4.238859e-02,3.432783e+00
1691.78125,1691.9375,0.15625,3.202115e+00,4.238859e-02,3.159727e+00
1691.9375,1692.09375,0.15625,2.959029e+00,4.238859e-02,2.916640e+00
1692.09375,1692.25,0.15625,2.781695e+00,4.238859e-02,2.739306e+00
1692.25,1692.40625,0.15625,2.690009e+00,4.238859e-02,2.647620e+00
1692.40625,1692.5625,0.15625,2.685434e+00,4.238859e-02,2.643045e+00
1692.5625,1692.71875,0.15625,2.685434e+00,4.238859e-02,2.643045e+00
1692.71875,1692.875,0.15625,2.753028e+00,4.238859e-02,2.710639e+00
1692.875,1693.03125,0.15625,2.866814e+00,4.238859e-02,2.824426e+00
1693.03125,1693.1875,0.15625,2.996435e+00,4.238859e-02,2.954046e+00
1693.1875,1693.34375,0.15625,3.113052e+00,4.238859e-02,3.070664e+00
1693.34375,1693.5,0.15625,3.193207e+00,4.238859e-02,3.150819e+00
1693.5,1693.65625,0.15625,3.185636e+00,4.238859e-02,3.143247e+00
1693.65625,1693.8125,0.15625,3.086610e+00,4.238859e-02,3.044222e+00
1693.8125,1693.96875,0.15625,2.928645e+00,4.238859e-02,2.886256e+00
1693.96875,1694.125,0.15625,2.724924e+00,4.238859e-02,2.682535e+00
1694.125,1694.28125,0.15625,2.496687e+00,4.238859e-02,2.454299e+00
1694.28125,1694.4375,0.15625,2.271920e+00,4.238859e-02,2.229531e+00
1694.4375,1694.59375,0.15625,2.082057e+00,4.238859e-02,2.039668e+00
1694.59375,1694.75,0.15625,1.957006e+00,4.238859e-02,1.914618e+00
1694.75,1694.90625,0.15625,1.919622e+00,4.238859e-02,1.877234e+00
1694.90625,1695.0625,0.15625,1.919622e+00,4.238859e-02,1.877234e+00
1695.0625,1695.21875,0.15625,1.981179e+00,4.238859e-02,1.938790e+00
1695.21875,1695.375,0.15625,2.139211e+00,4.238859e-02,2.096823e+00
1695.375,1695.53125,0.15625,2.378363e+00,4.238859e-02,2.335974e+00
1695.53125,1695.6875,0.15625,2.673923e+00,4.238859e-02,2.631534e+00
1695.6875,1695.84375,0.15625,2.996897e+00,4.238859e-02,2.954508e+00
1695.84375,1696,0.15625,3.319043e+00,4.238859e-02,3.276654e+00
1696,1696.15625,0.15625,3.616486e+00,4.238859e-02,3.574097e+00
1696.15625,1696.3125,0.15625,3.871152e+00,4.238859e-02,3.828763e+00
1696.3125,1696.46875,0.15625,4.070172e+00,4.238859e-02,4.027783e+00
1696.46875,1696.625,0.15625,4.204113e+00,4.238859e-02,4.161724e+00
1696.625,1696.78125,0.15625,4.247061e+00,4.238859e-02,4.204672e+00
1696.78125,1696.9375,0.15625,4.144984e+00,4.238859e-02,4.102595e+00
1696.9375,1697.09375,0.15625,3.958920e+00,4.238859e-02,3.916531e+00
1697.09375,1697.25,0.15625,3.695902e+00,4.238859e-02,3.653514e+00
1697.25,1697.40625,0.15625,3.372239e+00,4.238859e-02,3.329850e+00
1697.40625,1697.5625,0.15625,3.013961e+00,4.238859e-02,2.971572e+00
1697.5625,1697.71875,0.15625,2.655023e+00,4.238859e-02,2.612635e+00
1697.71875,1697.875,0.15625,2.333322e+00,4.238859e-02,2.290933e+00
1697.875,1698.03125,0.15625,2.085213e+00,4.238859e-02,2.042824e+00
1698.03125,1698.1875,0.15625,1.939691e+00,4.238859e-02,1.897302e+00
1698.1875,1698.34375,0.15625,1.913499e+00,4.238859e-02,1.871111e+00
1698.34375,1698.5,0.15625,1.913499e+00,4.238859e-02,1.871111e+00
1698.5,1698.65625,0.15625,2.008294e+00,4.238859e-02,1.965905e+00
1698.65625,1698.8125,0.15625,2.210493e+00,4.238859e-02,2.168104e+00
1698.8125,1698.96875,0.15625,2.493853e+00,4.238859e-02,2.451465e+00
1698.96875,1699.125,0.15625,2.824173e+00,4.238859e-02,2.781785e+00
1699.125,1699.28125,0.15625,3.165075e+00,4.238859e-02,3.122687e+00
1699.28125,1699.4375,0.15625,3.483608e+00,4.238859e-02,3.441220e+00
1699.4375,1699.59375,0.15625,3.754549e+00,4.238859e-02,3.712161e+00
1699.59375,1699.75,0.15625,3.962681e+00,4.238859e-02,3.920292e+00
1699.75,1699.90625,0.15625,4.102895e+00,4.238859e-02,4.060506e+00
1699.90625,1700.0625,0.15625,4.178499e+00,4.238859e-02,4.136110e+00
1700.0625,1700.21875,0.15625,4.174595e+00,4.238859e-02,4.132206e+00
1700.21875,1700.375,0.15625,4.118965e+00,4.238859e-02,4.076577e+00
1700.375,1700.53125,0.15625,4.042598e+00,4.238859e-02,4.000209e+00
1700.53125,1700.6875,0.15625,3.954746e+00,4.238859e-02,3.912358e+00
1700.6875,1700.84375,0.15625,3.862826e+00,4.238859e-02,3.820437e+00
1700.84375,1701,0.15625,3.772459e+00,4.238859e-02,3.730070e+00
1701,1701.15625,0.15625,3.687433e+00,4.238859e-02,3.645044e+00
1701.15625,1701.3125,0.15625,3.609614e+00,4.238859e-02,3.567225e+00
1701.3125,1701.46875,0.15625,3.539060e+00,4.238859e-02,3.496671e+00
1701.46875,1701.625,0.15625,3.474513e+00,4.238859e-02,3.432124e+00
1701.625,1701.78125,0.15625,3.414169e+00,4.238859e-02,3.371781e+00
1701.78125,1701.9375,0.15625,3.356342e+00,4.238859e-02,3.313953e+00
1701.9375,1702.09375,0.15625,3.299623e+00,4.238859e-02,3.257234e+00
1702.09375,1702.25,0.15625,3.242469e+00,4.238859e-02,3.200080e+00
1702.25,1702.40625,0.15625,3.182614e+00,4.238859e-02,3.140225e+00
1702.40625,1702.5625,0.15625,3.117015e+00,4.238859e-02,3.074627e+00
1702.5625,1702.71875,0.15625,3.042790e+00,4.238859e-02,3.000402e+00
1702.71875,1702.875,0.15625,2.958970e+00,4.238859e-02,2.916581e+00
1702.875,1703.03125,0.15625,2.868162e+00,4.238859e-02,2.825773e+00
1703.03125,1703.1875,0.15625,2.776913e+00,4.238859e-02,2.734524e+00
1703.1875,1703.34375,0.15625,2.694006e+00,4.238859e-02,2.651617e+00
1703.34375,1703.5,0.15625,2.626954e+00,4.238859e-02,2.584565e+00
1703.5,1703.65625,0.15625,2.578040e+00,4.238859e-02,2.535651e+00
1703.65625,1703.8125,0.15625,2.541793e+00,4.238859e-02,2.499405e+00
1703.8125,1703.96875,0.15625,2.505446e+00,4.238859e-02,2.463058e+00
1703.96875,1704.125,0.15625,2.452737e+00,4.238859e-02,2.410348e+00
1704.125,1704.28125,0.15625,2.370008e+00,4.238859e-02,2.327619e+00
1704.28125,1704.4375,0.15625,2.252531e+00,4.238859e-02,2.210142e+00
1704.4375,1704.59375,0.15625,2.108744e+00,4.238859e-02,2.066355e+00
1704.59375,1704.75,0.15625,1.960809e+00,4.238859e-02,1.918420e+00
1704.75,1704.90625,0.15625,1.841075e+00,4.238859e-02,1.798687e+00
1704.90625,1705.0625,0.15625,1.785287e+00,4.238859e-02,1.742899e+00
1705.0625,1705.21875,0.15625,1.785287e+00,4.238859e-02,1.742899e+00
1705.21875,1705.375,0.15625,1.824215e+00,4.238859e-02,1.781826e+00
1705.375,1705.53125,0.15625,1.975725e+00,4.238859e-02,1.933337e+00
1705.53125,1705.6875,0.15625,2.239145e+00,4.238859e-02,2.196756e+00
1705.6875,1705.84375,0.15625,2.593296e+00,4.238859e-02,2.550908e+00
1705.84375,1706,0.15625,2.998940e+00,4.238859e-02,2.956552e+00
1706,1706.15625,0.15625,3.405474e+00,4.238859e-02,3.363085e+00
1706.15625,1706.3125,0.15625,3.760789e+00,4.238859e-02,3.718401e+00
1706.3125,1706.46875,0.15625,4.022222e+00,4.238859e-02,3.979834e+00
1706.46875,1706.625,0.15625,4.165937e+00,4.238859e-02,4.123549e+00
1706.625,1706.78125,0.15625,4.124497e+00,4.238859e-02,4.082108e+00
1706.78125,1706.9375,0.15625,4.003526e+00,4.238859e-02,3.961137e+00
1706.9375,1707.09375,0.15625,3.875864e+00,4.238859e-02,3.833475e+00
1707.09375,1707.25,0.15625,3.782179e+00,4.238859e-02,3.739790e+00
1707.25,1707.40625,0.15625,3.747247e+00,4.238859e-02,3.704859e+00
1707.40625,1707.5625,0.15625,3.747247e+00,4.238859e-02,3.704859e+00
1707.5625,1707.71875,0.15625,3.774826e+00,4.238859e-02,3.732438e+00
1707.71875,1707.875,0.15625,3.848499e+00,4.238859e-02,3.806110e+00
1707.875,1708.03125,0.15625,3.937869e+00,4.238859e-02,3.895480e+00
1708.03125,1708.1875,0.15625,4.008014e+00,4.238859e-02,3.965625e+00
1708.1875,1708.34375,0.15625,3.985340e+00,4.238859e-02,3.942952e+00
1708.34375,1708.5,0.15625,3.875665e+00,4.238859e-02,3.833276e+00
1708.5,1708.65625,0.15625,3.715074e+00,4.238859e-02,3.672685e+00
1708.65625,1708.8125,0.15625,3.527850e+00,4.238859e-02,3.485462e+00
1708.8125,1708.96875,0.15625,3.340272e+00,4.238859e-02,3.297884e+00
1708.96875,1709.125,0.15625,3.173370e+00,4.238859e-02,3.130981e+00
1709.125,1709.28125,0.15625,3.038274e+00,4.238859e-02,2.995886e+00
1709.28125,1709.4375,0.15625,2.935480e+00,4.238859e-02,2.893092e+00
1709.4375,1709.59375,0.15625,2.857924e+00,4.238859e-02,2.815535e+00
1709.59375,1709.75,0.15625,2.796345e+00,4.238859e-02,2.753957e+00
1709.75,1709.90625,0.15625,2.744603e+00,4.238859e-02,2.702215e+00
1709.90625,1710.0625,0.15625,2.702760e+00,4.238859e-02,2.660371e+00
1710.0625,1710.21875,0.15625,2.676823e+00,4.238859e-02,2.634435e+00
1710.21875,1710.375,0.15625,2.675554e+00,4.238859e-02,2.633165e+00
1710.375,1710.53125,0.15625,2.675554e+00,4.238859e-02,2.633165e+00
1710.53125,1710.6875,0.15625,2.706023e+00,4.238859e-02,2.663634e+00
1710.6875,1710.84375,0.15625,2.770018e+00,4.238859e-02,2.727629e+00
1710.84375,1711,0.15625,2.862833e+00,4.238859e-02,2.820444e+00
1711,1711.15625,0.15625,2.974728e+00,4.238859e-02,2.932340e+00
1711.15625,1711.3125,0.15625,3.094109e+00,4.238859e-02,3.051721e+00
1711.3125,1711.46875,0.15625,3.210793e+00,4.238859e-02,3.168404e+00
1711.46875,1711.625,0.15625,3.317952e+00,4.238859e-02,3.275564e+00
1711.625,1711.78125,0.15625,3.412147e+00,4.238859e-02,3.369758e+00
1711.78125,1711.9375,0.15625,3.491824e+00,4.238859e-02,3.449435e+00
1711.9375,1712.09375,0.15625,3.555259e+00,4.238859e-02,3.512871e+00
1712.09375,1712.25,0.15625,3.598952e+00,4.238859e-02,3.556564e+00
1712.25,1712.40625,0.15625,3.601995e+00,4.238859e-02,3.559607e+00
1712.40625,1712.5625,0.15625,3.546013e+00,4.238859e-02,3.503624e+00
1712.5625,1712.71875,0.15625,3.443408e+00,4.238859e-02,3.401019e+00
1712.71875,1712.875,0.15625,3.293009e+00,4.238859e-02,3.250620e+00
1712.875,1713.03125,0.15625,3.100404e+00,4.238859e-02,3.058015e+00
1713.03125,1713.1875,0.15625,2.879195e+00,4.238859e-02,2.836807e+00
1713.1875,1713.34375,0.15625,2.650515e+00,4.238859e-02,2.608127e+00
1713.34375,1713.5,0.15625,2.440335e+00,4.238859e-02,2.397947e+00
1713.5,1713.65625,0.15625,2.274802e+00,4.238859e-02,2.232413e+00
1713.65625,1713.8125,0.15625,2.174660e+00,4.238859e-02,2.132271e+00
1713.8125,1713.96875,0.15625,2.150419e+00,4.238859e-02,2.108030e+00
1713.96875,1714.125,0.15625,2.150419e+00,4.238859e-02,2.108030e+00
1714.125,1714.28125,0.15625,2.199914e+00,4.238859e-02,2.157526e+00
1714.28125,1714.4375,0.15625,2.309223e+00,4.238859e-02,2.266834e+00
1714.4375,1714.59375,0.15625,2.456736e+00,4.238859e-02,2.414347e+00
1714.59375,1714.75,0.15625,2.619040e+00,4.238859e-02,2.576651e+00
1714.75,1714.90625,0.15625,2.776605e+00,4.238859e-02,2.734216e+00
1714.90625,1715.0625,0.15625,2.917425e+00,4.238859e-02,2.875036e+00
1715.0625,1715.21875,0.15625,3.037654e+00,4.238859e-02,2.995265e+00
1715.21875,1715.375,0.15625,3.139502e+00,4.238859e-02,3.097113e+00
1715.375,1715.53125,0.15625,3.227653e+00,4.238859e-02,3.185264e+00
1715.53125,1715.6875,0.15625,3.305831e+00,4.238859e-02,3.263442e+00
1715.6875,1715.84375,0.15625,3.374743e+00,4.238859e-02,3.332354e+00
1715.84375,1716,0.15625,3.431804e+00,4.238859e-02,3.389416e+00
1716,1716.15625,0.15625,3.472286e+00,4.238859e-02,3.429897e+00
1716.15625,1716.3125,0.15625,3.484843e+00,4.238859e-02,3.442455e+00
1716.3125,1716.46875,0.15625,3.452860e+00,4.238859e-02,3.410472e+00
1716.46875,1716.625,0.15625,3.398598e+00,4.238859e-02,3.356209e+00
1716.625,1716.78125,0.15625,3.329640e+00,4.238859e-02,3.287251e+00
1716.78125,1716.9375,0.15625,3.257066e+00,4.238859e-02,3.214678e+00
1716.9375,1717.09375,0.15625,3.193720e+00,4.238859e-02,3.151332e+00
1717.09375,1717.25,0.15625,3.151665e+00,4.238859e-02,3.109277e+00
1717.25,1717.40625,0.15625,3.139544e+00,4.238859e-02,3.097155e+00
1717.40625,1717.5625,0.15625,3.139544e+00,4.238859e-02,3.097155e+00
1717.5625,1717.71875,0.15625,3.160798e+00,4.238859e-02,3.118410e+00
1717.71875,1717.875,0.15625,3.213483e+00,4.238859e-02,3.171095e+00
1717.875,1718.03125,0.15625,3.291725e+00,4.238859e-02,3.249336e+00
1718.03125,1718.1875,0.15625,3.388144e+00,4.238859e-02,3.345756e+00
1718.1875,1718.34375,0.15625,3.496129e+00,4.238859e-02,3.453741e+00
1718.34375,1718.5,0.15625,3.611024e+00,4.238859e-02,3.568636e+00
1718.5,1718.65625,0.15625,3.729929e+00,4.238859e-02,3.687541e+00
1718.65625,1718.8125,0.15625,3.850513e+00,4.238859e-02,3.808124e+00
1718.8125,1718.96875,0.15625,3.969631e+00,4.238859e-02,3.927243e+00
1718.96875,1719.125,0.15625,4.082460e+00,4.238859e-02,4.040071e+00
1719.125,1719.28125,0.15625,4.182402e+00,4.238859e-02,4.140013e+00
1719.28125,1719.4375,0.15625,4.261579e+00,4.238859e-02,4.219190e+00
1719.4375,1719.59375,0.15625,4.311486e+00,4.238859e-02,4.269098e+00
1719.59375,1719.75,0.15625,4.289054e+00,4.238859e-02,4.246665e+00
1719.75,1719.90625,0.15625,4.200247e+00,4.238859e-02,4.157858e+00
1719.90625,1720.0625,0.15625,4.050390e+00,4.238859e-02,4.008001e+00
1720.0625,1720.21875,0.15625,3.835536e+00,4.238859e-02,3.793148e+00
1720.21875,1720.375,0.15625,3.556329e+00,4.238859e-02,3.513941e+00
1720.375,1720.53125,0.15625,3.219842e+00,4.238859e-02,3.177454e+00
1720.53125,1720.6875,0.15625,2.840699e+00,4.238859e-02,2.798310e+00
1720.6875,1720.84375,0.15625,2.440893e+00,4.238859e-02,2.398505e+00
1720.84375,1721,0.15625,2.048101e+00,4.238859e-02,2.005712e+00
1721,1721.15625,0.15625,1.692724e+00,4.238859e-02,1.650335e+00
1721.15625,1721.3125,0.15625,1.404307e+00,4.238859e-02,1.361918e+00
1721.3125,1721.46875,0.15625,1.208016e+00,4.238859e-02,1.165627e+00
1721.46875,1721.625,0.15625,1.121742e+00,4.238859e-02,1.079353e+00
1721.625,1721.78125,0.15625,1.121742e+00,4.238859e-02,1.079353e+00
1721.78125,1721.9375,0.15625,1.154060e+00,4.238859e-02,1.111672e+00
1721.9375,1722.09375,0.15625,1.303084e+00,4.238859e-02,1.260696e+00
1722.09375,1722.25,0.15625,1.556174e+00,4.238859e-02,1.513786e+00
1722.25,1722.40625,0.15625,1.890593e+00,4.238859e-02,1.848205e+00
1722.40625,1722.5625,0.15625,2.275283e+00,4.238859e-02,2.232895e+00
1722.5625,1722.71875,0.15625,2.673895e+00,4.238859e-02,2.631506e+00
1722.71875,1722.875,0.15625,3.048975e+00,4.238859e-02,3.006587e+00
1722.875,1723.03125,0.15625,3.366844e+00,4.238859e-02,3.324455e+00
1723.03125,1723.1875,0.15625,3.602375e+00,4.238859e-02,3.559986e+00
1723.1875,1723.34375,0.15625,3.742744e+00,4.238859e-02,3.700355e+00
1723.34375,1723.5,0.15625,3.756819e+00,4.238859e-02,3.714430e+00
1723.5,1723.65625,0.15625,3.670601e+00,4.238859e-02,3.628212e+00
1723.65625,1723.8125,0.15625,3.561048e+00,4.238859e-02,3.518659e+00
1723.8125,1723.96875,0.15625,3.457688e+00,4.238859e-02,3.415299e+00
1723.96875,1724.125,0.15625,3.383548e+00,4.238859e-02,3.341160e+00
1724.125,1724.28125,0.15625,3.351424e+00,4.238859e-02,3.309035e+00
1724.28125,1724.4375,0.15625,3.351424e+00,4.238859e-02,3.309035e+00
1724.4375,1724.59375,0.15625,3.362881e+00,4.238859e-02,3.320493e+00
1724.59375,1724.75,0.15625,3.409995e+00,4.238859e-02,3.367606e+00
1724.75,1724.90625,0.15625,3.478983e+00,4.238859e-02,3.436594e+00
1724.90625,1725.0625,0.15625,3.554412e+00,4.238859e-02,3.512023e+00
1725.0625,1725.21875,0.15625,3.622686e+00,4.238859e-02,3.580298e+00
1725.21875,1725.375,0.15625,3.674040e+00,4.238859e-02,3.631651e+00
1725.375,1725.53125,0.15625,3.702908e+00,4.238859e-02,3.660519e+00
1725.53125,1725.6875,0.15625,3.686116e+00,4.238859e-02,3.643727e+00
1725.6875,1725.84375,0.15625,3.640066e+00,4.238859e-02,3.597678e+00
1725.84375,1726,0.15625,3.568355e+00,4.238859e-02,3.525966e+00
1726,1726.15625,0.15625,3.469959e+00,4.238859e-02,3.427570e+00
1726.15625,1726.3125,0.15625,3.344682e+00,4.238859e-02,3.302293e+00
1726.3125,1726.46875,0.15625,3.195468e+00,4.238859e-02,3.153080e+00
1726.46875,1726.625,0.15625,3.030991e+00,4.238859e-02,2.988603e+00
1726.625,1726.78125,0.15625,2.867332e+00,4.238859e-02,2.824943e+00
1726.78125,1726.9375,0.15625,2.727502e+00,4.238859e-02,2.685114e+00
1726.9375,1727.09375,0.15625,2.638124e+00,4.238859e-02,2.595736e+00
1727.09375,1727.25,0.15625,2.623571e+00,4.238859e-02,2.581183e+00
1727.25,1727.40625,0.15625,2.623571e+00,4.238859e-02,2.581183e+00
1727.40625,1727.5625,0.15625,2.698989e+00,4.238859e-02,2.656601e+00
1727.5625,1727.71875,0.15625,2.864330e+00,4.238859e-02,2.821941e+00
1727.71875,1727.875,0.15625,3.101519e+00,4.238859e-02,3.059130e+00
1727.875,1728.03125,0.15625,3.376117e+00,4.238859e-02,3.333728e+00
1728.03125,1728.1875,0.15625,3.643515e+00,4.238859e-02,3.601126e+00
1728.1875,1728.34375,0.15625,3.858317e+00,4.238859e-02,3.815929e+00
1728.34375,1728.5,0.15625,3.984516e+00,4.238859e-02,3.942127e+00
1728.5,1728.65625,0.15625,3.919099e+00,4.238859e-02,3.876711e+00
1728.65625,1728.8125,0.15625,3.754124e+00,4.238859e-02,3.711735e+00
1728.8125,1728.96875,0.15625,3.546165e+00,4.238859e-02,3.503777e+00
1728.96875,1729.125,0.15625,3.337139e+00,4.238859e-02,3.294750e+00
1729.125,1729.28125,0.15625,3.163658e+00,4.238859e-02,3.121270e+00
1729.28125,1729.4375,0.15625,3.049487e+00,4.238859e-02,3.007099e+00
1729.4375,1729.59375,0.15625,3.002100e+00,4.238859e-02,2.959712e+00
1729.59375,1729.75,0.15625,3.002100e+00,4.238859e-02,2.959712e+00
1729.75,1729.90625,0.15625,3.013744e+00,4.238859e-02,2.971355e+00
1729.90625,1730.0625,0.15625,3.065959e+00,4.238859e-02,3.023570e+00
1730.0625,1730.21875,0.15625,3.135576e+00,4.238859e-02,3.093187e+00
1730.21875,1730.375,0.15625,3.200191e+00,4.238859e-02,3.157802e+00
1730.375,1730.53125,0.15625,3.241840e+00,4.238859e-02,3.199451e+00
1730.53125,1730.6875,0.15625,3.215401e+00,4.238859e-02,3.173012e+00
1730.6875,1730.84375,0.15625,3.142993e+00,4.238859e-02,3.100604e+00
1730.84375,1731,0.15625,3.038607e+00,4.238859e-02,2.996218e+00
1731,1731.15625,0.15625,2.914886e+00,4.238859e-02,2.872497e+00
1731.15625,1731.3125,0.15625,2.788311e+00,4.238859e-02,2.745923e+00
1731.3125,1731.46875,0.15625,2.676113e+00,4.238859e-02,2.633724e+00
1731.46875,1731.625,0.15625,2.592165e+00,4.238859e-02,2.549776e+00
1731.625,1731.78125,0.15625,2.543140e+00,4.238859e-02,2.500751e+00
1731.78125,1731.9375,0.15625,2.526548e+00,4.238859e-02,2.484159e+00
1731.9375,1732.09375,0.15625,2.526548e+00,4.238859e-02,2.484159e+00
1732.09375,1732.25,0.15625,2.531776e+00,4.238859e-02,2.489387e+00
1732.25,1732.40625,0.15625,2.544084e+00,4.238859e-02,2.501695e+00
1732.40625,1732.5625,0.15625,2.542968e+00,4.238859e-02,2.500580e+00
1732.5625,1732.71875,0.15625,2.524085e+00,4.238859e-02,2.481696e+00
1732.71875,1732.875,0.15625,2.502222e+00,4.238859e-02,2.459834e+00
1732.875,1733.03125,0.15625,2.489019e+00,4.238859e-02,2.446631e+00
1733.03125,1733.1875,0.15625,2.489019e+00,4.238859e-02,2.446631e+00
1733.1875,1733.34375,0.15625,2.493851e+00,4.238859e-02,2.451462e+00
1733.34375,1733.5,0.15625,2.520151e+00,4.238859e-02,2.477762e+00
1733.5,1733.65625,0.15625,2.564957e+00,4.238859e-02,2.522569e+00
1733.65625,1733.8125,0.15625,2.621882e+00,4.238859e-02,2.579493e+00
1733.8125,1733.96875,0.15625,2.686101e+00,4.238859e-02,2.643712e+00
1733.96875,1734.125,0.15625,2.758935e+00,4.238859e-02,2.716546e+00
1734.125,1734.28125,0.15625,2.849691e+00,4.238859e-02,2.807302e+00
1734.28125,1734.4375,0.15625,2.973578e+00,4.238859e-02,2.931189e+00
1734.4375,1734.59375,0.15625,3.146195e+00,4.238859e-02,3.103807e+00
1734.59375,1734.75,0.15625,3.376599e+00,4.238859e-02,3.334211e+00
1734.75,1734.90625,0.15625,3.661571e+00,4.238859e-02,3.619183e+00
1734.90625,1735.0625,0.15625,3.983292e+00,4.238859e-02,3.940903e+00
1735.0625,1735.21875,0.15625,4.311292e+00,4.238859e-02,4.268903e+00
1735.21875,1735.375,0.15625,4.608003e+00,4.238859e-02,4.565614e+00
1735.375,1735.53125,0.15625,4.836072e+00,4.238859e-02,4.793683e+00
1735.53125,1735.6875,0.15625,4.965262e+00,4.238859e-02,4.922874e+00
1735.6875,1735.84375,0.15625,4.868093e+00,4.238859e-02,4.825705e+00
1735.84375,1736,0.15625,4.647366e+00,4.238859e-02,4.604977e+00
1736,1736.15625,0.15625,4.336953e+00,4.238859e-02,4.294565e+00
1736.15625,1736.3125,0.15625,3.968022e+00,4.238859e-02,3.925633e+00
1736.3125,1736.46875,0.15625,3.577794e+00,4.238859e-02,3.535405e+00
1736.46875,1736.625,0.15625,3.205644e+00,4.238859e-02,3.163256e+00
1736.625,1736.78125,0.15625,2.888528e+00,4.238859e-02,2.846139e+00
1736.78125,1736.9375,0.15625,2.656048e+00,4.238859e-02,2.613659e+00
1736.9375,1737.09375,0.15625,2.526012e+00,4.238859e-02,2.483623e+00
11.5,11.53125,0.03125,1.928882e-03,1.695543e-03,2.333390e-04
11.53125,11.5625,0.03125,2.272727e-03,1.695543e-03,5.771836e-04
11.5625,11.59375,0.03125,2.672486e-03,1.695543e-03,9.769425e-04
11.59375,11.625,0.03125,3.136278e-03,1.695543e-03,1.440735e-03
11.625,11.65625,0.03125,3.673233e-03,1.695543e-03,1.977689e-03
11.65625,11.6875,0.03125,4.293583e-03,1.695543e-03,2.598039e-03
11.6875,11.71875,0.03125,5.008772e-03,1.695543e-03,3.313228e-03
11.71875,11.75,0.03125,5.831559e-03,1.695543e-03,4.136015e-03
11.75,11.78125,0.03125,6.776130e-03,1.695543e-03,5.080586e-03
11.78125,11.8125,0.03125,7.858212e-03,1.695543e-03,6.162669e-03
11.8125,11.84375,0.03125,9.095193e-03,1.695543e-03,7.399649e-03
11.84375,11.875,0.03125,1.050623e-02,1.695543e-03,8.810690e-03
11.875,11.90625,0.03125,1.211240e-02,1.695543e-03,1.041685e-02
11.90625,11.9375,0.03125,1.393675e-02,1.695543e-03,1.224120e-02
11.9375,11.96875,0.03125,1.600449e-02,1.695543e-03,1.430894e-02
11.96875,12,0.03125,1.834305e-02,1.695543e-03,1.664751e-02
12,12.03125,0.03125,2.098220e-02,1.695543e-03,1.928666e-02
12.03125,12.0625,0.03125,2.395415e-02,1.695543e-03,2.225860e-02
12.0625,12.09375,0.03125,2.729359e-02,1.695543e-03,2.559805e-02
12.09375,12.125,0.03125,3.103782e-02,1.695543e-03,2.934228e-02
12.125,12.15625,0.03125,3.522674e-02,1.695543e-03,3.353120e-02
12.15625,12.1875,0.03125,3.990291e-02,1.695543e-03,3.820737e-02
12.1875,12.21875,0.03125,4.511155e-02,1.695543e-03,4.341601e-02
12.21875,12.25,0.03125,5.090050e-02,1.695543e-03,4.920496e-02
16,16.03125,0.03125,5.482054e-02,1.695543e-03,5.312499e-02
16.03125,16.0625,0.03125,4.864513e-02,1.695543e-03,4.694959e-02
16.0625,16.09375,0.03125,4.308112e-02,1.695543e-03,4.138558e-02
16.09375,16.125,0.03125,3.807905e-02,1.695543e-03,3.638351e-02
16.125,16.15625,0.03125,3.359207e-02,1.695543e-03,3.189652e-02
16.15625,16.1875,0.03125,2.957595e-02,1.695543e-03,2.788041e-02
16.1875,16.21875,0.03125,2.598915e-02,1.695543e-03,2.429361e-02
16.21875,16.25,0.03125,2.279275e-02,1.695543e-03,2.109721e-02
16.25,16.28125,0.03125,1.995044e-02,1.695543e-03,1.825490e-02
16.28125,16.3125,0.03125,1.742848e-02,1.695543e-03,1.573293e-02
16.3125,16.34375,0.03125,1.519558e-02,1.695543e-03,1.350004e-02
16.34375,16.375,0.03125,1.322288e-02,1.695543e-03,1.152734e-02
16.375,16.40625,0.03125,1.148380e-02,1.695543e-03,9.788253e-03
16.40625,16.4375,0.03125,9.953949e-03,1.695543e-03,8.258406e-03
16.4375,16.46875,0.03125,8.611041e-03,1.695543e-03,6.915497e-03
16.46875,16.5,0.03125,7.434741e-03,1.695543e-03,5.739198e-03
16.5,16.53125,0.03125,6.406573e-03,1.695543e-03,4.711030e-03
16.53125,16.5625,0.03125,5.509790e-03,1.695543e-03,3.814246e-03
16.5625,16.59375,0.03125,4.729260e-03,1.695543e-03,3.033716e-03
16.59375,16.625,0.03125,4.051349e-03,1.695543e-03,2.355805e-03
16.625,16.65625,0.03125,3.463809e-03,1.695543e-03,1.768265e-03
16.65625,16.6875,0.03125,2.955665e-03,1.695543e-03,1.260121e-03
16.6875,16.71875,0.03125,2.517113e-03,1.695543e-03,8.215692e-04
16.71875,16.75,0.03125,2.139417e-03,1.695543e-03,4.438733e-04
16.75,16.78125,0.03125,1.814814e-03,1.695543e-03,1.192711e-04
18.375,18.40625,0.03125,1.810151e-03,1.695543e-03,1.146078e-04
18.40625,18.4375,0.03125,2.133950e-03,1.695543e-03,4.384064e-04
18.4375,18.46875,0.03125,2.510722e-03,1.695543e-03,8.151786e-04
18.46875,18.5,0.03125,2.948215e-03,1.695543e-03,1.252671e-03
18.5,18.53125,0.03125,3.455147e-03,1.695543e-03,1.759604e-03
18.53125,18.5625,0.03125,4.041305e-03,1.695543e-03,2.345761e-03
18.5625,18.59375,0.03125,4.717643e-03,1.695543e-03,3.022099e-03
18.59375,18.625,0.03125,5.496387e-03,1.695543e-03,3.800843e-03
18.625,18.65625,0.03125,6.391148e-03,1.695543e-03,4.695605e-03
18.65625,18.6875,0.03125,7.417032e-03,1.695543e-03,5.721489e-03
18.6875,18.71875,0.03125,8.590758e-03,1.695543e-03,6.895215e-03
18.71875,18.75,0.03125,9.930774e-03,1.695543e-03,8.235231e-03
18.75,18.78125,0.03125,1.145738e-02,1.695543e-03,9.761835e-03
18.78125,18.8125,0.03125,1.319283e-02,1.695543e-03,1.149729e-02
18.8125,18.84375,0.03125,1.516149e-02,1.695543e-03,1.346595e-02
18.84375,18.875,0.03125,1.738988e-02,1.695543e-03,1.569434e-02
18.875,18.90625,0.03125,1.990685e-02,1.695543e-03,1.821131e-02
18.90625,18.9375,0.03125,2.274363e-02,1.695543e-03,2.104808e-02
18.9375,18.96875,0.03125,2.593392e-02,1.695543e-03,2.423838e-02
18.96875,19,0.03125,2.951399e-02,1.695543e-03,2.781845e-02
19,19.03125,0.03125,3.352272e-02,1.695543e-03,3.182718e-02
19.03125,19.0625,0.03125,3.800161e-02,1.695543e-03,3.630607e-02
19.0625,19.09375,0.03125,4.299483e-02,1.695543e-03,4.129929e-02
19.09375,19.125,0.03125,4.854920e-02,1.695543e-03,4.685366e-02
26.9375,26.96875,0.03125,4.328671e-02,1.695543e-03,4.159117e-02
26.96875,27,0.03125,3.826822e-02,1.695543e-03,3.657268e-02
27,27.03125,0.03125,3.376718e-02,1.695543e-03,3.207163e-02
27.03125,27.0625,0.03125,2.973942e-02,1.695543e-03,2.804387e-02
27.0625,27.09375,0.03125,2.614347e-02,1.695543e-03,2.444793e-02
27.09375,27.125,0.03125,2.294055e-02,1.695543e-03,2.124501e-02
27.125,27.15625,0.03125,2.009451e-02,1.695543e-03,1.839897e-02
27.15625,27.1875,0.03125,1.757182e-02,1.695543e-03,1.587628e-02
27.1875,27.21875,0.03125,1.534149e-02,1.695543e-03,1.364595e-02
27.21875,27.25,0.03125,1.337499e-02,1.695543e-03,1.167944e-02
27.25,27.28125,0.03125,1.164617e-02,1.695543e-03,9.950628e-03
27.28125,27.3125,0.03125,1.013119e-02,1.695543e-03,8.435646e-03
27.3125,27.34375,0.03125,8.808386e-03,1.695543e-03,7.112842e-03
27.34375,27.375,0.03125,7.658201e-03,1.695543e-03,5.962658e-03
27.375,27.40625,0.03125,6.663076e-03,1.695543e-03,4.967532e-03
27.40625,27.4375,0.03125,5.807351e-03,1.695543e-03,4.111808e-03
27.4375,27.46875,0.03125,5.077180e-03,1.695543e-03,3.381636e-03
27.46875,27.5,0.03125,4.460433e-03,1.695543e-03,2.764889e-03
27.5,27.53125,0.03125,3.946620e-03,1.695543e-03,2.251077e-03
27.53125,27.5625,0.03125,3.526815e-03,1.695543e-03,1.831272e-03
27.5625,27.59375,0.03125,3.193588e-03,1.695543e-03,1.498045e-03
27.59375,27.625,0.03125,2.940947e-03,1.695543e-03,1.245403e-03
27.625,27.65625,0.03125,2.764290e-03,1.695543e-03,1.068746e-03
27.65625,27.6875,0.03125,2.660368e-03,1.695543e-03,9.648244e-04
27.6875,27.71875,0.03125,2.627257e-03,1.695543e-03,9.317140e-04
27.71875,27.75,0.03125,2.627257e-03,1.695543e-03,9.317140e-04
27.75,27.78125,0.03125,2.664344e-03,1.695543e-03,9.688003e-04
27.78125,27.8125,0.03125,2.772315e-03,1.695543e-03,1.076772e-03
27.8125,27.84375,0.03125,2.953170e-03,1.695543e-03,1.257627e-03
27.84375,27.875,0.03125,3.210233e-03,1.695543e-03,1.514689e-03
27.875,27.90625,0.03125,3.548183e-03,1.695543e-03,1.852639e-03
27.90625,27.9375,0.03125,3.973091e-03,1.695543e-03,2.277548e-03
27.9375,27.96875,0.03125,4.492471e-03,1.695543e-03,2.796928e-03
27.96875,28,0.03125,5.115337e-03,1.695543e-03,3.419793e-03
28,28.03125,0.03125,5.852268e-03,1.695543e-03,4.156724e-03
28.03125,28.0625,0.03125,6.715487e-03,1.695543e-03,5.019944e-03
28.0625,28.09375,0.03125,7.718944e-03,1.695543e-03,6.023401e-03
28.09375,28.125,0.03125,8.878401e-03,1.695543e-03,7.182858e-03
28.125,28.15625,0.03125,1.021153e-02,1.695543e-03,8.515985e-03
28.15625,28.1875,0.03125,1.173800e-02,1.695543e-03,1.004246e-02
28.1875,28.21875,0.03125,1.347960e-02,1.695543e-03,1.178405e-02
28.21875,28.25,0.03125,1.546030e-02,1.695543e-03,1.376475e-02
28.25,28.28125,0.03125,1.770637e-02,1.695543e-03,1.601083e-02
28.28125,28.3125,0.03125,2.024649e-02,1.695543e-03,1.855095e-02
28.3125,28.34375,0.03125,2.311178e-02,1.695543e-03,2.141624e-02
28.34375,28.375,0.03125,2.633593e-02,1.695543e-03,2.464039e-02
28.375,28.40625,0.03125,2.995523e-02,1.695543e-03,2.825968e-02
28.40625,28.4375,0.03125,3.400861e-02,1.695543e-03,3.231307e-02
28.4375,28.46875,0.03125,3.853770e-02,1.695543e-03,3.684216e-02
28.46875,28.5,0.03125,4.358682e-02,1.695543e-03,4.189127e-02
34.90625,34.9375,0.03125,3.807083e-02,1.695543e-03,3.637528e-02
34.9375,34.96875,0.03125,3.409344e-02,1.695543e-03,3.239790e-02
34.96875,35,0.03125,3.062303e-02,1.695543e-03,2.892748e-02
35,35.03125,0.03125,2.762675e-02,1.695543e-03,2.593121e-02
35.03125,35.0625,0.03125,2.507540e-02,1.695543e-03,2.337986e-02
35.0625,35.09375,0.03125,2.294339e-02,1.695543e-03,2.124785e-02
35.09375,35.125,0.03125,2.120883e-02,1.695543e-03,1.951329e-02
35.125,35.15625,0.03125,1.985356e-02,1.695543e-03,1.815801e-02
35.15625,35.1875,0.03125,1.886313e-02,1.695543e-03,1.716758e-02
35.1875,35.21875,0.03125,1.822686e-02,1.695543e-03,1.653132e-02
35.21875,35.25,0.03125,1.793784e-02,1.695543e-03,1.624230e-02
35.25,35.28125,0.03125,1.793784e-02,1.695543e-03,1.624230e-02
35.28125,35.3125,0.03125,1.799289e-02,1.695543e-03,1.629735e-02
35.3125,35.34375,0.03125,1.839262e-02,1.695543e-03,1.669708e-02
35.34375,35.375,0.03125,1.914140e-02,1.695543e-03,1.744586e-02
35.375,35.40625,0.03125,2.024736e-02,1.695543e-03,1.855181e-02
35.40625,35.4375,0.03125,2.172238e-02,1.695543e-03,2.002684e-02
35.4375,35.46875,0.03125,2.358210e-02,1.695543e-03,2.188655e-02
35.46875,35.5,0.03125,2.584588e-02,1.695543e-03,2.415033e-02
35.5,35.53125,0.03125,2.853679e-02,1.695543e-03,2.684125e-02
35.53125,35.5625,0.03125,3.168159e-02,1.695543e-03,2.998604e-02
35.5625,35.59375,0.03125,3.531066e-02,1.695543e-03,3.361511e-02
35.59375,35.625,0.03125,3.945796e-02,1.695543e-03,3.776242e-02
35.625,35.65625,0.03125,4.416097e-02,1.695543e-03,4.246543e-02
35.65625,35.6875,0.03125,4.946057e-02,1.695543e-03,4.776503e-02
45.21875,45.25,0.03125,5.057335e-02,1.695543e-03,4.887781e-02
45.25,45.28125,0.03125,4.510643e-02,1.695543e-03,4.341088e-02
45.28125,45.3125,0.03125,4.024140e-02,1.695543e-03,3.854585e-02
45.3125,45.34375,0.03125,3.593604e-02,1.695543e-03,3.424050e-02
45.34375,45.375,0.03125,3.215147e-02,1.695543e-03,3.045593e-02
45.375,45.40625,0.03125,2.885220e-02,1.695543e-03,2.715665e-02
45.40625,45.4375,0.03125,2.600623e-02,1.695543e-03,2.431069e-02
45.4375,45.46875,0.03125,2.358514e-02,1.695543e-03,2.188959e-02
45.46875,45.5,0.03125,2.156404e-02,1.695543e-03,1.986850e-02
45.5,45.53125,0.03125,1.992171e-02,1.695543e-03,1.822616e-02
45.53125,45.5625,0.03125,1.864051e-02,1.695543e-03,1.694497e-02
45.5625,45.59375,0.03125,1.770650e-02,1.695543e-03,1.601096e-02
45.59375,45.625,0.03125,1.710936e-02,1.695543e-03,1.541382e-02
45.625,45.65625,0.03125,1.684244e-02,1.695543e-03,1.514690e-02
45.65625,45.6875,0.03125,1.684244e-02,1.695543e-03,1.514690e-02
45.6875,45.71875,0.03125,1.690275e-02,1.695543e-03,1.520721e-02
45.71875,45.75,0.03125,1.729098e-02,1.695543e-03,1.559543e-02
45.75,45.78125,0.03125,1.801145e-02,1.695543e-03,1.631591e-02
45.78125,45.8125,0.03125,1.907218e-02,1.695543e-03,1.737664e-02
45.8125,45.84375,0.03125,2.048483e-02,1.695543e-03,1.878929e-02
45.84375,45.875,0.03125,2.226471e-02,1.695543e-03,2.056917e-02
45.875,45.90625,0.03125,2.443079e-02,1.695543e-03,2.273524e-02
45.90625,45.9375,0.03125,2.700564e-02,1.695543e-03,2.531010e-02
45.9375,45.96875,0.03125,3.001547e-02,1.695543e-03,2.831993e-02
45.96875,46,0.03125,3.349005e-02,1.695543e-03,3.179450e-02
46,46.03125,0.03125,3.746266e-02,1.695543e-03,3.576712e-02
46.03125,46.0625,0.03125,4.197008e-02,1.695543e-03,4.027453e-02
46.0625,46.09375,0.03125,4.705245e-02,1.695543e-03,4.535690e-02
46.09375,46.125,0.03125,5.275321e-02,1.695543e-03,5.105767e-02
46.125,46.15625,0.03125,5.911897e-02,1.695543e-03,5.742342e-02
62.875,62.90625,0.03125,4.243185e-02,1.695543e-03,4.073631e-02
62.90625,62.9375,0.03125,4.137580e-02,1.695543e-03,3.968026e-02
62.9375,62.96875,0.03125,4.097662e-02,1.695543e-03,3.928108e-02
62.96875,63,0.03125,4.097662e-02,1.695543e-03,3.928108e-02
63,63.03125,0.03125,4.123123e-02,1.695543e-03,3.953569e-02
63.03125,63.0625,0.03125,4.214155e-02,1.695543e-03,4.044601e-02
63.0625,63.09375,0.03125,4.371448e-02,1.695543e-03,4.201893e-02
63.09375,63.125,0.03125,4.596186e-02,1.695543e-03,4.426632e-02
63.125,63.15625,0.03125,4.890044e-02,1.695543e-03,4.720490e-02
63.15625,63.1875,0.03125,5.255172e-02,1.695543e-03,5.085618e-02
11,11.00390625,0.00390625,1.031405e-04,2.649287e-05,7.664759e-05
11.00390625,11.0078125,0.00390625,1.058220e-04,2.649287e-05,7.932915e-05
11.0078125,11.01171875,0.00390625,1.085664e-04,2.649287e-05,8.207354e-05
11.01171875,11.015625,0.00390625,1.113750e-04,2.649287e-05,8.488215e-05
11.015625,11.01953125,0.00390625,1.142493e-04,2.649287e-05,8.775639e-05
11.01953125,11.0234375,0.00390625,1.171906e-04,2.649287e-05,9.069771e-05
11.0234375,11.02734375,0.00390625,1.202004e-04,2.649287e-05,9.370757e-05
11.02734375,11.03125,0.00390625,1.232803e-04,2.649287e-05,9.678747e-05
11.03125,11.03515625,0.00390625,1.264318e-04,2.649287e-05,9.993896e-05
11.03515625,11.0390625,0.00390625,1.296565e-04,2.649287e-05,1.031636e-04
11.0390625,11.04296875,0.00390625,1.329558e-04,2.649287e-05,1.064630e-04
11.04296875,11.046875,0.00390625,1.363316e-04,2.649287e-05,1.098387e-04
11.046875,11.05078125,0.00390625,1.397853e-04,2.649287e-05,1.132925e-04
11.05078125,11.0546875,0.00390625,1.433188e-04,2.649287e-05,1.168260e-04
11.0546875,11.05859375,0.00390625,1.469338e-04,2.649287e-05,1.204409e-04
11.05859375,11.0625,0.00390625,1.506319e-04,2.649287e-05,1.241390e-04
11.0625,11.06640625,0.00390625,1.544151e-04,2.649287e-05,1.279222e-04
11.06640625,11.0703125,0.00390625,1.582851e-04,2.649287e-05,1.317922e-04
11.0703125,11.07421875,0.00390625,1.622438e-04,2.649287e-05,1.357509e-04
11.07421875,11.078125,0.00390625,1.662931e-04,2.649287e-05,1.398002e-04
11.078125,11.08203125,0.00390625,1.704350e-04,2.649287e-05,1.439421e-04
11.08203125,11.0859375,0.00390625,1.746714e-04,2.649287e-05,1.481786e-04
11.0859375,11.08984375,0.00390625,1.790044e-04,2.649287e-05,1.525116e-04
11.08984375,11.09375,0.00390625,1.834361e-04,2.649287e-05,1.569432e-04
11.09375,11.09765625,0.00390625,1.879684e-04,2.649287e-05,1.614756e-04
11.09765625,11.1015625,0.00390625,1.926037e-04,2.649287e-05,1.661108e-04
11.1015625,11.10546875,0.00390625,1.973440e-04,2.649287e-05,1.708511e-04
11.10546875,11.109375,0.00390625,2.021916e-04,2.649287e-05,1.756987e-04
11.109375,11.11328125,0.00390625,2.071488e-04,2.649287e-05,1.806559e-04
11.11328125,11.1171875,0.00390625,2.122178e-04,2.649287e-05,1.857249e-04
11.1171875,11.12109375,0.00390625,2.174011e-04,2.649287e-05,1.909082e-04
11.12109375,11.125,0.00390625,2.227010e-04,2.649287e-05,1.962082e-04
11.125,11.12890625,0.00390625,2.281201e-04,2.649287e-05,2.016272e-04
11.12890625,11.1328125,0.00390625,2.336607e-04,2.649287e-05,2.071679e-04
11.1328125,11.13671875,0.00390625,2.393255e-04,2.649287e-05,2.128327e-04
11.13671875,11.140625,0.00390625,2.451171e-04,2.649287e-05,2.186242e-04
11.140625,11.14453125,0.00390625,2.510381e-04,2.649287e-05,2.245452e-04
11.14453125,11.1484375,0.00390625,2.570911e-04,2.649287e-05,2.305983e-04
11.1484375,11.15234375,0.00390625,2.632790e-04,2.649287e-05,2.367862e-04
11.15234375,11.15625,0.00390625,2.696046e-04,2.649287e-05,2.431117e-04
11.15625,11.16015625,0.00390625,2.760707e-04,2.649287e-05,2.495778e-04
11.16015625,11.1640625,0.00390625,2.826802e-04,2.649287e-05,2.561873e-04
11.1640625,11.16796875,0.00390625,2.894361e-04,2.649287e-05,2.629432e-04
11.16796875,11.171875,0.00390625,2.963414e-04,2.649287e-05,2.698486e-04
11.171875,11.17578125,0.00390625,3.033993e-04,2.649287e-05,2.769064e-04
11.17578125,11.1796875,0.00390625,3.106127e-04,2.649287e-05,2.841198e-04
11.1796875,11.18359375,0.00390625,3.179850e-04,2.649287e-05,2.914921e-04
11.18359375,11.1875,0.00390625,3.255193e-04,2.649287e-05,2.990265e-04
11.1875,11.19140625,0.00390625,3.332191e-04,2.649287e-05,3.067263e-04
11.19140625,11.1953125,0.00390625,3.410877e-04,2.649287e-05,3.145948e-04
11.1953125,11.19921875,0.00390625,3.491285e-04,2.649287e-05,3.226356e-04
11.19921875,11.203125,0.00390625,3.573450e-04,2.649287e-05,3.308521e-04
11.203125,11.20703125,0.00390625,3.657408e-04,2.649287e-05,3.392480e-04
11.20703125,11.2109375,0.00390625,3.743196e-04,2.649287e-05,3.478268e-04
11.2109375,11.21484375,0.00390625,3.830851e-04,2.649287e-05,3.565922e-04
11.21484375,11.21875,0.00390625,3.920409e-04,2.649287e-05,3.655481e-04
11.21875,11.22265625,0.00390625,4.011911e-04,2.649287e-05,3.746982e-04
11.22265625,11.2265625,0.00390625,4.105394e-04,2.649287e-05,3.840466e-04
11.2265625,11.23046875,0.00390625,4.200900e-04,2.649287e-05,3.935971e-04
11.23046875,11.234375,0.00390625,4.298467e-04,2.649287e-05,4.033538e-04
11.234375,11.23828125,0.00390625,4.398138e-04,2.649287e-05,4.133210e-04
11.23828125,11.2421875,0.00390625,4.499955e-04,2.649287e-05,4.235027e-04
11.2421875,11.24609375,0.00390625,4.603961e-04,2.649287e-05,4.339033e-04
11.24609375,11.25,0.00390625,4.710199e-04,2.649287e-05,4.445271e-04
11.25,11.25390625,0.00390625,4.818714e-04,2.649287e-05,4.553786e-04
11.25390625,11.2578125,0.00390625,4.929551e-04,2.649287e-05,4.664623e-04
11.2578125,11.26171875,0.00390625,5.042756e-04,2.649287e-05,4.777827e-04
11.26171875,11.265625,0.00390625,5.158376e-04,2.649287e-05,4.893447e-04
11.265625,11.26953125,0.00390625,5.276459e-04,2.649287e-05,5.011530e-04
11.26953125,11.2734375,0.00390625,5.397052e-04,2.649287e-05,5.132124e-04
11.2734375,11.27734375,0.00390625,5.520207e-04,2.649287e-05,5.255278e-04
11.27734375,11.28125,0.00390625,5.645972e-04,2.649287e-05,5.381043e-04
11.28125,11.28515625,0.00390625,5.774400e-04,2.649287e-05,5.509471e-04
11.28515625,11.2890625,0.00390625,5.905542e-04,2.649287e-05,5.640613e-04
11.2890625,11.29296875,0.00390625,6.039451e-04,2.649287e-05,5.774523e-04
11.29296875,11.296875,0.00390625,6.176182e-04,2.649287e-05,5.911253e-04
11.296875,11.30078125,0.00390625,6.315789e-04,2.649287e-05,6.050861e-04
11.30078125,11.3046875,0.00390625,6.458329e-04,2.649287e-05,6.193400e-04
11.3046875,11.30859375,0.00390625,6.603858e-04,2.649287e-05,6.338929e-04
11.30859375,11.3125,0.00390625,6.752433e-04,2.649287e-05,6.487505e-04
11.3125,11.31640625,0.00390625,6.904115e-04,2.649287e-05,6.639187e-04
11.31640625,11.3203125,0.00390625,7.058963e-04,2.649287e-05,6.794034e-04
11.3203125,11.32421875,0.00390625,7.217038e-04,2.649287e-05,6.952109e-04
11.32421875,11.328125,0.00390625,7.378401e-04,2.649287e-05,7.113472e-04
11.328125,11.33203125,0.00390625,7.543117e-04,2.649287e-05,7.278188e-04
11.33203125,11.3359375,0.00390625,7.711249e-04,2.649287e-05,7.446320e-04
11.3359375,11.33984375,0.00390625,7.882862e-04,2.649287e-05,7.617933e-04
11.33984375,11.34375,0.00390625,8.058024e-04,2.649287e-05,7.793095e-04
11.34375,11.34765625,0.00390625,8.236801e-04,2.649287e-05,7.971872e-04
11.34765625,11.3515625,0.00390625,8.419262e-04,2.649287e-05,8.154333e-04
11.3515625,11.35546875,0.00390625,8.605478e-04,2.649287e-05,8.340549e-04
11.35546875,11.359375,0.00390625,8.795518e-04,2.649287e-05,8.530590e-04
11.359375,11.36328125,0.00390625,8.989457e-04,2.649287e-05,8.724528e-04
11.36328125,11.3671875,0.00390625,9.187367e-04,2.649287e-05,8.922438e-04
11.3671875,11.37109375,0.00390625,9.389322e-04,2.649287e-05,9.124394e-04
11.37109375,11.375,0.00390625,9.595400e-04,2.649287e-05,9.330471e-04
11.375,11.37890625,0.00390625,9.805677e-04,2.649287e-05,9.540748e-04
11.37890625,11.3828125,0.00390625,1.002023e-03,2.649287e-05,9.755303e-04
11.3828125,11.38671875,0.00390625,1.023914e-03,2.649287e-05,9.974215e-04
11.38671875,11.390625,0.00390625,1.046250e-03,2.649287e-05,1.019757e-03
11.390625,11.39453125,0.00390625,1.069037e-03,2.649287e-05,1.042544e-03
11.39453125,11.3984375,0.00390625,1.092285e-03,2.649287e-05,1.065792e-03
11.3984375,11.40234375,0.00390625,1.116002e-03,2.649287e-05,1.089509e-03
11.40234375,11.40625,0.00390625,1.140197e-03,2.649287e-05,1.113704e-03
11.40625,11.41015625,0.00390625,1.164878e-03,2.649287e-05,1.138385e-03
11.41015625,11.4140625,0.00390625,1.190055e-03,2.649287e-05,1.163562e-03
11.4140625,11.41796875,0.00390625,1.215737e-03,2.649287e-05,1.189244e-03
11.41796875,11.421875,0.00390625,1.241933e-03,2.649287e-05,1.215440e-03
11.421875,11.42578125,0.00390625,1.268652e-03,2.649287e-05,1.242159e-03
11.42578125,11.4296875,0.00390625,1.295904e-03,2.649287e-05,1.269411e-03
11.4296875,11.43359375,0.00390625,1.323698e-03,2.649287e-05,1.297206e-03
11.43359375,11.4375,0.00390625,1.352046e-03,2.649287e-05,1.325553e-03
11.4375,11.44140625,0.00390625,1.380956e-03,2.649287e-05,1.354463e-03
11.44140625,11.4453125,0.00390625,1.410439e-03,2.649287e-05,1.383946e-03
11.4453125,11.44921875,0.00390625,1.440504e-03,2.649287e-05,1.414012e-03
11.44921875,11.453125,0.00390625,1.471164e-03,2.649287e-05,1.444671e-03
11.453125,11.45703125,0.00390625,1.502428e-03,2.649287e-05,1.475935e-03
11.45703125,11.4609375,0.00390625,1.534308e-03,2.649287e-05,1.507815e-03
11.4609375,11.46484375,0.00390625,1.566814e-03,2.649287e-05,1.540321e-03
11.46484375,11.46875,0.00390625,1.599957e-03,2.649287e-05,1.573464e-03
11.46875,11.47265625,0.00390625,1.633749e-03,2.649287e-05,1.607257e-03
11.47265625,11.4765625,0.00390625,1.668203e-03,2.649287e-05,1.641710e-03
11.4765625,11.48046875,0.00390625,1.703328e-03,2.649287e-05,1.676835e-03
11.48046875,11.484375,0.00390625,1.739138e-03,2.649287e-05,1.712645e-03
11.484375,11.48828125,0.00390625,1.775644e-03,2.649287e-05,1.749151e-03
11.48828125,11.4921875,0.00390625,1.812859e-03,2.649287e-05,1.786366e-03
11.4921875,11.49609375,0.00390625,1.850795e-03,2.649287e-05,1.824302e-03
11.49609375,11.5,0.00390625,1.889465e-03,2.649287e-05,1.862972e-03
16.78125,16.78515625,0.00390625,1.777621e-03,2.649287e-05,1.751128e-03
16.78515625,16.7890625,0.00390625,1.741136e-03,2.649287e-05,1.714643e-03
16.7890625,16.79296875,0.00390625,1.705347e-03,2.649287e-05,1.678854e-03
16.79296875,16.796875,0.00390625,1.670242e-03,2.649287e-05,1.643749e-03
16.796875,16.80078125,0.00390625,1.635809e-03,2.649287e-05,1.609316e-03
16.80078125,16.8046875,0.00390625,1.602037e-03,2.649287e-05,1.575544e-03
16.8046875,16.80859375,0.00390625,1.568913e-03,2.649287e-05,1.542420e-03
16.80859375,16.8125,0.00390625,1.536427e-03,2.649287e-05,1.509934e-03
16.8125,16.81640625,0.00390625,1.504567e-03,2.649287e-05,1.478075e-03
16.81640625,16.8203125,0.00390625,1.473323e-03,2.649287e-05,1.446830e-03
16.8203125,16.82421875,0.00390625,1.442682e-03,2.649287e-05,1.416189e-03
16.82421875,16.828125,0.00390625,1.412635e-03,2.649287e-05,1.386142e-03
16.828125,16.83203125,0.00390625,1.383172e-03,2.649287e-05,1.356679e-03
16.83203125,16.8359375,0.00390625,1.354280e-03,2.649287e-05,1.327787e-03
16.8359375,16.83984375,0.00390625,1.325952e-03,2.649287e-05,1.299459e-03
16.83984375,16.84375,0.00390625,1.298175e-03,2.649287e-05,1.271682e-03
16.84375,16.84765625,0.00390625,1.270942e-03,2.649287e-05,1.244449e-03
16.84765625,16.8515625,0.00390625,1.244241e-03,2.649287e-05,1.217748e-03
16.8515625,16.85546875,0.00390625,1.218063e-03,2.649287e-05,1.191570e-03
16.85546875,16.859375,0.00390625,1.192399e-03,2.649287e-05,1.165906e-03
16.859375,16.86328125,0.00390625,1.167240e-03,2.649287e-05,1.140747e-03
16.86328125,16.8671875,0.00390625,1.142576e-03,2.649287e-05,1.116083e-03
16.8671875,16.87109375,0.00390625,1.118399e-03,2.649287e-05,1.091906e-03
16.87109375,16.875,0.00390625,1.094699e-03,2.649287e-05,1.068207e-03
16.875,16.87890625,0.00390625,1.071469e-03,2.649287e-05,1.044976e-03
16.87890625,16.8828125,0.00390625,1.048699e-03,2.649287e-05,1.022206e-03
16.8828125,16.88671875,0.00390625,1.026381e-03,2.649287e-05,9.998880e-04
16.88671875,16.890625,0.00390625,1.004507e-03,2.649287e-05,9.780138e-04
16.890625,16.89453125,0.00390625,9.830682e-04,2.649287e-05,9.565753e-04
16.89453125,16.8984375,0.00390625,9.620574e-04,2.649287e-05,9.355646e-04
16.8984375,16.90234375,0.00390625,9.414665e-04,2.649287e-05,9.149737e-04
16.90234375,16.90625,0.00390625,9.212878e-04,2.649287e-05,8.947949e-04
16.90625,16.91015625,0.00390625,9.015136e-04,2.649287e-05,8.750207e-04
16.91015625,16.9140625,0.00390625,8.821364e-04,2.649287e-05,8.556435e-04
16.9140625,16.91796875,0.00390625,8.631489e-04,2.649287e-05,8.366561e-04
16.91796875,16.921875,0.00390625,8.445440e-04,2.649287e-05,8.180511e-04
16.921875,16.92578125,0.00390625,8.263144e-04,2.649287e-05,7.998215e-04
16.92578125,16.9296875,0.00390625,8.084532e-04,2.649287e-05,7.819603e-04
16.9296875,16.93359375,0.00390625,7.909535e-04,2.649287e-05,7.644607e-04
16.93359375,16.9375,0.00390625,7.738086e-04,2.649287e-05,7.473158e-04
16.9375,16.94140625,0.00390625,7.570119e-04,2.649287e-05,7.305190e-04
16.94140625,16.9453125,0.00390625,7.405568e-04,2.649287e-05,7.140639e-04
16.9453125,16.94921875,0.00390625,7.244369e-04,2.649287e-05,6.979440e-04
16.94921875,16.953125,0.00390625,7.086458e-04,2.649287e-05,6.821530e-04
16.953125,16.95703125,0.00390625,6.931775e-04,2.649287e-05,6.666846e-04
16.95703125,16.9609375,0.00390625,6.780258e-04,2.649287e-05,6.515329e-04
16.9609375,16.96484375,0.00390625,6.631847e-04,2.649287e-05,6.366918e-04
16.96484375,16.96875,0.00390625,6.486483e-04,2.649287e-05,6.221554e-04
16.96875,16.97265625,0.00390625,6.344109e-04,2.649287e-05,6.079180e-04
16.97265625,16.9765625,0.00390625,6.204667e-04,2.649287e-05,5.939738e-04
16.9765625,16.98046875,0.00390625,6.068102e-04,2.649287e-05,5.803174e-04
16.98046875,16.984375,0.00390625,5.934360e-04,2.649287e-05,5.669431e-04
16.984375,16.98828125,0.00390625,5.803385e-04,2.649287e-05,5.538456e-04
16.98828125,16.9921875,0.00390625,5.675125e-04,2.649287e-05,5.410196e-04
16.9921875,16.99609375,0.00390625,5.549528e-04,2.649287e-05,5.284599e-04
16.99609375,17,0.00390625,5.426543e-04,2.649287e-05,5.161614e-04
17,17.00390625,0.00390625,5.306119e-04,2.649287e-05,5.041191e-04
17.00390625,17.0078125,0.00390625,5.188208e-04,2.649287e-05,4.923279e-04
17.0078125,17.01171875,0.00390625,5.072760e-04,2.649287e-05,4.807832e-04
17.01171875,17.015625,0.00390625,4.959729e-04,2.649287e-05,4.694800e-04
17.015625,17.01953125,0.00390625,4.849066e-04,2.649287e-05,4.584137e-04
17.01953125,17.0234375,0.00390625,4.740727e-04,2.649287e-05,4.475798e-04
17.0234375,17.02734375,0.00390625,4.634665e-04,2.649287e-05,4.369737e-04
17.02734375,17.03125,0.00390625,4.530838e-04,2.649287e-05,4.265909e-04
17.03125,17.03515625,0.00390625,4.429200e-04,2.649287e-05,4.164272e-04
17.03515625,17.0390625,0.00390625,4.329710e-04,2.649287e-05,4.064782e-04
17.0390625,17.04296875,0.00390625,4.232326e-04,2.649287e-05,3.967397e-04
17.04296875,17.046875,0.00390625,4.137005e-04,2.649287e-05,3.872077e-04
17.046875,17.05078125,0.00390625,4.043708e-04,2.649287e-05,3.778780e-04
17.05078125,17.0546875,0.00390625,3.952395e-04,2.649287e-05,3.687466e-04
17.0546875,17.05859375,0.00390625,3.863027e-04,2.649287e-05,3.598098e-04
17.05859375,17.0625,0.00390625,3.775565e-04,2.649287e-05,3.510636e-04
17.0625,17.06640625,0.00390625,3.689971e-04,2.649287e-05,3.425043e-04
17.06640625,17.0703125,0.00390625,3.606210e-04,2.649287e-05,3.341281e-04
17.0703125,17.07421875,0.00390625,3.524244e-04,2.649287e-05,3.259315e-04
17.07421875,17.078125,0.00390625,3.444038e-04,2.649287e-05,3.179109e-04
17.078125,17.08203125,0.00390625,3.365556e-04,2.649287e-05,3.100628e-04
17.08203125,17.0859375,0.00390625,3.288766e-04,2.649287e-05,3.023837e-04
17.0859375,17.08984375,0.00390625,3.213632e-04,2.649287e-05,2.948703e-04
17.08984375,17.09375,0.00390625,3.140122e-04,2.649287e-05,2.875193e-04
17.09375,17.09765625,0.00390625,3.068203e-04,2.649287e-05,2.803275e-04
17.09765625,17.1015625,0.00390625,2.997844e-04,2.649287e-05,2.732915e-04
17.1015625,17.10546875,0.00390625,2.929013e-04,2.649287e-05,2.664084e-04
17.10546875,17.109375,0.00390625,2.861680e-04,2.649287e-05,2.596751e-04
17.109375,17.11328125,0.00390625,2.795814e-04,2.649287e-05,2.530885e-04
17.11328125,17.1171875,0.00390625,2.731386e-04,2.649287e-05,2.466457e-04
17.1171875,17.12109375,0.00390625,2.668367e-04,2.649287e-05,2.403438e-04
17.12109375,17.125,0.00390625,2.606728e-04,2.649287e-05,2.341799e-04
17.125,17.12890625,0.00390625,2.546442e-04,2.649287e-05,2.281513e-04
17.12890625,17.1328125,0.00390625,2.487481e-04,2.649287e-05,2.222553e-04
17.1328125,17.13671875,0.00390625,2.429819e-04,2.649287e-05,2.164890e-04
17.13671875,17.140625,0.00390625,2.373428e-04,2.649287e-05,2.108500e-04
17.140625,17.14453125,0.00390625,2.318284e-04,2.649287e-05,2.053355e-04
17.14453125,17.1484375,0.00390625,2.264361e-04,2.649287e-05,1.999432e-04
17.1484375,17.15234375,0.00390625,2.211633e-04,2.649287e-05,1.946705e-04
17.15234375,17.15625,0.00390625,2.160078e-04,2.649287e-05,1.895149e-04
17.15625,17.16015625,0.00390625,2.109670e-04,2.649287e-05,1.844741e-04
17.16015625,17.1640625,0.00390625,2.060386e-04,2.649287e-05,1.795457e-04
17.1640625,17.16796875,0.00390625,2.012204e-04,2.649287e-05,1.747275e-04
17.16796875,17.171875,0.00390625,1.965100e-04,2.649287e-05,1.700171e-04
17.171875,17.17578125,0.00390625,1.919053e-04,2.649287e-05,1.654124e-04
17.17578125,17.1796875,0.00390625,1.874041e-04,2.649287e-05,1.609112e-04
17.1796875,17.18359375,0.00390625,1.830042e-04,2.649287e-05,1.565114e-04
17.18359375,17.1875,0.00390625,1.787037e-04,2.649287e-05,1.522108e-04
17.1875,17.19140625,0.00390625,1.745004e-04,2.649287e-05,1.480075e-04
17.19140625,17.1953125,0.00390625,1.703924e-04,2.649287e-05,1.438995e-04
17.1953125,17.19921875,0.00390625,1.663776e-04,2.649287e-05,1.398847e-04
17.19921875,17.203125,0.00390625,1.624542e-04,2.649287e-05,1.359613e-04
17.203125,17.20703125,0.00390625,1.586203e-04,2.649287e-05,1.321274e-04
17.20703125,17.2109375,0.00390625,1.548740e-04,2.649287e-05,1.283811e-04
17.2109375,17.21484375,0.00390625,1.512135e-04,2.649287e-05,1.247207e-04
17.21484375,17.21875,0.00390625,1.476371e-04,2.649287e-05,1.211442e-04
17.21875,17.22265625,0.00390625,1.441430e-04,2.649287e-05,1.176501e-04
17.22265625,17.2265625,0.00390625,1.407295e-04,2.649287e-05,1.142366e-04
17.2265625,17.23046875,0.00390625,1.373949e-04,2.649287e-05,1.109021e-04
17.23046875,17.234375,0.00390625,1.341377e-04,2.649287e-05,1.076448e-04
17.234375,17.23828125,0.00390625,1.309562e-04,2.649287e-05,1.044633e-04
17.23828125,17.2421875,0.00390625,1.278488e-04,2.649287e-05,1.013559e-04
17.2421875,17.24609375,0.00390625,1.248140e-04,2.649287e-05,9.832112e-05
17.24609375,17.25,0.00390625,1.218503e-04,2.649287e-05,9.535744e-05
17.25,17.25390625,0.00390625,1.189563e-04,2.649287e-05,9.246339e-05
17.25390625,17.2578125,0.00390625,1.161304e-04,2.649287e-05,8.963754e-05
17.2578125,17.26171875,0.00390625,1.133713e-04,2.649287e-05,8.687847e-05
17.26171875,17.265625,0.00390625,1.106777e-04,2.649287e-05,8.418480e-05
17.265625,17.26953125,0.00390625,1.080480e-04,2.649287e-05,8.155517e-05
17.26953125,17.2734375,0.00390625,1.054811e-04,2.649287e-05,7.898827e-05
17.2734375,17.27734375,0.00390625,1.029757e-04,2.649287e-05,7.648280e-05
17.27734375,17.28125,0.00390625,1.005304e-04,2.649287e-05,7.403750e-05
17.28125,17.28515625,0.00390625,9.814398e-05,2.649287e-05,7.165111e-05
17.28515625,17.2890625,0.00390625,9.581530e-05,2.649287e-05,6.932244e-05
17.2890625,17.29296875,0.00390625,9.354315e-05,2.649287e-05,6.705028e-05
17.29296875,17.296875,0.00390625,9.132635e-05,2.649287e-05,6.483349e-05
17.296875,17.30078125,0.00390625,8.916378e-05,2.649287e-05,6.267092e-05
17.30078125,17.3046875,0.00390625,8.705433e-05,2.649287e-05,6.056146e-05
17.3046875,17.30859375,0.00390625,8.499690e-05,2.649287e-05,5.850403e-05
17.30859375,17.3125,0.00390625,8.299044e-05,2.649287e-05,5.649757e-05
17.3125,17.31640625,0.00390625,8.103390e-05,2.649287e-05,5.454103e-05
17.31640625,17.3203125,0.00390625,7.912628e-05,2.649287e-05,5.263341e-05
17.3203125,17.32421875,0.00390625,7.726657e-05,2.649287e-05,5.077371e-05
17.32421875,17.328125,0.00390625,7.545382e-05,2.649287e-05,4.896095e-05
17.328125,17.33203125,0.00390625,7.368707e-05,2.649287e-05,4.719420e-05
17.33203125,17.3359375,0.00390625,7.196540e-05,2.649287e-05,4.547253e-05
17.3359375,17.33984375,0.00390625,7.028790e-05,2.649287e-05,4.379504e-05
17.33984375,17.34375,0.00390625,6.865370e-05,2.649287e-05,4.216084e-05
17.34375,17.34765625,0.00390625,6.706193e-05,2.649287e-05,4.056906e-05
17.34765625,17.3515625,0.00390625,6.551175e-05,2.649287e-05,3.901888e-05
17.3515625,17.35546875,0.00390625,6.400233e-05,2.649287e-05,3.750947e-05
17.35546875,17.359375,0.00390625,6.253289e-05,2.649287e-05,3.604002e-05
17.359375,17.36328125,0.00390625,6.110263e-05,2.649287e-05,3.460976e-05
17.36328125,17.3671875,0.00390625,5.971079e-05,2.649287e-05,3.321793e-05
17.3671875,17.37109375,0.00390625,5.835663e-05,2.649287e-05,3.186377e-05
17.37109375,17.375,0.00390625,5.703943e-05,2.649287e-05,3.054656e-05
17.375,17.37890625,0.00390625,5.575848e-05,2.649287e-05,2.926561e-05
17.37890625,17.3828125,0.00390625,5.451308e-05,2.649287e-05,2.802021e-05
17.3828125,17.38671875,0.00390625,5.330257e-05,2.649287e-05,2.680971e-05
17.38671875,17.390625,0.00390625,5.212630e-05,2.649287e-05,2.563343e-05
17.390625,17.39453125,0.00390625,5.098363e-05,2.649287e-05,2.449076e-05
17.39453125,17.3984375,0.00390625,4.987393e-05,2.649287e-05,2.338107e-05
17.3984375,17.40234375,0.00390625,4.879662e-05,2.649287e-05,2.230375e-05
17.40234375,17.40625,0.00390625,4.775109e-05,2.649287e-05,2.125822e-05
17.40625,17.41015625,0.00390625,4.673679e-05,2.649287e-05,2.024392e-05
17.41015625,17.4140625,0.00390625,4.575315e-05,2.649287e-05,1.926028e-05
17.4140625,17.41796875,0.00390625,4.479964e-05,2.649287e-05,1.830678e-05
17.41796875,17.421875,0.00390625,4.387574e-05,2.649287e-05,1.738288e-05
17.421875,17.42578125,0.00390625,4.298094e-05,2.649287e-05,1.648808e-05
17.42578125,17.4296875,0.00390625,4.211475e-05,2.649287e-05,1.562189e-05
17.4296875,17.43359375,0.00390625,4.127669e-05,2.649287e-05,1.478383e-05
17.43359375,17.4375,0.00390625,4.046630e-05,2.649287e-05,1.397344e-05
17.4375,17.44140625,0.00390625,3.968313e-05,2.649287e-05,1.319027e-05
17.44140625,17.4453125,0.00390625,3.892675e-05,2.649287e-05,1.243389e-05
17.4453125,17.44921875,0.00390625,3.819674e-05,2.649287e-05,1.170387e-05
17.44921875,17.453125,0.00390625,3.749269e-05,2.649287e-05,1.099982e-05
17.453125,17.45703125,0.00390625,3.681421e-05,2.649287e-05,1.032135e-05
17.45703125,17.4609375,0.00390625,3.616093e-05,2.649287e-05,9.668066e-06
17.4609375,17.46484375,0.00390625,3.553248e-05,2.649287e-05,9.039615e-06
17.46484375,17.46875,0.00390625,3.492851e-05,2.649287e-05,8.435644e-06
17.46875,17.47265625,0.00390625,3.434868e-05,2.649287e-05,7.855815e-06
17.47265625,17.4765625,0.00390625,3.379267e-05,2.649287e-05,7.299804e-06
17.4765625,17.48046875,0.00390625,3.326017e-05,2.649287e-05,6.767299e-06
17.48046875,17.484375,0.00390625,3.275087e-05,2.649287e-05,6.258002e-06
17.484375,17.48828125,0.00390625,3.226449e-05,2.649287e-05,5.771627e-06
17.48828125,17.4921875,0.00390625,3.180077e-05,2.649287e-05,5.307900e-06
17.4921875,17.49609375,0.00390625,3.135943e-05,2.649287e-05,4.866560e-06
17.49609375,17.5,0.00390625,3.094022e-05,2.649287e-05,4.447359e-06
17.5,17.50390625,0.00390625,3.054293e-05,2.649287e-05,4.050060e-06
17.50390625,17.5078125,0.00390625,3.016730e-05,2.649287e-05,3.674438e-06
17.5078125,17.51171875,0.00390625,2.981315e-05,2.649287e-05,3.320282e-06
17.51171875,17.515625,0.00390625,2.948026e-05,2.649287e-05,2.987391e-06
17.515625,17.51953125,0.00390625,2.916844e-05,2.649287e-05,2.675576e-06
17.51953125,17.5234375,0.00390625,2.887753e-05,2.649287e-05,2.384662e-06
17.5234375,17.52734375,0.00390625,2.860735e-05,2.649287e-05,2.114482e-06
17.52734375,17.53125,0.00390625,2.835775e-05,2.649287e-05,1.864884e-06
17.53125,17.53515625,0.00390625,2.812859e-05,2.649287e-05,1.635725e-06
17.53515625,17.5390625,0.00390625,2.791974e-05,2.649287e-05,1.426877e-06
17.5390625,17.54296875,0.00390625,2.773108e-05,2.649287e-05,1.238218e-06
17.54296875,17.546875,0.00390625,2.756251e-05,2.649287e-05,1.069643e-06
17.546875,17.55078125,0.00390625,2.741392e-05,2.649287e-05,9.210555e-07
17.55078125,17.5546875,0.00390625,2.728524e-05,2.649287e-05,7.923700e-07
17.5546875,17.55859375,0.00390625,2.717638e-05,2.649287e-05,6.835133e-07
17.55859375,17.5625,0.00390625,2.708729e-05,2.649287e-05,5.944233e-07
17.5625,17.56640625,0.00390625,2.701791e-05,2.649287e-05,5.250489e-07
17.56640625,17.5703125,0.00390625,2.696822e-05,2.649287e-05,4.753503e-07
17.5703125,17.57421875,0.00390625,2.693816e-05,2.649287e-05,4.452988e-07
17.57421875,17.578125,0.00390625,2.692774e-05,2.649287e-05,4.348770e-07
17.578125,17.58203125,0.00390625,2.692774e-05,2.649287e-05,4.348770e-07
17.58203125,17.5859375,0.00390625,2.693694e-05,2.649287e-05,4.440785e-07
17.5859375,17.58984375,0.00390625,2.696577e-05,2.649287e-05,4.729081e-07
17.58984375,17.59375,0.00390625,2.701425e-05,2.649287e-05,5.213820e-07
17.59375,17.59765625,0.00390625,2.708239e-05,2.649287e-05,5.895271e-07
17.59765625,17.6015625,0.00390625,2.717025e-05,2.649287e-05,6.773820e-07
17.6015625,17.60546875,0.00390625,2.727786e-05,2.649287e-05,7.849961e-07
17.60546875,17.609375,0.00390625,2.740530e-05,2.649287e-05,9.124301e-07
17.609375,17.61328125,0.00390625,2.755262e-05,2.649287e-05,1.059756e-06
17.61328125,17.6171875,0.00390625,2.771992e-05,2.649287e-05,1.227057e-06
17.6171875,17.62109375,0.00390625,2.790729e-05,2.649287e-05,1.414428e-06
17.62109375,17.625,0.00390625,2.811484e-05,2.649287e-05,1.621975e-06
17.625,17.62890625,0.00390625,2.834268e-05,2.649287e-05,1.849815e-06
17.62890625,17.6328125,0.00390625,2.859094e-05,2.649287e-05,2.098077e-06
17.6328125,17.63671875,0.00390625,2.885977e-05,2.649287e-05,2.366901e-06
17.63671875,17.640625,0.00390625,2.914930e-05,2.649287e-05,2.656438e-06
17.640625,17.64453125,0.00390625,2.945972e-05,2.649287e-05,2.966853e-06
17.64453125,17.6484375,0.00390625,2.979119e-05,2.649287e-05,3.298321e-06
17.6484375,17.65234375,0.00390625,3.014389e-05,2.649287e-05,3.651028e-06
17.65234375,17.65625,0.00390625,3.051804e-05,2.649287e-05,4.025173e-06
17.65625,17.66015625,0.00390625,3.091383e-05,2.649287e-05,4.420967e-06
17.66015625,17.6640625,0.00390625,3.133150e-05,2.649287e-05,4.838633e-06
17.6640625,17.66796875,0.00390625,3.177127e-05,2.649287e-05,5.278405e-06
17.66796875,17.671875,0.00390625,3.223340e-05,2.649287e-05,5.740531e-06
17.671875,17.67578125,0.00390625,3.271814e-05,2.649287e-05,6.225269e-06
17.67578125,17.6796875,0.00390625,3.322576e-05,2.649287e-05,6.732893e-06
17.6796875,17.68359375,0.00390625,3.375655e-05,2.649287e-05,7.263685e-06
17.68359375,17.6875,0.00390625,3.431081e-05,2.649287e-05,7.817943e-06
17.6875,17.69140625,0.00390625,3.488884e-05,2.649287e-05,8.395977e-06
17.69140625,17.6953125,0.00390625,3.549098e-05,2.649287e-05,8.998110e-06
17.6953125,17.69921875,0.00390625,3.611754e-05,2.649287e-05,9.624678e-06
17.69921875,17.703125,0.00390625,3.676889e-05,2.649287e-05,1.027603e-05
17.703125,17.70703125,0.00390625,3.744539e-05,2.649287e-05,1.095252e-05
17.70703125,17.7109375,0.00390625,3.814741e-05,2.649287e-05,1.165454e-05
17.7109375,17.71484375,0.00390625,3.887534e-05,2.649287e-05,1.238247e-05
17.71484375,17.71875,0.00390625,3.962958e-05,2.649287e-05,1.313672e-05
17.71875,17.72265625,0.00390625,4.041056e-05,2.649287e-05,1.391769e-05
17.72265625,17.7265625,0.00390625,4.121870e-05,2.649287e-05,1.472583e-05
17.7265625,17.73046875,0.00390625,4.205444e-05,2.649287e-05,1.556158e-05
17.73046875,17.734375,0.00390625,4.291826e-05,2.649287e-05,1.642539e-05
17.734375,17.73828125,0.00390625,4.381062e-05,2.649287e-05,1.731776e-05
17.73828125,17.7421875,0.00390625,4.473202e-05,2.649287e-05,1.823915e-05
17.7421875,17.74609375,0.00390625,4.568295e-05,2.649287e-05,1.919009e-05
17.74609375,17.75,0.00390625,4.666395e-05,2.649287e-05,2.017108e-05
17.75,17.75390625,0.00390625,4.767554e-05,2.649287e-05,2.118267e-05
17.75390625,17.7578125,0.00390625,4.871827e-05,2.649287e-05,2.222541e-05
17.7578125,17.76171875,0.00390625,4.979273e-05,2.649287e-05,2.329986e-05
17.76171875,17.765625,0.00390625,5.089948e-05,2.649287e-05,2.440661e-05
17.765625,17.76953125,0.00390625,5.203913e-05,2.649287e-05,2.554626e-05
17.76953125,17.7734375,0.00390625,5.321229e-05,2.649287e-05,2.671943e-05
17.7734375,17.77734375,0.00390625,5.441961e-05,2.649287e-05,2.792675e-05
17.77734375,17.78125,0.00390625,5.566173e-05,2.649287e-05,2.916886e-05
17.78125,17.78515625,0.00390625,5.693932e-05,2.649287e-05,3.044645e-05
17.78515625,17.7890625,0.00390625,5.825306e-05,2.649287e-05,3.176019e-05
17.7890625,17.79296875,0.00390625,5.960366e-05,2.649287e-05,3.311080e-05
17.79296875,17.796875,0.00390625,6.099185e-05,2.649287e-05,3.449898e-05
17.796875,17.80078125,0.00390625,6.241836e-05,2.649287e-05,3.592549e-05
17.80078125,17.8046875,0.00390625,6.388395e-05,2.649287e-05,3.739109e-05
17.8046875,17.80859375,0.00390625,6.538941e-05,2.649287e-05,3.889654e-05
17.80859375,17.8125,0.00390625,6.693553e-05,2.649287e-05,4.044266e-05
17.8125,17.81640625,0.00390625,6.852313e-05,2.649287e-05,4.203026e-05
17.81640625,17.8203125,0.00390625,7.015304e-05,2.649287e-05,4.366018e-05
17.8203125,17.82421875,0.00390625,7.182614e-05,2.649287e-05,4.533327e-05
17.82421875,17.828125,0.00390625,7.354329e-05,2.649287e-05,4.705043e-05
17.828125,17.83203125,0.00390625,7.530540e-05,2.649287e-05,4.881254e-05
17.83203125,17.8359375,0.00390625,7.711340e-05,2.649287e-05,5.062053e-05
17.8359375,17.83984375,0.00390625,7.896821e-05,2.649287e-05,5.247535e-05
17.83984375,17.84375,0.00390625,8.087082e-05,2.649287e-05,5.437796e-05
17.84375,17.84765625,0.00390625,8.282221e-05,2.649287e-05,5.632934e-05
17.84765625,17.8515625,0.00390625,8.482339e-05,2.649287e-05,5.833052e-05
17.8515625,17.85546875,0.00390625,8.687540e-05,2.649287e-05,6.038253e-05
17.85546875,17.859375,0.00390625,8.897929e-05,2.649287e-05,6.248642e-05
17.859375,17.86328125,0.00390625,9.113615e-05,2.649287e-05,6.464329e-05
17.86328125,17.8671875,0.00390625,9.334709e-05,2.649287e-05,6.685422e-05
17.8671875,17.87109375,0.00390625,9.561324e-05,2.649287e-05,6.912037e-05
17.87109375,17.875,0.00390625,9.793575e-05,2.649287e-05,7.144289e-05
17.875,17.87890625,0.00390625,1.003158e-04,2.649287e-05,7.382295e-05
17.87890625,17.8828125,0.00390625,1.027546e-04,2.649287e-05,7.626178e-05
17.8828125,17.88671875,0.00390625,1.052535e-04,2.649287e-05,7.876060e-05
17.88671875,17.890625,0.00390625,1.078136e-04,2.649287e-05,8.132069e-05
17.890625,17.89453125,0.00390625,1.104362e-04,2.649287e-05,8.394333e-05
17.89453125,17.8984375,0.00390625,1.131227e-04,2.649287e-05,8.662984e-05
17.8984375,17.90234375,0.00390625,1.158744e-04,2.649287e-05,8.938157e-05
17.90234375,17.90625,0.00390625,1.186928e-04,2.649287e-05,9.219990e-05
17.90625,17.91015625,0.00390625,1.215791e-04,2.649287e-05,9.508623e-05
17.91015625,17.9140625,0.00390625,1.245349e-04,2.649287e-05,9.804200e-05
17.9140625,17.91796875,0.00390625,1.275616e-04,2.649287e-05,1.010687e-04
17.91796875,17.921875,0.00390625,1.306606e-04,2.649287e-05,1.041678e-04
17.921875,17.92578125,0.00390625,1.338337e-04,2.649287e-05,1.073408e-04
17.92578125,17.9296875,0.00390625,1.370822e-04,2.649287e-05,1.105893e-04
17.9296875,17.93359375,0.00390625,1.404078e-04,2.649287e-05,1.139150e-04
17.93359375,17.9375,0.00390625,1.438122e-04,2.649287e-05,1.173193e-04
17.9375,17.94140625,0.00390625,1.472969e-04,2.649287e-05,1.208041e-04
17.94140625,17.9453125,0.00390625,1.508638e-04,2.649287e-05,1.243709e-04
17.9453125,17.94921875,0.00390625,1.545144e-04,2.649287e-05,1.280216e-04
17.94921875,17.953125,0.00390625,1.582507e-04,2.649287e-05,1.317578e-04
17.953125,17.95703125,0.00390625,1.620743e-04,2.649287e-05,1.355814e-04
17.95703125,17.9609375,0.00390625,1.659871e-04,2.649287e-05,1.394943e-04
17.9609375,17.96484375,0.00390625,1.699911e-04,2.649287e-05,1.434983e-04
17.96484375,17.96875,0.00390625,1.740881e-04,2.649287e-05,1.475953e-04
17.96875,17.97265625,0.00390625,1.782801e-04,2.649287e-05,1.517872e-04
17.97265625,17.9765625,0.00390625,1.825691e-04,2.649287e-05,1.560762e-04
17.9765625,17.98046875,0.00390625,1.869571e-04,2.649287e-05,1.604642e-04
17.98046875,17.984375,0.00390625,1.914462e-04,2.649287e-05,1.649533e-04
17.984375,17.98828125,0.00390625,1.960385e-04,2.649287e-05,1.695456e-04
17.98828125,17.9921875,0.00390625,2.007361e-04,2.649287e-05,1.742433e-04
17.9921875,17.99609375,0.00390625,2.055414e-04,2.649287e-05,1.790485e-04
17.99609375,18,0.00390625,2.104565e-04,2.649287e-05,1.839636e-04
18,18.00390625,0.00390625,2.154837e-04,2.649287e-05,1.889908e-04
18.00390625,18.0078125,0.00390625,2.206254e-04,2.649287e-05,1.941325e-04
18.0078125,18.01171875,0.00390625,2.258839e-04,2.649287e-05,1.993910e-04
18.01171875,18.015625,0.00390625,2.312617e-04,2.649287e-05,2.047688e-04
18.015625,18.01953125,0.00390625,2.367612e-04,2.649287e-05,2.102684e-04
18.01953125,18.0234375,0.00390625,2.423851e-04,2.649287e-05,2.158922e-04
18.0234375,18.02734375,0.00390625,2.481358e-04,2.649287e-05,2.216429e-04
18.02734375,18.03125,0.00390625,2.540160e-04,2.649287e-05,2.275231e-04
18.03125,18.03515625,0.00390625,2.600283e-04,2.649287e-05,2.335354e-04
18.03515625,18.0390625,0.00390625,2.661755e-04,2.649287e-05,2.396827e-04
18.0390625,18.04296875,0.00390625,2.724605e-04,2.649287e-05,2.459676e-04
18.04296875,18.046875,0.00390625,2.788859e-04,2.649287e-05,2.523930e-04
18.046875,18.05078125,0.00390625,2.854548e-04,2.649287e-05,2.589619e-04
18.05078125,18.0546875,0.00390625,2.921700e-04,2.649287e-05,2.656771e-04
18.0546875,18.05859375,0.00390625,2.990345e-04,2.649287e-05,2.725416e-04
18.05859375,18.0625,0.00390625,3.060515e-04,2.649287e-05,2.795586e-04
18.0625,18.06640625,0.00390625,3.132240e-04,2.649287e-05,2.867311e-04
18.06640625,18.0703125,0.00390625,3.205552e-04,2.649287e-05,2.940623e-04
18.0703125,18.07421875,0.00390625,3.280484e-04,2.649287e-05,3.015555e-04
18.07421875,18.078125,0.00390625,3.357068e-04,2.649287e-05,3.092139e-04
18.078125,18.08203125,0.00390625,3.435338e-04,2.649287e-05,3.170409e-04
18.08203125,18.0859375,0.00390625,3.515329e-04,2.649287e-05,3.250400e-04
18.0859375,18.08984375,0.00390625,3.597074e-04,2.649287e-05,3.332146e-04
18.08984375,18.09375,0.00390625,3.680611e-04,2.649287e-05,3.415682e-04
18.09375,18.09765625,0.00390625,3.765974e-04,2.649287e-05,3.501046e-04
18.09765625,18.1015625,0.00390625,3.853202e-04,2.649287e-05,3.588273e-04
18.1015625,18.10546875,0.00390625,3.942330e-04,2.649287e-05,3.677402e-04
18.10546875,18.109375,0.00390625,4.033399e-04,2.649287e-05,3.768470e-04
18.109375,18.11328125,0.00390625,4.126446e-04,2.649287e-05,3.861517e-04
18.11328125,18.1171875,0.00390625,4.221511e-04,2.649287e-05,3.956583e-04
18.1171875,18.12109375,0.00390625,4.318635e-04,2.649287e-05,4.053707e-04
18.12109375,18.125,0.00390625,4.417859e-04,2.649287e-05,4.152931e-04
18.125,18.12890625,0.00390625,4.519225e-04,2.649287e-05,4.254296e-04
18.12890625,18.1328125,0.00390625,4.622775e-04,2.649287e-05,4.357847e-04
18.1328125,18.13671875,0.00390625,4.728553e-04,2.649287e-05,4.463625e-04
18.13671875,18.140625,0.00390625,4.836604e-04,2.649287e-05,4.571675e-04
18.140625,18.14453125,0.00390625,4.946971e-04,2.649287e-05,4.682043e-04
18.14453125,18.1484375,0.00390625,5.059702e-04,2.649287e-05,4.794773e-04
18.1484375,18.15234375,0.00390625,5.174842e-04,2.649287e-05,4.909914e-04
18.15234375,18.15625,0.00390625,5.292440e-04,2.649287e-05,5.027512e-04
18.15625,18.16015625,0.00390625,5.412544e-04,2.649287e-05,5.147615e-04
18.16015625,18.1640625,0.00390625,5.535202e-04,2.649287e-05,5.270274e-04
18.1640625,18.16796875,0.00390625,5.660466e-04,2.649287e-05,5.395537e-04
18.16796875,18.171875,0.00390625,5.788385e-04,2.649287e-05,5.523457e-04
18.171875,18.17578125,0.00390625,5.919013e-04,2.649287e-05,5.654085e-04
18.17578125,18.1796875,0.00390625,6.052402e-04,2.649287e-05,5.787473e-04
18.1796875,18.18359375,0.00390625,6.188606e-04,2.649287e-05,5.923677e-04
18.18359375,18.1875,0.00390625,6.327679e-04,2.649287e-05,6.062750e-04
18.1875,18.19140625,0.00390625,6.469677e-04,2.649287e-05,6.204748e-04
18.19140625,18.1953125,0.00390625,6.614657e-04,2.649287e-05,6.349729e-04
18.1953125,18.19921875,0.00390625,6.762677e-04,2.649287e-05,6.497749e-04
18.19921875,18.203125,0.00390625,6.913796e-04,2.649287e-05,6.648867e-04
18.203125,18.20703125,0.00390625,7.068072e-04,2.649287e-05,6.803144e-04
18.20703125,18.2109375,0.00390625,7.225568e-04,2.649287e-05,6.960639e-04
18.2109375,18.21484375,0.00390625,7.386344e-04,2.649287e-05,7.121415e-04
18.21484375,18.21875,0.00390625,7.550463e-04,2.649287e-05,7.285535e-04
18.21875,18.22265625,0.00390625,7.717991e-04,2.649287e-05,7.453062e-04
18.22265625,18.2265625,0.00390625,7.888991e-04,2.649287e-05,7.624062e-04
18.2265625,18.23046875,0.00390625,8.063530e-04,2.649287e-05,7.798601e-04
18.23046875,18.234375,0.00390625,8.241675e-04,2.649287e-05,7.976747e-04
18.234375,18.23828125,0.00390625,8.423495e-04,2.649287e-05,8.158567e-04
18.23828125,18.2421875,0.00390625,8.609060e-04,2.649287e-05,8.344132e-04
18.2421875,18.24609375,0.00390625,8.798441e-04,2.649287e-05,8.533512e-04
18.24609375,18.25,0.00390625,8.991708e-04,2.649287e-05,8.726780e-04
18.25,18.25390625,0.00390625,9.188937e-04,2.649287e-05,8.924008e-04
18.25390625,18.2578125,0.00390625,9.390201e-04,2.649287e-05,9.125272e-04
18.2578125,18.26171875,0.00390625,9.595576e-04,2.649287e-05,9.330648e-04
18.26171875,18.265625,0.00390625,9.805140e-04,2.649287e-05,9.540211e-04
18.265625,18.26953125,0.00390625,1.001897e-03,2.649287e-05,9.754042e-04
18.26953125,18.2734375,0.00390625,1.023715e-03,2.649287e-05,9.972218e-04
18.2734375,18.27734375,0.00390625,1.045975e-03,2.649287e-05,1.019482e-03
18.27734375,18.28125,0.00390625,1.068687e-03,2.649287e-05,1.042194e-03
18.28125,18.28515625,0.00390625,1.091857e-03,2.649287e-05,1.065364e-03
18.28515625,18.2890625,0.00390625,1.115496e-03,2.649287e-05,1.089003e-03
18.2890625,18.29296875,0.00390625,1.139611e-03,2.649287e-05,1.113118e-03
18.29296875,18.296875,0.00390625,1.164212e-03,2.649287e-05,1.137719e-03
18.296875,18.30078125,0.00390625,1.189306e-03,2.649287e-05,1.162814e-03
18.30078125,18.3046875,0.00390625,1.214905e-03,2.649287e-05,1.188412e-03
18.3046875,18.30859375,0.00390625,1.241015e-03,2.649287e-05,1.214523e-03
18.30859375,18.3125,0.00390625,1.267648e-03,2.649287e-05,1.241155e-03
18.3125,18.31640625,0.00390625,1.294813e-03,2.649287e-05,1.268320e-03
18.31640625,18.3203125,0.00390625,1.322518e-03,2.649287e-05,1.296025e-03
18.3203125,18.32421875,0.00390625,1.350775e-03,2.649287e-05,1.324282e-03
18.32421875,18.328125,0.00390625,1.379593e-03,2.649287e-05,1.353100e-03
18.328125,18.33203125,0.00390625,1.408982e-03,2.649287e-05,1.382489e-03
18.33203125,18.3359375,0.00390625,1.438953e-03,2.649287e-05,1.412460e-03
18.3359375,18.33984375,0.00390625,1.469516e-03,2.649287e-05,1.443023e-03
18.33984375,18.34375,0.00390625,1.500682e-03,2.649287e-05,1.474189e-03
18.34375,18.34765625,0.00390625,1.532461e-03,2.649287e-05,1.505968e-03
18.34765625,18.3515625,0.00390625,1.564866e-03,2.649287e-05,1.538373e-03
18.3515625,18.35546875,0.00390625,1.597906e-03,2.649287e-05,1.571413e-03
18.35546875,18.359375,0.00390625,1.631593e-03,2.649287e-05,1.605100e-03
18.359375,18.36328125,0.00390625,1.665940e-03,2.649287e-05,1.639447e-03
18.36328125,18.3671875,0.00390625,1.700957e-03,2.649287e-05,1.674464e-03
18.3671875,18.37109375,0.00390625,1.736656e-03,2.649287e-05,1.710163e-03
18.37109375,18.375,0.00390625,1.773050e-03,2.649287e-05,1.746557e-03
# Theorem A (mpmath.iv, separate certificate): Q(t) > 0 for all t >= 1736.452
# Union of rows proven (exact rational arithmetic) to cover [11, 1737] with no gaps.
